package main

const background565 = "" +
	"\x2E\x5C\x2E\x5C\x36\x7C\x46\x7C\x4E\x7C\x4E\x7C\x4E\x9C\x4E\x7C\x4E\x9C\x56\x9C\x56\x9C\x56\x9C\x56\x9C\x56\x9C\x56\x9C\x56\x9C" +
	"\x56\x9C\x4E\x7C\x4E\x7C\x46\x7C\x46\x7C\x3E\x7C\x36\x7C\x36\x7C\x3E\x7C\x3E\x7C\x3E\x7C\x4E\x9C\x5E\x9C\x5E\x9C\x5E\x9C\x56\x9C" +
	"\x56\x9C\x5E\x9C\x5E\x9C\x56\x9C\x56\x9C\x56\x9C\x56\x9C\x56\x9C\x56\x9C\x56\x9C\x56\x9C\x56\x9C\x4E\x7B\x4E\x9C\x4E\x9C\x4E\x9B" +
	"\x4E\x9B\x56\x9C\x56\x9C\x56\x9C\x56\x9C\x56\x9C\x56\x9C\x4E\x9B\x4E\x9C\x4E\x9B\x4E\x7B\x4E\x7B\x4E\x7B\x4E\x9B\x4E\x7B\x4E\x7B" +
	"\x4E\x7B\x4E\x7B\x4E\x7B\x4E\x9B\x4E\x7B\x4E\x7B\x4E\x7B\x4E\x7B\x4E\x7B\x4E\x7B\x4E\x7B\x4E\x7B\x4E\x7B\x46\x7B\x4E\x9B\x4E\x7B" +
	"\x4E\x7B\x4E\x7B\x4E\x7B\x4E\x7B\x4E\x7B\x46\x7B\x46\x7B\x46\x7B\x46\x7B\x46\x7B\x46\x7B\x46\x7B\x46\x7B\x46\x7B\x46\x7B\x46\x7B" +
	"\x46\x7B\x46\x7A\x46\x7A\x46\x7A\x46\x7B\x46\x7A\x3E\x7A\x3E\x5A\x3E\x5A\x3E\x5A\x3E\x5A\x3E\x5A\x3E\x5A\x3E\x5A\x3E\x5A\x3E\x5A" +
	"\x3E\x5A\x3E\x5A\x3E\x5A\x3E\x5A\x3E\x5A\x3E\x5A\x3E\x5A\x3E\x5A\x3E\x5A\x3E\x5A\x3E\x5A\x3E\x5A\x3E\x5A\x3E\x5A\x3E\x5A\x3E\x5A" +
	"\x3E\x5A\x3E\x5A\x3E\x7A\x3E\x7A\x3E\x7A\x3E\x7A\x3E\x7A\x3E\x7A\x3E\x7A\x3E\x7A\x3E\x7A\x3E\x7A\x3E\x7A\x3E\x7A\x3E\x7A\x3E\x7A" +
	"\x3E\x7A\x3E\x7A\x3E\x7A\x3E\x7A\x3E\x7A\x3E\x7A\x3E\x7A\x3E\x7A\x3E\x7A\x3E\x7A\x3E\x7A\x3E\x7A\x3E\x7A\x3E\x7A\x3E\x7A\x3E\x7A" +
	"\x46\x7A\x46\x7A\x4E\x7A\x4E\x7A\x56\x9B\x5E\x9B\x5E\x9B\x5E\xBB\x5E\xBB\x66\xBB\x66\xBB\x66\xBB\x66\xBB\x66\xBB\x66\xBB\x66\xBB" +
	"\x66\xBB\x6E\xDB\x76\xDB\x7E\xFC\x86\xFC\x86\xFC\x86\xFC\x8F\x1C\x97\x3D\x9F\x5D\x9F\x5D\xA7\x5D\xA7\x5D\xAF\x5D\xAF\x5D\xA7\x5D" +
	"\xA7\x5D\xA7\x5D\xA7\x5D\xB7\x7D\xB7\x7D\xC7\x9E\xC7\x9E\xBF\x9D\xC7\x9E\xCF\x9E\xD7\x9E\xDF\x9E\xDF\x9E\xE7\x9E\xE7\x9E\xE7\xBE" +
	"\xE7\xBE\xE7\xBE\xE7\xBE\xEF\xBE\xEF\xBE\xEF\xBE\xEF\xBE\xEF\xBE\xE7\xBE\xE7\xBE\xE7\xBE\xE7\x9E\xE7\x9E\xE7\x9E\xE7\xBE\xE7\xBE" +
	"\xE7\xBE\xEF\xBE\xEF\xBE\xEF\xBE\xE7\xBE\xE7\xBE\xEF\xBE\xE7\xBE\xE7\xBE\xE7\xBE\xE7\xBE\xE7\xBE\xE7\xBE\xE7\xBE\xE7\xBE\xE7\xBE" +
	"\x46\x7C\x46\x7C\x46\x7C\x46\x7C\x46\x7C\x4E\x7C\x4E\x7C\x4E\x7C\x4E\x7C\x56\x9C\x56\x9C\x56\x9C\x56\x9C\x56\x9C\x56\x9C\x56\x9C" +
	"\x56\x9C\x4E\x9C\x4E\x9C\x46\x7C\x3E\x7C\x36\x7C\x36\x7C\x36\x5C\x3E\x7C\x46\x7C\x4E\x9C\x56\x9C\x5E\x9C\x5E\xBC\x5E\x9C\x5E\xBC" +
	"\x5E\x9C\x5E\x9C\x5E\xBC\x5E\xBC\x5E\x9C\x56\x9C\x56\x9C\x56\x9C\x5E\x9C\x5E\x9C\x56\x9C\x56\x9C\x56\x9B\x4E\x9C\x4E\x9C\x56\x9B" +
	"\x56\x9B\x56\x9C\x56\x9C\x56\x9C\x56\x9C\x56\x9C\x56\x9C\x56\x9C\x56\x9C\x4E\x9B\x4E\x9B\x4E\x9B\x4E\x7B\x4E\x7B\x4E\x9B\x4E\x9B" +
	"\x4E\x7B\x4E\x7B\x4E\x7B\x4E\x9B\x4E\x7B\x4E\x7B\x4E\x7B\x4E\x9B\x4E\x7B\x4E\x7B\x4E\x7B\x4E\x7B\x4E\x9B\x4E\x9B\x4E\x9B\x4E\x7B" +
	"\x4E\x7B\x4E\x7B\x4E\x7B\x4E\x7B\x4E\x7B\x46\x7B\x46\x7B\x4E\x7B\x46\x7B\x46\x7B\x46\x7B\x46\x7B\x46\x7B\x46\x7B\x46\x7B\x46\x7B" +
	"\x46\x7B\x46\x7A\x46\x7A\x46\x7A\x46\x7A\x3E\x7A\x3E\x5A\x3E\x5A\x3E\x5A\x3E\x5A\x3E\x5A\x3E\x5A\x3E\x5A\x3E\x5A\x3E\x5A\x3E\x5A" +
	"\x3E\x5A\x3E\x5A\x3E\x5A\x3E\x5A\x3E\x5A\x3E\x5A\x3E\x5A\x3E\x5A\x3E\x5A\x3E\x5A\x3E\x5A\x3E\x5A\x3E\x5A\x3E\x5A\x3E\x5A\x3E\x5A" +
	"\x3E\x5A\x3E\x5A\x3E\x7A\x3E\x7A\x3E\x7A\x3E\x7A\x3E\x7A\x3E\x7A\x3E\x7A\x3E\x7A\x3E\x7A\x3E\x7A\x3E\x7A\x46\x7A\x46\x7A\x3E\x7A" +
	"\x3E\x7A\x46\x7A\x3E\x7A\x3E\x7A\x3E\x7A\x3E\x7A\x46\x7A\x46\x7A\x3E\x5A\x3E\x7A\x3E\x7A\x3E\x7A\x3E\x7A\x3E\x7A\x3E\x7A\x3E\x7A" +
	"\x3E\x7A\x3E\x7A\x46\x7A\x4E\x7A\x4E\x9B\x56\x9B\x56\x9B\x5E\xBB\x5E\x9B\x5E\xBB\x66\xBB\x66\xBB\x66\xBB\x66\xBB\x66\xBB\x66\xBB" +
	"\x6E\xBB\x6E\xBB\x76\xDC\x7E\xFC\x86\xFC\x86\xFC\x8F\x1C\x8F\x1D\x9F\x3D\x9F\x5D\xA7\x5D\xAF\x5D\xB7\x5D\xB7\x7D\xB7\x7D\xB7\x7D" +
	"\xAF\x7D\xB7\x5D\xB7\x5D\xBF\x7D\xBF\x9D\xBF\x7E\xC7\x9D\xC7\x9E\xD7\x9E\xD7\x9E\xDF\x9E\xE7\xBE\xE7\x9E\xE7\xBE\xE7\xBE\xE7\xBE" +
	"\xE7\xBE\xE7\xBE\xEF\xBE\xEF\xBE\xEF\xBE\xEF\xBE\xEF\xBE\xEF\xBE\xE7\xBE\xE7\x9E\xE7\x9E\xE7\xBE\xE7\x9E\xE7\x9E\xE7\xBE\xE7\xBE" +
	"\xE7\xBE\xEF\xBE\xEF\xBE\xEF\xBE\xEF\xBE\xEF\xBE\xEF\xBE\xE7\xBE\xE7\xBE\xE7\xBE\xE7\xBE\xE7\xBE\xE7\x9E\xE7\xBE\xE7\xBE\xE7\xBE" +
	"\x46\x7C\x46\x7C\x4E\x7C\x4E\x7C\x4E\x7C\x4E\x9C\x56\x9C\x56\x9C\x4E\x9C\x56\x9C\x56\x9C\x4E\x9C\x4E\x9C\x4E\x9C\x56\x9C\x4E\x9C" +
	"\x4E\x9C\x4E\x9C\x46\x7C\x3E\x7C\x3E\x7C\x36\x7C\x36\x5C\x36\x7C\x3E\x7C\x46\x7C\x56\x9C\x56\x9C\x5E\x9C\x5E\x9C\x5E\x9C\x5E\x9C" +
	"\x5E\x9C\x5E\x9C\x5E\x9C\x5E\xBC\x56\x9C\x56\x9C\x5E\x9C\x5E\x9C\x5E\x9C\x5E\xBC\x5E\x9C\x56\x9C\x56\x9C\x56\x9C\x56\x9C\x56\x9B" +
	"\x4E\x9B\x56\x9C\x56\x9C\x56\x9C\x56\x9C\x56\x9C\x56\x9C\x56\x9C\x56\x9C\x56\x9C\x56\x9C\x4E\x9C\x4E\x7B\x4E\x9B\x4E\x7B\x4E\x9B" +
	"\x4E\x7B\x4E\x7B\x4E\x7B\x4E\x7B\x4E\x7B\x4E\x7B\x4E\x9B\x4E\x7B\x4E\x7B\x4E\x7B\x4E\x7B\x4E\x7B\x46\x7B\x46\x7B\x4E\x9B\x4E\x7B" +
	"\x4E\x9B\x4E\x7B\x4E\x7B\x46\x7B\x4E\x7B\x4E\x9B\x46\x7B\x46\x7B\x46\x7B\x46\x7B\x46\x7B\x46\x7B\x46\x7B\x46\x7B\x46\x7B\x46\x7A" +
	"\x46\x7B\x46\x7B\x46\x7A\x46\x7A\x3E\x7A\x3E\x7A\x3E\x5A\x3E\x5A\x3E\x5A\x3E\x5A\x3E\x5A\x3E\x5A\x3E\x5A\x3E\x5A\x3E\x5A\x3E\x5A" +
	"\x3E\x5A\x3E\x5A\x3E\x5A\x3E\x5A\x3E\x5A\x3E\x5A\x3E\x5A\x3E\x5A\x3E\x5A\x3E\x5A\x3E\x5A\x3E\x5A\x3E\x5A\x3E\x5A\x3E\x5A\x3E\x5A" +
	"\x3E\x5A\x3E\x5A\x3E\x7A\x3E\x7A\x3E\x7A\x3E\x7A\x3E\x7A\x3E\x7A\x3E\x7A\x3E\x7A\x3E\x5A\x3E\x7A\x46\x7A\x56\x9B\x56\x9B\x4E\x7A" +
	"\x4E\x9A\x4E\x7A\x4E\x9A\x46\x7A\x46\x7A\x4E\x7A\x4E\x7B\x56\x7B\x46\x7A\x3E\x5A\x3E\x7A\x3E\x7A\x3E\x7A\x3E\x7A\x3E\x7A\x3E\x7A" +
	"\x3E\x7A\x3E\x7A\x46\x7A\x46\x7A\x4E\x7B\x56\x9B\x5E\x9B\x5E\x9B\x5E\x9B\x5E\x9B\x66\xBB\x66\xBB\x66\xBB\x66\xBB\x66\xBB\x66\xBB" +
	"\x66\xBB\x6E\xDB\x7E\xFC\x86\xFC\x86\xFC\x8F\x1C\x8F\x1C\x97\x1D\x97\x3D\x9F\x5D\xA7\x5D\xAF\x5D\xB7\x7D\xB7\x7D\xB7\x7D\xB7\x7D" +
	"\xB7\x9D\xB7\x7D\xB7\x7E\xB7\x7D\xBF\x7E\xC7\x9E\xC7\x9E\xD7\x9E\xD7\x9E\xDF\x9E\xD7\x9E\xE7\x9E\xE7\xBE\xE7\xBE\xE7\xBE\xE7\xBE" +
	"\xE7\xBE\xEF\xBE\xE7\xBE\xEF\xBE\xEF\xBE\xEF\xBE\xEF\xBE\xEF\xBE\xE7\xBE\xE7\xBE\xE7\x9E\xE7\x9E\xE7\x9E\xE7\x9E\xE7\xBE\xE7\xBE" +
	"\xEF\xBE\xEF\xBE\xEF\xBE\xEF\xDE\xEF\xBE\xEF\xBE\xEF\xBE\xE7\xBE\xE7\xBE\xE7\xBE\xE7\xBE\xE7\xBE\xE7\xBE\xE7\xBE\xE7\xBE\xE7\x9E" +
	"\x4E\x7C\x4E\x9C\x4E\x9C\x4E\x9C\x4E\x9C\x56\x9C\x56\x9C\x56\x9C\x4E\x9C\x4E\x9C\x4E\x9C\x4E\x9C\x4E\x7C\x4E\x7C\x4E\x9C\x4E\x7C" +
	"\x4E\x7C\x4E\x9C\x4E\x7C\x46\x7C\x46\x7C\x46\x7C\x46\x7C\x46\x7C\x46\x7C\x4E\x7C\x56\x9C\x56\x9C\x5E\x9C\x5E\xBC\x5E\x9C\x5E\x9C" +
	"\x5E\x9C\x5E\x9C\x5E\x9C\x5E\xBC\x5E\x9C\x5E\x9C\x5E\xBC\x5E\x9C\x5E\x9C\x5E\x9C\x5E\x9C\x56\x9C\x56\x9C\x56\x9C\x4E\x9C\x4E\x9C" +
	"\x56\x9C\x56\x9C\x56\x9C\x56\x9C\x56\x9C\x56\x9C\x56\x9C\x56\x9C\x56\x9C\x56\x9C\x56\x9C\x56\x9B\x4E\x9C\x4E\x7B\x4E\x7B\x4E\x7B" +
	"\x4E\x7B\x4E\x7B\x4E\x9B\x4E\x9B\x4E\x7B\x4E\x7B\x4E\x9B\x4E\x9B\x4E\x7B\x4E\x9B\x4E\x7B\x4E\x7B\x46\x7B\x46\x7B\x4E\x7B\x4E\x9B" +
	"\x4E\x7B\x4E\x9B\x4E\x9B\x4E\x7B\x4E\x9B\x4E\x7B\x46\x7B\x46\x7B\x46\x7B\x46\x7B\x46\x7B\x46\x7B\x46\x7B\x46\x7B\x46\x7B\x3E\x7B" +
	"\x46\x7B\x3E\x7A\x3E\x7A\x3E\x7A\x3E\x7A\x3E\x7A\x3E\x7A\x3E\x5A\x3E\x5A\x3E\x5A\x3E\x5A\x3E\x5A\x3E\x5A\x36\x5A\x3E\x5A\x3E\x5A" +
	"\x3E\x5A\x3E\x5A\x3E\x5A\x3E\x5A\x3E\x5A\x3E\x5A\x3E\x5A\x3E\x5A\x3E\x5A\x3E\x5A\x3E\x5A\x3E\x5A\x3E\x5A\x3E\x5A\x3E\x5A\x3E\x5A" +
	"\x3E\x5A\x3E\x5A\x3E\x7A\x3E\x7A\x3E\x7A\x3E\x5A\x3E\x7A\x3E\x7A\x3E\x7A\x3E\x7A\x46\x7A\x4E\x7A\x4E\x9B\x56\x9B\x56\x9B\x5E\x9B" +
	"\x56\x9A\x5E\x9B\x56\x9B\x56\x9A\x56\x9B\x56\x9B\x56\x9B\x56\x9A\x56\x9B\x4E\x7A\x3E\x7A\x3E\x7A\x46\x7A\x3E\x5A\x25\xFA\x3E\x5A" +
	"\x46\x7A\x3E\x7A\x46\x7A\x4E\x7A\x4E\x7A\x5E\x9B\x5E\x9B\x5E\xBB\x5E\x9B\x66\xBB\x66\xBB\x66\xBB\x66\xBB\x66\xBB\x66\xBB\x66\xBB" +
	"\x6E\xDB\x7E\xDC\x86\xFC\x86\xFC\x86\xFC\x86\xFC\x8F\x1C\x8F\x1D\x9F\x3D\x9F\x5D\x9F\x5D\xAF\x5D\xB7\x7D\xB7\x7D\xB7\x9E\xBF\x9D" +
	"\xBF\x9D\xB7\x9D\xB7\x9D\xBF\x9E\xC7\x9E\xC7\x9E\xCF\x9E\xD7\x9E\xD7\x9E\xD7\x9E\xDF\x9E\xE7\x9E\xE7\xBE\xE7\xBE\xE7\xBE\xE7\xBE" +
	"\xE7\xBE\xEF\xBE\xEF\xBE\xEF\xBE\xEF\xBE\xEF\xBE\xEF\xBE\xEF\xBE\xEF\xBE\xEF\xBE\xE7\xBE\xE7\xBE\xE7\xBE\xE7\xBE\xE7\xBE\xEF\xDE" +
	"\xEF\xDE\xEF\xDE\xEF\xBE\xEF\xBE\xEF\xBE\xEF\xBE\xEF\xBE\xE7\xBE\xE7\xBE\xE7\xBE\xE7\xBE\xE7\xBE\xE7\xBE\xE7\xBE\xE7\xBE\xE7\x9E" +
	"\x56\x9C\x56\x9C\x56\x9C\x56\x9C\x56\x9C\x56\x9C\x56\x9C\x56\x9C\x56\x9C\x4E\x9C\x4E\x9C\x4E\x7C\x4E\x7C\x4E\x7C\x46\x7C\x4E\x7C" +
	"\x4E\x7C\x4E\x7C\x4E\x7C\x4E\x7C\x46\x7C\x46\x7C\x46\x7C\x4E\x9C\x4E\x9C\x4E\x9C\x56\x9C\x56\x9C\x5E\x9C\x5E\xBC\x5E\x9C\x56\x9C" +
	"\x5E\x9C\x5E\x9C\x5E\x9C\x5E\xBC\x5E\x9C\x5E\x9C\x5E\x9C\x5E\x9C\x5E\xBC\x5E\xBC\x5E\xBC\x5E\x9C\x5E\x9C\x56\x9C\x4E\x9C\x4E\x9B" +
	"\x56\x9C\x56\x9C\x56\x9C\x56\x9C\x56\x9C\x56\x9C\x56\x9C\x56\x9C\x56\x9C\x56\x9C\x56\x9C\x4E\x9C\x4E\x9C\x4E\x9B\x4E\x9B\x4E\x7B" +
	"\x4E\x7B\x4E\x7B\x4E\x9B\x4E\x7B\x4E\x9B\x4E\x7B\x4E\x7B\x4E\x7B\x4E\x7B\x46\x7B\x4E\x7B\x4E\x7B\x46\x7B\x4E\x7B\x4E\x7B\x46\x7B" +
	"\x4E\x7B\x46\x7B\x4E\x9B\x46\x7B\x4E\x7B\x4E\x9B\x4E\x7B\x46\x7B\x46\x7B\x46\x7B\x46\x7B\x46\x7B\x46\x7B\x46\x7B\x46\x7B\x3E\x7B" +
	"\x3E\x7A\x3E\x7A\x3E\x7A\x3E\x7A\x3E\x7A\x3E\x5A\x3E\x7A\x3E\x7A\x3E\x5A\x36\x5A\x36\x5A\x36\x5A\x36\x5A\x36\x5A\x3E\x5A\x3E\x5A" +
	"\x3E\x5A\x3E\x5A\x3E\x5A\x3E\x5A\x3E\x5A\x3E\x5A\x3E\x5A\x3E\x5A\x3E\x5A\x3E\x5A\x3E\x5A\x3E\x5A\x3E\x5A\x3E\x5A\x3E\x5A\x3E\x5A" +
	"\x3E\x5A\x3E\x5A\x3E\x7A\x3E\x5A\x46\x7A\x4E\x7A\x4E\x7A\x4E\x7A\x46\x7A\x46\x7A\x4E\x7B\x56\x7B\x56\x9B\x56\x9B\x56\x9B\x5E\x9B" +
	"\x5E\x9B\x5E\x9B\x5E\x9B\x56\x9B\x56\x9B\x56\x9B\x56\x9B\x56\x9A\x56\x9A\x56\x9B\x46\x7A\x36\x1A\x1C\xF9\x3D\x5A\x75\xDB\x4D\xBB" +
	"\x2D\xDA\x4E\x9A\x4E\x7A\x56\x9B\x56\x9A\x5E\x9B\x5E\x9B\x5E\xBB\x66\xBB\x66\xBB\x6E\xBB\x6E\xBB\x6E\xDB\x6E\xDB\x76\xDC\x76\xDC" +
	"\x76\xDC\x86\xFC\x86\xFC\x87\x1C\x86\xFC\x8F\x1C\x8F\x1D\x97\x3D\x9F\x3D\x9F\x5D\xA7\x5D\xAF\x5D\xB7\x7D\xBF\x7D\xB7\x7E\xB7\x7D" +
	"\xBF\x7E\xB7\x9D\xBF\x9E\xBF\x9E\xBF\x9E\xC7\x9E\xCF\x9E\xD7\x9E\xD7\x9E\xD7\x9E\xDF\x9E\xE7\x9E\xE7\x9E\xE7\xBE\xE7\xBE\xE7\xBE" +
	"\xE7\xBE\xE7\xBE\xE7\xBE\xE7\xBE\xEF\xBE\xEF\xBE\xEF\xBE\xEF\xBE\xEF\xBE\xEF\xBE\xEF\xBE\xEF\xBE\xE7\xBE\xEF\xBE\xE7\xBE\xEF\xBE" +
	"\xEF\xDE\xEF\xBE\xEF\xBE\xEF\xBE\xEF\xBE\xEF\xBE\xEF\xBE\xEF\xBE\xE7\xBE\xE7\xBE\xE7\xBE\xE7\xBE\xE7\xBE\xE7\xBE\xE7\xBE\xE7\x9E" +
	"\x56\x9C\x56\x9C\x5E\x9C\x56\x9C\x56\x9C\x56\x9C\x56\x9C\x56\x9C\x56\x9C\x56\x9C\x56\x9C\x56\x9C\x56\x9C\x4E\x9C\x4E\x9C\x4E\x9C" +
	"\x4E\x9C\x4E\x7C\x4E\x9C\x4E\x9C\x4E\x9C\x4E\x7C\x4E\x9C\x4E\x9C\x4E\x9C\x56\x9C\x56\x9C\x56\x9C\x56\x9C\x5E\x9C\x5E\x9C\x5E\x9C" +
	"\x5E\xBC\x5E\x9C\x5E\x9C\x5E\xBC\x5E\x9C\x5E\x9C\x56\x9C\x5E\x9C\x5E\x9C\x5E\xBC\x5E\xBC\x5E\xBC\x5E\xBC\x5E\xBC\x5E\x9C\x56\x9C" +
	"\x56\x9C\x56\x9C\x56\x9C\x56\x9C\x56\x9C\x56\x9C\x56\x9C\x56\x9C\x56\x9C\x56\x9C\x4E\x9B\x4E\x9B\x4E\x9B\x4E\x9B\x4E\x9B\x4E\x9B" +
	"\x4E\x7B\x4E\x7B\x4E\x7B\x46\x7B\x46\x7B\x46\x7B\x46\x7B\x4E\x7B\x46\x7B\x4E\x7B\x46\x7B\x4E\x7B\x46\x7B\x4E\x7B\x4E\x7B\x46\x7B" +
	"\x4E\x7B\x4E\x7B\x4E\x7B\x4E\x9B\x46\x7B\x46\x7B\x46\x7B\x4E\x7B\x46\x7B\x46\x7B\x46\x7B\x46\x7B\x46\x7B\x46\x7B\x46\x7A\x46\x7A" +
	"\x3E\x7A\x3E\x5A\x3E\x5A\x3E\x5A\x3E\x5B\x36\x5B\x3E\x5A\x3E\x5A\x3E\x5A\x36\x5A\x36\x5A\x36\x5A\x36\x5A\x36\x5A\x36\x5A\x3E\x5A" +
	"\x3E\x5A\x3E\x5A\x3E\x5A\x3E\x5A\x3E\x5A\x3E\x5A\x3E\x5A\x3E\x5A\x3E\x5A\x3E\x5A\x3E\x5A\x3E\x5A\x3E\x5A\x3E\x5A\x3E\x5A\x3E\x5A" +
	"\x3E\x5A\x3E\x5A\x3E\x5A\x46\x7A\x4E\x7B\x4E\x7B\x56\x9B\x56\x9B\x56\x9B\x4E\x9B\x56\x9B\x56\x9B\x56\x9A\x56\x9B\x56\x9A\x56\x9B" +
	"\x5E\x9B\x56\x9B\x5E\x9B\x56\x9B\x5E\x9B\x56\x9B\x56\x9B\x56\x9B\x56\x9B\x56\x9B\x46\x3A\x3D\x3A\xD7\x5E\xFF\xFF\xFF\xFF\xFF\xFF" +
	"\xAE\xFE\x45\xFB\x66\xBB\x66\xBB\x5E\x9B\x5E\xBB\x6E\xDB\x6E\xDB\x76\xDC\x76\xDC\x76\xDC\x6E\xDB\x76\xDB\x76\xDC\x7E\xFC\x86\xFC" +
	"\x87\x1C\x8F\x1D\x8F\x1C\x8F\x1C\x8F\x1C\x8F\x1C\x97\x3D\x97\x3D\x9F\x5D\xA7\x5D\xAF\x5D\xAF\x5D\xB7\x7D\xB7\x7D\xB7\x7D\xB7\x7E" +
	"\xB7\x7D\xB7\x7E\xB7\x9D\xBF\x9E\xC7\x7E\xCF\x9E\xD7\x9E\xD7\x9E\xD7\x9E\xD7\x9E\xDF\x9E\xE7\x9E\xE7\x9E\xE7\xBE\xE7\xBE\xE7\xBE" +
	"\xE7\xBE\xE7\xBE\xE7\xBE\xEF\xBE\xEF\xBE\xEF\xBE\xEF\xBE\xEF\xBE\xEF\xBE\xEF\xBE\xEF\xBE\xEF\xBE\xEF\xBE\xEF\xBE\xEF\xBE\xEF\xBE" +
	"\xEF\xBE\xEF\xBE\xEF\xBE\xEF\xBE\xEF\xBE\xEF\xBE\xEF\xBE\xE7\xBE\xE7\xBE\xEF\xBE\xEF\xBE\xEF\xBE\xEF\xBE\xE7\xBE\xE7\xBE\xE7\xBE" +
	"\x56\x9C\x5E\x9C\x56\x9C\x5E\x9C\x56\x9C\x56\x9C\x56\x9C\x56\x9C\x56\x9C\x5E\x9C\x5E\x9C\x5E\x9C\x5E\x9C\x56\x9C\x56\x9C\x56\x9C" +
	"\x4E\x9C\x4E\x9C\x4E\x7C\x4E\x7C\x4E\x9C\x4E\x9C\x4E\x7C\x4E\x9C\x4E\x9C\x56\x9C\x56\x9C\x56\x9C\x56\x9C\x5E\x9C\x5E\x9C\x5E\xBC" +
	"\x66\xBC\x66\xBC\x66\xBC\x66\xBC\x5E\xBC\x5E\xBC\x5E\x9C\x5E\x9C\x5E\x9C\x5E\xBC\x5E\xBC\x5E\xBC\x5E\xBC\x66\xBC\x5E\xBC\x5E\x9C" +
	"\x5E\x9C\x5E\x9C\x56\x9C\x56\x9C\x56\x9B\x56\x9C\x56\x9B\x56\x9B\x4E\x9B\x4E\x9B\x4E\x9B\x4E\x9B\x4E\x9B\x4E\x9B\x4E\x9B\x4E\x9B" +
	"\x4E\x7B\x4E\x7B\x46\x7B\x46\x7B\x46\x7B\x46\x7B\x46\x7B\x46\x7B\x46\x7B\x46\x7B\x46\x7B\x46\x7B\x46\x7B\x46\x7B\x46\x7B\x46\x7B" +
	"\x46\x7B\x4E\x7B\x4E\x7B\x4E\x9B\x4E\x7B\x4E\x7B\x46\x7B\x46\x7B\x46\x7B\x46\x7B\x46\x7B\x46\x7B\x46\x7B\x46\x7B\x46\x7B\x46\x7B" +
	"\x46\x7B\x3E\x7B\x3E\x5A\x3E\x5B\x3E\x5B\x3E\x5B\x36\x5A\x36\x5A\x36\x5A\x36\x5B\x36\x5B\x36\x5B\x36\x5A\x36\x5A\x36\x5A\x3E\x5A" +
	"\x3E\x5A\x3E\x5A\x3E\x5A\x3E\x5A\x3E\x5A\x3E\x5A\x3E\x5A\x3E\x5A\x3E\x5A\x3E\x5A\x3E\x5A\x3E\x5A\x3E\x5A\x3E\x5A\x3E\x5A\x3E\x5A" +
	"\x3E\x5A\x3E\x5A\x3E\x7A\x46\x7A\x4E\x7B\x4E\x7B\x56\x9B\x5E\x9B\x56\x9B\x5E\x9B\x5E\x9B\x56\x9B\x56\x9B\x56\x9B\x56\x9B\x56\x9B" +
	"\x56\x9B\x56\x9B\x56\x9B\x5E\x9B\x5E\x9B\x56\x9B\x56\x9B\x56\x9B\x56\x9B\x5E\xBB\x25\x3A\xDF\x9F\xFF\xFF\xFF\xFF\xFF\xFF\xFF\xFF" +
	"\xFF\xFF\x65\xFC\x6E\xDB\x6E\xDB\x6E\xBB\x6E\xBB\x76\xDC\x7E\xFC\x7E\xFC\x76\xDC\x76\xDC\x76\xDC\x76\xDC\x7E\xFC\x86\xFC\x97\x1D" +
	"\x97\x3D\x97\x3D\x97\x3D\x97\x3C\x97\x3D\x9F\x3D\x9F\x5D\xA7\x5D\xA7\x5D\xAF\x5D\xB7\x5D\xB7\x7E\xB7\x7D\xB7\x7D\xB7\x7D\xB7\x7D" +
	"\xBF\x9D\xBF\x9D\xBF\x9D\xBF\x9E\xC7\x9E\xCF\x9E\xD7\x9E\xD7\x9E\xD7\x9E\xD7\x9E\xDF\x9E\xDF\x9E\xE7\xBE\xE7\xBE\xE7\xBE\xE7\xBE" +
	"\xE7\xBE\xE7\xBE\xEF\xBE\xEF\xBE\xEF\xBE\xEF\xBE\xEF\xBE\xEF\xBE\xEF\xBE\xEF\xBE\xEF\xBE\xEF\xBE\xEF\xBE\xEF\xBE\xEF\xBE\xEF\xBE" +
	"\xEF\xBE\xEF\xBE\xEF\xBE\xEF\xBE\xEF\xBE\xEF\xBE\xE7\xBE\xE7\xBE\xEF\xBE\xEF\xBE\xEF\xBE\xE7\xBE\xE7\xBE\xE7\xBE\xE7\xBE\xEF\xBE" +
	"\x5E\x9C\x5E\x9C\x5E\x9C\x5E\x9C\x5E\x9C\x56\x9C\x5E\x9C\x5E\x9C\x5E\x9C\x5E\x9C\x5E\x9C\x5E\x9C\x5E\x9C\x5E\x9C\x56\x9C\x56\x9C" +
	"\x56\x9C\x56\x9C\x4E\x9C\x4E\x9C\x4E\x9C\x56\x9C\x56\x9C\x56\x9C\x56\x9C\x5E\x9C\x5E\x9C\x5E\x9C\x5E\x9C\x5E\x9C\x5E\x9C\x5E\xBC" +
	"\x66\xBC\x66\xBC\x66\xBC\x66\xBC\x66\xBC\x66\xBC\x5E\x9C\x5E\x9C\x5E\xBC\x5E\xBC\x5E\xBC\x5E\xBC\x5E\xBC\x66\xBC\x66\xBC\x5E\xBC" +
	"\x5E\x9C\x5E\xBC\x5E\x9C\x56\x9C\x4E\x9B\x4E\x9C\x4E\x9B\x4E\x9B\x4E\x9B\x4E\x9B\x4E\x9C\x4E\x9B\x4E\x9C\x4E\x9B\x4E\x7B\x4E\x9B" +
	"\x4E\x9B\x4E\x7B\x4E\x7B\x46\x7B\x46\x7B\x46\x7B\x46\x7B\x46\x7B\x46\x7B\x46\x7B\x46\x7B\x46\x7B\x46\x7B\x46\x7B\x46\x7B\x46\x7B" +
	"\x46\x7B\x4E\x7B\x4E\x7B\x4E\x7B\x4E\x7B\x46\x7B\x46\x7B\x46\x7B\x46\x7B\x46\x7B\x46\x7B\x46\x7B\x46\x7B\x46\x7B\x46\x7B\x46\x7B" +
	"\x46\x7B\x46\x7A\x3E\x5A\x36\x5A\x36\x5A\x36\x5A\x36\x5B\x36\x5B\x36\x5B\x36\x5B\x36\x5B\x3E\x5B\x36\x5A\x36\x5A\x36\x5A\x3E\x5A" +
	"\x3E\x5A\x3E\x5A\x3E\x5A\x3E\x5A\x3E\x5A\x3E\x5A\x3E\x5A\x3E\x5A\x3E\x5A\x3E\x5A\x3E\x5A\x3E\x5A\x3E\x5A\x3E\x5A\x3E\x5A\x3E\x5A" +
	"\x3E\x5A\x46\x7A\x46\x7A\x4E\x7A\x4E\x7B\x4E\x9B\x56\x9B\x56\x9B\x5E\x9B\x5E\x9B\x5E\x9B\x5E\x9B\x5E\x9B\x5E\x9B\x56\x9B\x56\x9B" +
	"\x56\x9B\x56\x9B\x56\x9B\x56\x9B\x56\x9B\x56\x9B\x56\x9B\x56\x9B\x5E\x9B\x4E\x5B\x5D\xDB\xFF\xFF\xFF\xFF\xFF\xFF\xFF\xFF\xDF\x9F" +
	"\xDF\x9F\x76\x5C\x76\xDC\x76\xDC\x6E\xDC\x6E\xDB\x76\xDC\x7E\xFC\x7E\xFC\x7E\xFC\x7E\xFC\x7E\xFC\x86\xFC\x86\xFD\x97\x3D\x9F\x3D" +
	"\x9F\x5D\x9F\x3D\x9F\x3D\x9F\x3D\x9F\x3D\x9F\x5D\xA7\x5D\xAF\x5D\xB7\x5D\xB7\x5D\xB7\x7D\xB7\x7E\xB7\x7D\xB7\x9D\xB7\x7E\xB7\x9D" +
	"\xBF\x9E\xBF\x7E\xC7\x9E\xBF\x9E\xC7\x9E\xCF\x7E\xD7\x9E\xD7\x9E\xD7\x9E\xD7\x9E\xD7\x9E\xDF\x9E\xE7\xBE\xE7\xBE\xE7\xBE\xE7\xBE" +
	"\xEF\xBE\xEF\xBE\xEF\xBE\xEF\xBE\xEF\xBE\xEF\xBE\xEF\xBE\xEF\xBE\xEF\xBE\xEF\xBE\xEF\xBE\xEF\xBE\xEF\xBE\xEF\xBE\xEF\xBE\xEF\xBE" +
	"\xEF\xBE\xEF\xBE\xEF\xBE\xEF\xBE\xEF\xBE\xE7\xBE\xE7\xBE\xE7\xBE\xE7\xBE\xEF\xBE\xEF\xBE\xE7\xBE\xE7\xBE\xE7\xBE\xE7\xBE\xEF\xBE" +
	"\x5E\x9C\x5E\x9C\x5E\x9C\x5E\x9C\x66\xBC\x5E\x9C\x5E\x9C\x5E\x9C\x5E\x9C\x5E\x9C\x5E\xBC\x5E\xBC\x5E\x9C\x5E\x9C\x5E\x9C\x56\x9C" +
	"\x56\x9C\x56\x9C\x56\x9C\x56\x9C\x56\x9C\x56\x9C\x56\x9C\x56\x9C\x5E\x9C\x5E\x9C\x5E\x9C\x5E\x9C\x5E\x9C\x5E\x9C\x5E\x9C\x5E\x9C" +
	"\x66\xBC\x66\xBC\x66\xBC\x66\xBC\x66\x9C\x66\xBC\x5E\x9C\x5E\x9C\x5E\xBC\x5E\xBC\x5E\xBC\x5E\x9C\x5E\xBC\x5E\xBC\x5E\xBC\x5E\xBC" +
	"\x5E\x9C\x5E\x9C\x5E\xBC\x56\x9C\x4E\x9B\x4E\x9C\x4E\x9C\x4E\x9B\x4E\x9C\x4E\x9B\x4E\x9B\x4E\x9C\x4E\x9B\x4E\x9B\x4E\x9B\x4E\x7B" +
	"\x4E\x9B\x4E\x9B\x4E\x7B\x46\x7B\x46\x7B\x46\x7B\x46\x7B\x46\x7B\x46\x7B\x46\x7B\x46\x7B\x46\x7B\x46\x7B\x46\x7B\x46\x7B\x46\x7B" +
	"\x46\x7B\x46\x7B\x46\x7B\x46\x7B\x46\x7B\x46\x7B\x46\x7B\x46\x7B\x46\x7B\x46\x7B\x46\x7B\x46\x7B\x46\x7B\x46\x7B\x46\x7A\x46\x7B" +
	"\x46\x7B\x46\x7B\x3E\x7A\x36\x5B\x36\x5B\x36\x5B\x36\x5B\x36\x5A\x36\x5B\x36\x5B\x36\x5B\x36\x5B\x36\x5A\x36\x5A\x36\x5A\x3E\x5A" +
	"\x3E\x5A\x3E\x5A\x3E\x5A\x3E\x5A\x3E\x5A\x3E\x5A\x3E\x5A\x3E\x5A\x3E\x5A\x3E\x5A\x3E\x5A\x3E\x5A\x3E\x5A\x3E\x5A\x3E\x5A\x3E\x5A" +
	"\x3E\x5A\x46\x7A\x46\x7A\x46\x7A\x4E\x9B\x56\x9B\x56\x9B\x56\x9B\x56\x9B\x56\x9B\x5E\x9B\x5E\x9B\x5E\xBB\x5E\x9B\x5E\x9B\x5E\x9B" +
	"\x4E\x9B\x56\x9B\x56\x9B\x56\x9B\x4E\x7B\x4E\x7B\x56\x9B\x5E\x9B\x5E\xBB\x3D\xDA\xA6\xDD\xFF\xFF\xFF\xFF\xFF\xFF\xE7\xBF\x55\xDB" +
	"\x5E\x1C\x6E\x7C\x7E\xFC\x66\x7C\x66\x5B\x6E\x9C\x76\xFC\x7E\xFC\x86\xFC\x86\xFC\x86\xFC\x86\xFC\x8F\x1D\x8F\x1D\x9F\x3D\xA7\x5D" +
	"\xA7\x5D\xA7\x5D\xA7\x5D\xA7\x5D\xA7\x5D\xA7\x5D\xB7\x5D\xB7\x7D\xB7\x7D\xB7\x7D\xBF\x7E\xBF\x7E\xB7\x7D\xBF\x9D\xBF\x9E\xBF\x7E" +
	"\xC7\x7D\xC7\x9E\xC7\x9E\xC7\x9E\xC7\x9E\xC7\x9E\xCF\x9E\xD7\x9E\xD7\x9E\xD7\x9E\xD7\x9E\xDF\x9E\xDF\x9E\xDF\x9E\xE7\xBE\xE7\xBE" +
	"\xE7\xBE\xEF\xBE\xEF\xBE\xE7\xBE\xE7\xBE\xEF\xBE\xEF\xBE\xEF\xBE\xE7\xBE\xE7\xBE\xEF\xBE\xEF\xBE\xEF\xBE\xEF\xBE\xEF\xBE\xE7\xBE" +
	"\xE7\xBE\xE7\xBE\xE7\xBE\xE7\xBE\xE7\xBE\xEF\xBE\xE7\xBE\xE7\xBE\xE7\xBE\xE7\xBE\xEF\xBE\xE7\xBE\xE7\xBE\xEF\xBE\xEF\xBE\xE7\xBE" +
	"\x5E\x9C\x5E\x9C\x66\x9C\x66\xBC\x66\xBC\x66\xBC\x5E\xBC\x66\xBC\x5E\x9C\x5E\x9C\x5E\xBC\x5E\xBC\x5E\x9C\x5E\x9C\x5E\x9C\x5E\x9C" +
	"\x5E\x9C\x5E\x9C\x5E\x9C\x5E\x9C\x56\x9C\x56\x9C\x5E\x9C\x5E\x9C\x5E\x9C\x5E\x9C\x5E\xBC\x5E\xBC\x5E\x9C\x5E\xBC\x5E\xBC\x5E\x9C" +
	"\x66\xBC\x66\xBC\x66\xBC\x66\xBC\x66\xBC\x66\xBC\x5E\xBC\x5E\xBC\x5E\xBC\x5E\xBC\x5E\x9C\x5E\xBC\x5E\xBC\x5E\x9C\x5E\x9C\x5E\xBC" +
	"\x5E\x9C\x5E\x9C\x5E\x9C\x56\x9C\x4E\x9B\x4E\x9B\x4E\x9C\x4E\x9B\x4E\x9B\x4E\x9B\x4E\x9B\x4E\x9B\x4E\x9B\x4E\x9B\x4E\x7B\x4E\x9B" +
	"\x4E\x7B\x4E\x7B\x46\x7B\x46\x7B\x46\x7B\x46\x7B\x46\x7B\x4E\x7B\x4E\x7B\x46\x7B\x46\x7B\x46\x7B\x46\x7B\x46\x7B\x46\x7B\x46\x7B" +
	"\x3E\x7B\x3E\x7B\x46\x7B\x46\x7B\x46\x7B\x46\x7B\x46\x7B\x46\x7B\x46\x7B\x46\x7B\x46\x7B\x46\x7B\x46\x7B\x3E\x7B\x3E\x7B\x46\x7B" +
	"\x3E\x7B\x46\x7A\x3E\x7B\x3E\x5B\x36\x5B\x36\x5B\x36\x5B\x36\x5A\x36\x5B\x36\x5B\x36\x5B\x36\x5B\x36\x5A\x3E\x5A\x36\x5A\x3E\x5A" +
	"\x3E\x5A\x3E\x5A\x3E\x5A\x3E\x5A\x3E\x5A\x3E\x5A\x3E\x5A\x3E\x5A\x3E\x5A\x3E\x5A\x3E\x5A\x3E\x5A\x3E\x5A\x3E\x5A\x3E\x5A\x3E\x5A" +
	"\x3E\x5A\x3E\x5A\x3E\x7A\x46\x7A\x4E\x7B\x56\x9B\x56\x9B\x56\x9B\x56\x9B\x56\x9B\x5E\x9B\x4E\x5B\x25\x5A\x56\x5B\x5E\x9B\x56\x9B" +
	"\x56\x9B\x56\x9B\x56\x9A\x56\x9B\x4E\x9B\x46\x5B\x25\x9A\x2D\xBA\x5E\xBB\x3D\xBB\xE7\x9F\xFF\xFF\xFF\xFF\xFF\xFF\xBF\x1E\x56\x1B" +
	"\x7E\xFC\x66\x5C\x86\xBD\xAE\xFE\xAE\xFE\x8E\x9D\x56\x1C\x76\xDC\x86\xFC\x86\xFC\x8F\x1D\x8F\x1D\x97\x3D\x97\x3D\x97\x3D\x9F\x5D" +
	"\xA7\x5D\xA7\x5D\xAF\x5D\xAF\x5D\xAF\x5D\xB7\x7D\xB7\x7D\xB7\x7D\xB7\x7D\xB7\x7D\xB7\x7D\xB7\x7E\xB7\x9D\xBF\x9E\xBF\x7E\xBF\x9E" +
	"\xC7\x7E\xC7\x9E\xC7\x9E\xC7\x9E\xC7\x9D\xC7\x9D\xCF\x9E\xD7\x9E\xD7\x9E\xD7\x9E\xD7\x9E\xD7\x9E\xD7\x9E\xDF\x9E\xE7\xBE\xE7\xBE" +
	"\xE7\xBE\xE7\xBE\xE7\xBE\xE7\xBE\xE7\xBE\xE7\xBE\xEF\xBE\xEF\xBE\xE7\xBE\xE7\xBE\xEF\xBE\xEF\xBE\xE7\xBE\xE7\xBE\xE7\xBE\xEF\xBE" +
	"\xE7\xBE\xE7\xBE\xE7\xBE\xE7\xBE\xE7\xBE\xE7\xBE\xE7\xBE\xE7\xBE\xE7\xBE\xE7\xBE\xEF\xBE\xEF\xBE\xE7\xBE\xE7\xBE\xE7\xBE\xE7\xBE" +
	"\x66\xBC\x66\xBC\x66\xBC\x66\xBC\x66\xBC\x66\xBC\x66\xBC\x5E\x9C\x5E\x9C\x5E\x9C\x5E\xBC\x5E\xBC\x5E\x9C\x5E\x9C\x5E\x9C\x5E\x9C" +
	"\x5E\x9C\x5E\x9C\x5E\x9C\x5E\x9C\x56\x9C\x56\x9C\x56\x9C\x5E\x9C\x5E\x9C\x5E\x9C\x5E\x9C\x5E\x9C\x5E\x9C\x5E\x9C\x5E\xBC\x66\xBC" +
	"\x66\xBC\x66\xBC\x66\xBC\x66\xBC\x66\xBC\x66\xBC\x66\xBC\x5E\x9C\x5E\xBC\x66\xBC\x5E\xBC\x5E\xBC\x5E\xBC\x5E\x9C\x5E\x9C\x5E\x9C" +
	"\x5E\x9C\x5E\x9C\x5E\x9C\x56\x9C\x4E\x9C\x4E\x9C\x4E\x9C\x4E\x7C\x4E\x9B\x4E\x7B\x4E\x7B\x4E\x7B\x4E\x7B\x4E\x7B\x4E\x9B\x4E\x7B" +
	"\x4E\x7B\x4E\x7B\x46\x7B\x46\x7B\x46\x7B\x46\x7B\x4E\x7B\x4E\x7B\x4E\x7B\x46\x7B\x46\x7B\x46\x7B\x46\x7B\x46\x7B\x46\x7B\x46\x7B" +
	"\x46\x7B\x46\x7B\x46\x7B\x46\x7B\x46\x7B\x46\x7B\x46\x7B\x46\x7B\x46\x7B\x46\x7B\x46\x7B\x46\x7B\x46\x7B\x46\x7B\x3E\x7A\x3E\x7B" +
	"\x46\x7B\x3E\x7B\x3E\x7B\x36\x7A\x36\x5B\x36\x5B\x36\x5B\x36\x5A\x36\x5B\x36\x5B\x36\x5B\x3E\x5B\x36\x5A\x36\x5A\x36\x5A\x3E\x5A" +
	"\x3E\x5A\x3E\x5A\x3E\x5A\x3E\x5A\x3E\x5A\x3E\x5A\x3E\x5A\x3E\x5A\x3E\x5A\x3E\x5A\x3E\x5A\x3E\x5A\x3E\x5A\x3E\x5A\x3E\x5A\x3E\x5A" +
	"\x46\x7A\x46\x7B\x4E\x7B\x4E\x9B\x56\x9B\x56\x9B\x56\x9B\x56\x9B\x56\x9B\x56\x9B\x4E\x7B\x45\x59\xA6\x57\x14\xFA\x4E\x7B\x56\x7B" +
	"\x35\xFA\x35\xFA\x36\x1B\x2E\x1A\x35\xDA\x4D\x99\xD6\xF7\x96\x38\x3E\x3B\x4D\xFC\xFF\xFF\xFF\xFF\xC7\x3E\x76\x5C\x55\xFB\x76\xDC" +
	"\x6E\x7C\x86\x5D\xF7\xDF\xFF\xFF\xFF\xFF\xFF\xFF\xD7\x7F\x7E\x5D\x86\xDC\x8F\x1D\x8F\x1D\x97\x3D\x9F\x3D\x9F\x3D\x9F\x3D\x9F\x5D" +
	"\xA7\x5D\xAF\x5D\xAF\x5D\xB7\x5D\xB7\x7D\xB7\x7D\xB7\x7D\xB7\x7D\xB7\x7E\xB7\x7D\xB7\x7D\xBF\x9E\xBF\x7D\xBF\x9E\xBF\x9D\xBF\x9E" +
	"\xBF\x9D\xBF\x9E\xC7\x9E\xBF\x7E\xC7\x9E\xC7\x9E\xCF\x9E\xD7\x9E\xD7\x9E\xD7\x9E\xD7\x9E\xD7\x9E\xD7\x9E\xE7\x9E\xE7\x9E\xE7\xBE" +
	"\xE7\xBE\xE7\xBE\xE7\xBE\xE7\xBE\xE7\xBE\xE7\xBE\xE7\xBE\xE7\xBE\xE7\xBE\xE7\xBE\xE7\xBE\xE7\xBE\xE7\xBE\xE7\xBE\xE7\x9E\xE7\xBE" +
	"\xE7\xBE\xE7\xBE\xE7\xBE\xEF\xBE\xE7\xBE\xE7\xBE\xE7\xBE\xE7\xBE\xE7\xBE\xE7\xBE\xEF\xBE\xE7\xBE\xEF\xBE\xEF\xBE\xE7\xBE\xEF\xBE" +
	"\x66\xBC\x66\xBC\x66\xBC\x66\xBC\x66\xBC\x66\xBC\x66\xBC\x5E\xBC\x5E\xBC\x5E\x9C\x5E\x9C\x5E\x9C\x5E\x9C\x5E\x9C\x5E\x9C\x5E\x9C" +
	"\x5E\x9C\x5E\x9C\x5E\x9C\x5E\x9C\x56\x9C\x56\x9C\x56\x9C\x5E\x9C\x5E\x9C\x5E\x9C\x5E\x9C\x5E\x9C\x5E\xBC\x5E\xBC\x66\xBC\x66\xBC" +
	"\x66\xBC\x66\xBC\x66\xBC\x66\xBC\x66\xBC\x66\xBC\x66\xBC\x66\x9C\x5E\xBC\x5E\x9C\x5E\xBC\x5E\x9C\x5E\xBC\x5E\x9C\x5E\x9C\x5E\x9C" +
	"\x5E\x9C\x56\x9C\x56\x9C\x56\x9C\x4E\x9B\x4E\x9B\x4E\x7B\x4E\x7B\x46\x7B\x46\x7B\x46\x7B\x46\x7B\x46\x7B\x46\x7B\x46\x7B\x46\x7B" +
	"\x46\x7B\x46\x7B\x46\x7B\x4E\x7B\x46\x7B\x4E\x7B\x4E\x7B\x4E\x7B\x4E\x7B\x46\x7B\x46\x7B\x46\x7B\x46\x7B\x46\x7B\x46\x7B\x46\x7B" +
	"\x46\x7B\x46\x7B\x46\x7B\x46\x7B\x46\x7B\x3E\x7B\x46\x7B\x46\x7B\x46\x7B\x46\x7B\x46\x7B\x46\x7B\x46\x7B\x46\x7B\x3E\x7B\x3E\x7B" +
	"\x3E\x7A\x3E\x7B\x36\x5B\x36\x5B\x36\x5B\x36\x5B\x36\x5B\x36\x5A\x36\x5B\x36\x5B\x36\x5B\x3E\x5B\x36\x5A\x36\x5A\x36\x5A\x36\x5A" +
	"\x3E\x5A\x3E\x5A\x3E\x5A\x3E\x5A\x3E\x5A\x3E\x5A\x3E\x5A\x3E\x5A\x3E\x5A\x3E\x5A\x3E\x5A\x3E\x5A\x3E\x5A\x3E\x5A\x3E\x5A\x46\x7B" +
	"\x4E\x7B\x4E\x7B\x56\x9B\x56\x9B\x56\x9B\x56\x9B\x56\x9B\x56\x9B\x56\x9B\x56\x9B\x4E\x5B\x6D\xB8\xFF\x56\x86\x18\x25\x59\x45\x79" +
	"\x55\x98\x85\xF7\xAE\x77\x96\x17\x45\x38\x5D\x78\xCE\xF7\x86\x39\x3E\x5B\x5D\xFB\xFF\xFF\xFF\xFF\xAE\xDE\x56\x3B\x76\xFC\x5E\x3B" +
	"\xA6\xBD\xFF\xFF\xFF\xFF\xFF\xFF\xFF\xFF\xFF\xFF\xFF\xFF\xEF\xBF\x7E\x5D\x8E\xFD\x8F\x1D\x97\x3D\x9F\x3D\x9F\x5D\xA7\x5D\xA7\x5D" +
	"\xA7\x5D\xAF\x5D\xAF\x5D\xAF\x5D\xB7\x7D\xB7\x7D\xB7\x7D\xB7\x7D\xB7\x7D\xBF\x7E\xBF\x7D\xBF\x9D\xBF\x9D\xB7\x9D\xB7\x9D\xBF\x9E" +
	"\xBF\x9E\xB7\x9D\xBF\x9E\xBF\x7D\xC7\x9E\xC7\x9E\xCF\x7E\xD7\x9E\xD7\x9E\xD7\x9E\xD7\x9E\xD7\x9E\xDF\x9E\xDF\xBE\xE7\x9E\xDF\x9E" +
	"\xE7\x9E\xE7\x9E\xDF\x9E\xDF\x9E\xDF\x9E\xDF\x9E\xDF\x9E\xDF\x9E\xE7\x9E\xE7\x9E\xE7\x9E\xE7\xBE\xE7\x9E\xE7\x9E\xDF\x9E\xE7\x9E" +
	"\xE7\xBE\xE7\xBE\xE7\xBE\xE7\xBE\xE7\xBE\xE7\xBE\xE7\xBE\xE7\xBE\xEF\xBE\xEF\xBE\xEF\xBE\xE7\xBE\xEF\xBE\xE7\xBE\xE7\xBE\xEF\xBE" +
	"\x66\xBC\x66\xBC\x66\x9D\x66\xBC\x66\xBC\x66\xBC\x66\xBC\x66\xBC\x66\x9C\x5E\xBC\x5E\x9C\x5E\x9C\x5E\x9C\x5E\x9C\x5E\x9C\x5E\x9C" +
	"\x5E\x9C\x5E\x9C\x5E\x9C\x5E\x9C\x56\x9C\x56\x9C\x56\x9C\x56\x9C\x5E\x9C\x5E\x9C\x5E\x9C\x5E\x9C\x5E\x9C\x5E\x9C\x66\xBC\x66\xBC" +
	"\x66\xBC\x66\xBC\x66\xBC\x66\xBC\x66\xBC\x66\xBC\x66\xBC\x66\x9C\x5E\x9C\x5E\xBC\x5E\xBC\x5E\x9C\x5E\xBC\x5E\x9C\x5E\x9C\x56\x9C" +
	"\x56\x9C\x56\x9B\x56\x9B\x56\x9B\x4E\x9B\x4E\x7C\x4E\x7B\x4E\x7B\x46\x7B\x46\x7B\x46\x7B\x46\x7B\x46\x7B\x46\x7B\x46\x7B\x46\x7B" +
	"\x46\x7B\x46\x7B\x46\x7B\x46\x7B\x46\x7B\x46\x7B\x46\x7B\x46\x7B\x46\x7B\x46\x7B\x46\x7B\x46\x7B\x46\x7B\x46\x7B\x46\x7B\x46\x7B" +
	"\x46\x7B\x46\x7B\x46\x7B\x46\x7B\x46\x7B\x46\x7B\x46\x7B\x46\x7B\x46\x7B\x46\x7B\x3E\x7A\x3E\x7A\x3E\x7B\x3E\x7B\x3E\x5B\x3E\x5B" +
	"\x3E\x5B\x3E\x7B\x36\x5B\x36\x5B\x36\x5B\x36\x5B\x36\x5B\x36\x5B\x36\x5B\x36\x5B\x36\x5B\x36\x5B\x36\x5A\x36\x5A\x36\x5A\x36\x5A" +
	"\x3E\x5A\x3E\x5A\x3E\x5A\x3E\x5A\x3E\x5A\x3E\x5A\x3E\x5A\x3E\x5A\x3E\x5A\x3E\x5A\x3E\x5A\x3E\x5A\x3E\x5A\x3E\x5A\x3E\x5A\x46\x7B" +
	"\x4E\x7B\x56\x9B\x56\x9B\x56\x9B\x56\x9B\x56\x9B\x56\x9B\x56\x9B\x56\x9B\x56\x9B\x4E\x7B\x55\xB9\x6D\x98\xE6\xF6\xEF\x16\xFF\x15" +
	"\xFF\x15\xFF\x15\xFF\x15\xFF\x15\xFF\x35\xD6\xD7\x86\x18\x2D\x3A\x56\x7B\x86\x7D\xFF\xFF\xEF\xDF\x86\x7D\x66\x9C\x6E\x9C\x6E\x1C" +
	"\xF7\xDF\xFF\xFF\xFF\xFF\xFF\xFF\xFF\xFF\xFF\xFF\xFF\xFF\xFF\xFF\xCF\x5E\x86\xBD\x97\x3D\x9F\x3D\x9F\x3D\x9F\x5D\xA7\x5D\xA7\x5D" +
	"\xA7\x5D\xAF\x5D\xAF\x5D\xAF\x5D\xAF\x5D\xB7\x7D\xB7\x7D\xB7\x7D\xB7\x7E\xBF\x7E\xBF\x7D\xBF\x9E\xBF\x9D\xBF\x9E\xB7\x9D\xBF\x9E" +
	"\xBF\x9E\xB7\x9E\xB7\x7D\xBF\x7D\xC7\x9E\xC7\x7E\xCF\x9E\xD7\x9E\xD7\x9E\xD7\x9E\xD7\x9E\xD7\x9E\xDF\x9E\xDF\x9E\xDF\x9E\xDF\x9E" +
	"\xD7\x9E\xD7\x9E\xD7\x9E\xD7\x9E\xDF\x9E\xD7\x9E\xD7\x9E\xD7\x9E\xD7\x9E\xD7\x9E\xD7\x9E\xDF\x9E\xDF\x9E\xDF\x9E\xDF\x9E\xDF\x9E" +
	"\xE7\xBE\xE7\x9E\xE7\x9E\xE7\xBE\xE7\xBE\xE7\xBE\xE7\xBE\xE7\xBE\xE7\xBE\xEF\xBE\xEF\xBE\xE7\xBE\xE7\xBE\xEF\xBE\xEF\xBE\xEF\xBE" +
	"\x6E\xBD\x66\xBD\x66\xBC\x66\xBC\x66\xBC\x66\xBC\x66\xBC\x66\xBC\x66\xBC\x5E\x9C\x5E\x9C\x5E\x9C\x5E\x9C\x5E\x9C\x5E\x9C\x5E\x9C" +
	"\x5E\x9C\x5E\x9C\x5E\x9C\x5E\x9C\x5E\x9C\x5E\x9C\x56\x9C\x56\x9C\x5E\x9C\x56\x9C\x5E\x9C\x5E\x9C\x5E\xBC\x66\xBC\x66\xBC\x66\xBC" +
	"\x66\xBC\x66\xBC\x66\xBC\x66\xBC\x66\xBC\x66\xBC\x66\xBC\x5E\x9C\x5E\x9C\x5E\xBC\x5E\x9C\x5E\x9C\x5E\x9C\x56\x9C\x56\x9B\x56\x9C" +
	"\x56\x9C\x56\x9B\x4E\x9B\x4E\x9B\x4E\x9B\x4E\x7B\x4E\x7B\x46\x7B\x46\x7B\x46\x7B\x46\x7B\x46\x7B\x46\x7B\x46\x7B\x3E\x7B\x3E\x7B" +
	"\x46\x7B\x46\x7B\x46\x7B\x46\x7B\x46\x7B\x46\x7B\x46\x7B\x46\x7B\x46\x7B\x46\x7B\x4E\x7B\x46\x7B\x46\x7B\x46\x7B\x46\x7B\x46\x7B" +
	"\x46\x7B\x46\x7B\x46\x7B\x46\x7B\x46\x7B\x46\x7B\x46\x7B\x3E\x7B\x3E\x7B\x3E\x7B\x3E\x7B\x3E\x5A\x3E\x7A\x36\x7B\x3E\x7A\x3E\x5A" +
	"\x36\x5A\x3E\x5A\x3E\x5B\x3E\x5B\x36\x5B\x36\x5B\x36\x5B\x36\x5B\x36\x5A\x36\x5B\x36\x5B\x36\x5B\x36\x5B\x36\x5A\x36\x5A\x36\x5A" +
	"\x36\x5A\x3E\x5A\x3E\x5A\x3E\x5A\x3E\x5A\x3E\x5A\x3E\x5A\x3E\x5A\x3E\x5A\x3E\x5A\x3E\x5A\x3E\x5A\x3E\x5A\x3E\x5A\x3E\x7A\x46\x7B" +
	"\x4E\x7B\x4E\x7B\x4E\x7B\x4E\x7B\x4E\x7B\x4E\x7B\x56\x9B\x56\x9B\x56\x9B\x56\x9B\x46\x5B\x0C\xD9\x9E\x17\xFF\x15\xFF\x15\xFE\xF5" +
	"\xFE\xF5\xFE\xF5\xFF\x15\xF7\x15\xD6\xD6\xDE\xF7\xFF\x56\xDF\x18\x66\x3A\x8E\x7D\xA6\xDD\x7E\x9D\x6E\x9C\x6E\xBC\x5D\xDC\xEF\xBF" +
	"\xFF\xFF\xFF\xFF\xFF\xFF\xFF\xFF\xF7\xDF\xFF\xFF\xFF\xFF\xFF\xFF\xE7\x9F\x8E\xDD\x9F\x3D\x9F\x3D\x9F\x3D\x9F\x5D\xA7\x5D\xA7\x5D" +
	"\xA7\x5D\xA7\x5D\xAF\x5D\xB7\x7D\xB7\x5D\xB7\x5D\xB7\x5D\xBF\x7E\xBF\x7E\xBF\x7E\xBF\x7E\xB7\x9D\xBF\x9E\xB7\x9D\xBF\x7D\xBF\x7D" +
	"\xBF\x7D\xB7\x7D\xB7\x7D\xB7\x9E\xBF\x9E\xCF\x7E\xCF\x9E\xCF\x9E\xCF\x7E\xD7\x9E\xD7\x9E\xD7\x9E\xD7\x9E\xDF\x9E\xD7\x9E\xD7\x9E" +
	"\xD7\x9E\xD7\x9E\xD7\x9E\xD7\x9E\xDF\x9E\xD7\x9E\xD7\x9E\xD7\x9E\xD7\x9E\xD7\x9E\xD7\x9E\xDF\x9E\xDF\x9E\xDF\x9E\xD7\x9E\xD7\x9E" +
	"\xDF\x9E\xD7\x9E\xDF\x9E\xDF\x9E\xE7\xBE\xE7\xBE\xE7\xBE\xE7\xBE\xE7\xBE\xEF\xBE\xEF\xBE\xEF\xBE\xF7\xBE\xF7\xDE\xF7\xDE\xF7\xDE" +
	"\x66\xBC\x66\xBC\x66\xBD\x66\xBC\x66\xBC\x66\xBC\x66\xBC\x66\xBC\x66\xBC\x5E\x9C\x5E\x9C\x5E\x9C\x5E\x9C\x5E\x9C\x5E\x9C\x5E\x9C" +
	"\x5E\x9C\x5E\x9C\x5E\x9C\x5E\x9C\x5E\x9C\x5E\x9C\x56\x9C\x56\x9C\x56\x9C\x56\x9C\x56\x9C\x5E\x9C\x5E\x9C\x5E\x9C\x66\xBC\x66\xBC" +
	"\x66\xBC\x66\xBC\x66\xBC\x66\xBC\x66\xBC\x5E\xBC\x5E\x9C\x5E\x9C\x5E\x9C\x56\x9C\x5E\x9C\x56\x9C\x56\x9C\x56\x9C\x56\x9C\x56\x9C" +
	"\x4E\x9C\x4E\x9C\x4E\x7B\x4E\x9B\x4E\x7B\x4E\x7B\x46\x7B\x46\x7B\x46\x7B\x46\x7C\x46\x7B\x46\x7B\x46\x7B\x46\x7B\x3E\x7B\x3E\x7B" +
	"\x3E\x7B\x46\x7B\x46\x7B\x46\x7B\x46\x7B\x46\x7B\x46\x7B\x46\x7B\x46\x7B\x46\x7B\x46\x7B\x46\x7B\x4E\x7B\x46\x7B\x46\x7B\x46\x7B" +
	"\x46\x7B\x46\x7B\x46\x7B\x46\x7B\x46\x7B\x46\x7B\x46\x7B\x3E\x7B\x3E\x7B\x3E\x7B\x3E\x7B\x36\x5A\x25\xBA\x1D\x79\x25\xFA\x36\x3A" +
	"\x36\x3A\x36\x5A\x3E\x7B\x3E\x7A\x36\x5B\x36\x5B\x36\x5B\x36\x5B\x36\x5A\x36\x5B\x36\x5B\x36\x5B\x3E\x5B\x36\x5A\x36\x5A\x36\x5A" +
	"\x3E\x5A\x3E\x5A\x3E\x5A\x3E\x5A\x3E\x5A\x3E\x5A\x3E\x5A\x3E\x5A\x3E\x5A\x3E\x5A\x3E\x5A\x3E\x5A\x3E\x5A\x3E\x7A\x46\x7B\x46\x7B" +
	"\x4E\x7B\x4E\x9B\x4E\x7B\x4E\x7B\x4E\x9B\x4E\x7B\x4E\x9B\x4E\x9B\x4E\x7B\x4E\x9B\x14\xF9\x96\x17\xFF\x35\xFF\x15\xFF\x15\xFE\xF5" +
	"\xFE\xF5\xFF\x15\xAE\x56\x4D\x79\x76\x3C\x76\x3D\x4D\x59\xC6\xD8\xE7\x38\x45\x9B\x76\x7C\x76\xDC\x66\x7B\x5D\xDC\xDF\x9F\xFF\xFF" +
	"\xFF\xFF\xFF\xFF\xFF\xFF\xFF\xFF\xB6\xFE\x96\x9D\xB6\xFE\xCF\x5E\x9E\xBD\x96\xFD\x9F\x3D\x9F\x3D\x9F\x5D\x9F\x5D\x9F\x5D\xA7\x5D" +
	"\xAF\x5D\xAF\x5D\xB7\x5E\xB7\x5D\xB7\x7D\xB7\x7E\xB7\x7D\xB7\x7E\xBF\x7E\xBF\x7D\xBF\x7E\xB7\x7D\xBF\x7E\xBF\x7E\xB7\x7E\xBF\x7E" +
	"\xB7\x7E\xB7\x7D\xBF\x7E\xBF\x7D\xBF\x9E\xC7\x9E\xC7\x9E\xC7\x7E\xC7\x9D\xCF\x9E\xCF\x7E\xD7\x9E\xD7\x9E\xD7\x9E\xD7\x9E\xCF\x7E" +
	"\xCF\x7E\xD7\x9E\xD7\x9E\xD7\x9E\xD7\x9E\xD7\x9E\xD7\x9E\xD7\x9E\xD7\x9E\xD7\x9E\xD7\x9E\xD7\x9E\xD7\x9E\xCF\x9E\xCF\x7E\xCF\x9E" +
	"\xCF\x9E\xC7\x9E\xCF\x9E\xDF\x9E\xE7\xBE\xE7\xBE\xEF\xBE\xF7\xBE\xF7\xDE\xF7\xDE\xFF\xDE\xFF\xDE\xFF\xDF\xFF\xDF\xFF\xDE\xFF\xDE" +
	"\x66\xBC\x66\xBC\x66\xBC\x66\xBC\x66\xBC\x66\xBC\x66\xBC\x66\xBC\x66\xBC\x5E\x9C\x5E\x9C\x5E\x9C\x5E\x9C\x5E\x9C\x56\x9C\x56\x9C" +
	"\x56\x9C\x5E\x9C\x56\x9C\x5E\x9C\x5E\x9C\x5E\x9C\x56\x9C\x56\x9C\x56\x9C\x56\x9C\x56\x9C\x5E\x9C\x5E\x9C\x5E\x9C\x5E\x9C\x5E\x9C" +
	"\x5E\xBC\x5E\x9C\x5E\xBC\x5E\xBC\x5E\x9C\x5E\x9C\x5E\x9C\x56\x9C\x56\x9C\x56\x9C\x56\x9C\x56\x9C\x4E\x9C\x4E\x9C\x4E\x9C\x4E\x9C" +
	"\x4E\x9C\x4E\x9B\x4E\x7B\x4E\x7B\x4E\x7B\x46\x7B\x46\x7B\x46\x7B\x46\x7B\x3E\x7B\x46\x7B\x46\x7B\x46\x7B\x3E\x7B\x3E\x7B\x3E\x7B" +
	"\x36\x7B\x36\x7B\x3E\x7B\x46\x7B\x46\x7B\x46\x7B\x46\x7B\x46\x7B\x46\x7B\x46\x7B\x46\x7B\x46\x7B\x46\x7B\x46\x7B\x46\x7B\x46\x7B" +
	"\x46\x7B\x46\x7B\x46\x7B\x46\x7B\x46\x7B\x46\x7B\x3E\x7B\x3E\x7B\x3E\x7B\x36\x3A\x0D\x19\x04\x98\x05\x19\x05\x5A\x04\xB9\x04\xD9" +
	"\x04\xB8\x04\xF9\x0C\xD9\x15\x59\x36\x5A\x36\x5B\x36\x5B\x36\x5B\x36\x5A\x36\x5B\x36\x5B\x36\x5B\x3E\x5B\x36\x5A\x36\x5A\x36\x5A" +
	"\x3E\x5A\x3E\x5A\x3E\x5A\x3E\x5A\x3E\x5A\x3E\x5A\x3E\x5A\x3E\x5A\x3E\x5A\x3E\x5A\x3E\x5A\x3E\x5A\x3E\x5A\x46\x7A\x46\x7A\x46\x7A" +
	"\x46\x7B\x46\x7B\x46\x7B\x46\x7B\x4E\x9B\x4E\x7B\x4E\x7B\x4E\x7B\x4E\x7B\x26\x1A\x04\x78\x65\x99\x3D\x18\x9E\x16\xFF\x15\xFF\x15" +
	"\xFF\x15\xCE\xB7\x45\x5A\xEF\xDF\xFF\xFF\xFF\xFF\xE7\x9F\x65\xDC\xD6\xF9\xBE\xD9\x4D\xFC\x66\x3C\xA6\xDD\xE7\xBF\xF7\xFF\xFF\xFF" +
	"\xE7\x9F\xA6\xBD\xD7\x7E\xDF\x9E\xAE\xDD\x9E\xFD\x8E\xFD\x8E\xFD\x97\x1D\x97\x3D\x97\x3D\x97\x3D\x9F\x3D\x9F\x5D\x9F\x5D\xA7\x5D" +
	"\xA7\x5D\xAF\x5D\xB7\x7D\xB7\x7D\xB7\x7D\xB7\x5D\xB7\x7D\xBF\x7D\xBF\x7E\xBF\x7E\xBF\x7E\xBF\x7E\xBF\x7E\xB7\x7D\xB7\x7D\xB7\x7D" +
	"\xBF\x7E\xBF\x7E\xBF\x7D\xBF\x7E\xBF\x9E\xC7\x7E\xC7\x9D\xBF\x9D\xBF\x9E\xCF\x7E\xCF\x9E\xCF\x9E\xCF\x9E\xCF\x9E\xCF\x7E\xC7\x9E" +
	"\xCF\x9E\xCF\x9E\xCF\x9E\xD7\x9E\xD7\x9E\xD7\x9E\xCF\x9E\xCF\x9E\xCF\x9E\xD7\x9E\xD7\x9E\xCF\x7E\xC7\x9E\xC7\x9E\xCF\x9E\xCF\x9E" +
	"\xCF\x9E\xDF\x9E\xE7\x9E\xEF\xBE\xF7\xBE\xF7\xDE\xFF\xDE\xF7\xDE\xFF\xDE\xFF\xDE\xFF\xDE\xFF\xDF\xFF\xDE\xFF\xDE\xFF\xDF\xFF\xDE" +
	"\x66\xBC\x6E\xBD\x66\xBD\x66\xBC\x66\xBC\x66\xBC\x66\xBC\x66\xBC\x66\xBC\x5E\x9C\x5E\x9C\x5E\x9C\x5E\x9C\x5E\x9C\x56\x9C\x56\x9C" +
	"\x56\x9C\x5E\x9C\x5E\x9C\x5E\x9C\x5E\x9C\x56\x9C\x56\x9C\x56\x9C\x56\x9C\x56\x9C\x56\x9C\x56\x9C\x5E\x9C\x5E\x9C\x5E\x9C\x5E\xBC" +
	"\x5E\x9C\x5E\xBC\x5E\xBC\x5E\xBC\x5E\x9C\x5E\x9C\x56\x9C\x56\x9C\x56\x9C\x56\x9C\x56\x9C\x4E\x9C\x4E\x9C\x4E\x9C\x4E\x9C\x4E\x7B" +
	"\x4E\x9C\x4E\x7B\x4E\x7B\x46\x7B\x46\x7B\x46\x7B\x46\x7B\x46\x7B\x46\x7B\x3E\x7B\x3E\x7B\x3E\x7B\x3E\x7B\x3E\x7B\x3E\x7B\x3E\x7B" +
	"\x36\x7B\x36\x5B\x36\x7B\x3E\x7B\x3E\x7B\x3E\x7B\x46\x7B\x46\x7B\x46\x7B\x46\x7B\x46\x7B\x46\x7B\x46\x7B\x46\x7B\x46\x7B\x46\x7B" +
	"\x46\x7B\x46\x7B\x46\x7B\x46\x7B\x46\x7B\x3E\x7B\x3E\x7B\x3E\x7B\x3E\x7B\x15\x59\x04\x98\x2E\x5B\x05\x19\x05\x7A\x1E\x3B\x1E\x5B" +
	"\x2E\x7B\x0D\xDA\x05\x39\x15\x19\x0C\xF9\x36\x7B\x36\x5B\x36\x5B\x36\x5A\x36\x5A\x36\x5B\x36\x5B\x36\x5B\x36\x5A\x36\x5A\x36\x5A" +
	"\x36\x5A\x3E\x5A\x3E\x5A\x3E\x5A\x3E\x5A\x3E\x5A\x3E\x5A\x3E\x5A\x3E\x5A\x3E\x5A\x3E\x5A\x3E\x5A\x3E\x5A\x3E\x5A\x3E\x5A\x3E\x5A" +
	"\x3E\x7A\x46\x7A\x46\x7A\x46\x7B\x46\x7B\x46\x7B\x46\x7B\x46\x7B\x25\xBA\x45\x5A\xC7\x3E\xF7\xDF\xEF\xBF\x5D\x9B\x96\x17\xFF\x36" +
	"\xFF\x36\x5D\x99\xDF\x9F\xFF\xFF\xD7\x7F\xEF\xBF\xFF\xFF\xE7\xBF\x7E\x3B\xFF\x78\xCE\xF9\x76\x3B\x86\x5D\x7E\x5D\x86\x5D\x8E\x7D" +
	"\x86\x7D\x86\xDD\x86\xBD\x86\xBD\x96\xFD\x97\x3D\x97\x3D\x97\x3D\x97\x3D\x97\x3D\x97\x3D\x97\x3D\x9F\x3D\x9F\x5D\x9F\x5D\xA7\x5D" +
	"\xAF\x5D\xAF\x5D\xAF\x7D\xB7\x5D\xB7\x5D\xB7\x5D\xB7\x5D\xBF\x7D\xBF\x7D\xB7\x7D\xB7\x7D\xB7\x7D\xB7\x7D\xB7\x7D\xB7\x5D\xB7\x7D" +
	"\xB7\x7D\xB7\x7D\xB7\x5D\xB7\x7D\xB7\x9D\xBF\x9D\xBF\x9E\xBF\x9D\xBF\x9D\xC7\x9E\xC7\x9E\xCF\x9E\xCF\x9E\xC7\x9E\xCF\x7E\xC7\x9E" +
	"\xCF\x9D\xCF\x9E\xD7\x9E\xCF\x7E\xCF\x7E\xCF\x9E\xC7\x9E\xC7\x9E\xCF\x9E\xD7\x9E\xD7\x9E\xDF\x9E\xDF\x9E\xE7\x9E\xE7\x9E\xEF\xBE" +
	"\xEF\xBE\xEF\xBE\xF7\xBE\xF7\xBE\xF7\xBE\xF7\xBE\xF7\xBE\xF7\xBE\xFF\xBE\xFF\xDE\xFF\xDE\xFF\xDE\xFF\xDE\xFF\xDE\xFF\xDE\xFF\xDE" +
	"\x66\xBD\x66\xBC\x66\xBD\x66\xBD\x66\xBC\x66\xBC\x5E\x9C\x66\xBC\x5E\xBC\x5E\x9C\x5E\xBC\x5E\xBC\x5E\x9C\x5E\x9C\x5E\x9C\x56\x9C" +
	"\x5E\x9C\x5E\x9C\x5E\x9C\x5E\x9C\x5E\x9C\x56\x9C\x4E\x9C\x4E\x9C\x56\x9C\x56\x9C\x4E\x9C\x56\x9C\x5E\x9C\x5E\x9C\x5E\x9C\x5E\x9C" +
	"\x5E\xBC\x5E\x9C\x5E\x9C\x5E\x9C\x56\x9C\x56\x9C\x56\x9C\x4E\x9C\x4E\x9C\x4E\x9C\x4E\x9C\x4E\x9C\x4E\x9C\x4E\x9C\x4E\x9C\x4E\x7B" +
	"\x4E\x9B\x4E\x7B\x46\x7B\x46\x7B\x46\x7B\x46\x7B\x46\x7B\x46\x7B\x3E\x7B\x3E\x7B\x3E\x7B\x3E\x7B\x3E\x7B\x3E\x7B\x3E\x5B\x36\x7B" +
	"\x36\x7B\x36\x5B\x36\x5B\x36\x5B\x3E\x7B\x3E\x7B\x3E\x7B\x3E\x7B\x3E\x7B\x3E\x7B\x46\x7B\x46\x7B\x46\x7B\x46\x7B\x46\x7B\x46\x7B" +
	"\x3E\x7B\x3E\x7B\x3E\x7B\x3E\x7B\x3E\x5B\x36\x5B\x36\x7B\x36\x5B\x3E\x7B\x15\x9A\x04\x38\x15\xBA\x05\x5A\x05\xFB\x15\x39\x15\xDA" +
	"\x1D\x79\x36\x9B\x05\x39\x15\x59\x04\xD9\x36\x7B\x36\x5B\x36\x5B\x36\x5B\x36\x5A\x36\x5B\x36\x5B\x36\x5B\x3E\x5B\x36\x5A\x36\x5A" +
	"\x36\x5A\x36\x5A\x3E\x5A\x3E\x5A\x3E\x5A\x3E\x5A\x3E\x5A\x36\x5A\x3E\x5A\x3E\x5A\x3E\x5A\x3E\x5A\x3E\x5A\x3E\x5A\x3E\x5A\x3E\x5A" +
	"\x3E\x5A\x3E\x7A\x3E\x7A\x46\x5A\x46\x7B\x46\x7A\x46\x7A\x3E\x7B\x24\xF9\xF7\xDF\xFF\xFF\xFF\xFF\xFF\xFF\xFF\xFF\x5D\xBB\xDE\xF6" +
	"\xF7\x16\x4D\x9A\xF7\xDF\xD7\x7E\x24\xFA\x96\x9D\xFF\xFF\xFF\xFF\x86\x7D\xF7\x59\xFF\x79\xF7\x59\x96\x7B\x7E\x5D\x86\xDD\x8F\x1D" +
	"\x8F\x1D\x8F\x1D\x8F\x1D\x8F\x1D\x97\x3D\x97\x3D\x97\x3D\x97\x1D\x97\x3D\x97\x3D\x9F\x3D\x9F\x3D\x9F\x3D\x9F\x3D\x9F\x5D\xA7\x5D" +
	"\xAF\x5D\xAF\x5D\xAF\x5D\xB7\x5D\xB7\x5D\xB7\x5D\xB7\x7D\xB7\x7D\xB7\x7E\xB7\x7D\xB7\x7D\xB7\x7D\xB7\x5D\xAF\x5D\xAF\x5D\xAF\x5D" +
	"\xAF\x5D\xB7\x5D\xB7\x5D\xB7\x7E\xB7\x7E\xBF\x7E\xB7\x9D\xB7\x7E\xBF\x9E\xBF\x9E\xB7\x9D\xC7\x7E\xC7\x9E\xCF\x9E\xC7\x9E\xCF\x7E" +
	"\xCF\x7E\xCF\x7E\xCF\x7E\xCF\x9E\xD7\x9E\xD7\x9E\xD7\x9E\xDF\x9E\xE7\x9E\xE7\x9E\xEF\xBE\xF7\xBE\xEF\xBE\xF7\xBE\xEF\xBE\xEF\xBE" +
	"\xEF\xBE\xF7\xBE\xF7\xBE\xF7\xBE\xF7\xBE\xF7\xBE\xF7\xBE\xF7\xBE\xFF\xDE\xF7\xDE\xF7\xBE\xFF\xBE\xFF\xBE\xFF\xBE\xFF\xDE\xFF\xBE" +
	"\x66\xBD\x66\x9C\x66\xBC\x66\xBC\x5E\x9C\x5E\x9C\x5E\x9C\x5E\x9C\x5E\xBC\x5E\x9C\x5E\x9C\x5E\x9C\x5E\x9C\x5E\x9C\x5E\x9C\x5E\x9C" +
	"\x5E\x9C\x5E\x9C\x5E\x9C\x56\x9C\x56\x9C\x56\x9C\x56\x9C\x56\x9C\x56\x9C\x56\x9C\x56\x9C\x56\x9C\x56\x9C\x56\x9C\x56\x9C\x56\x9C" +
	"\x56\x9C\x5E\x9C\x56\x9C\x56\x9C\x56\x9C\x56\x9C\x56\x9C\x4E\x9C\x4E\x7C\x4E\x9C\x4E\x9C\x4E\x9C\x4E\x9C\x4E\x9C\x4E\x9C\x4E\x7C" +
	"\x4E\x7B\x4E\x7B\x46\x7B\x46\x7B\x46\x7B\x46\x7C\x46\x7B\x46\x7B\x3E\x7B\x3E\x7B\x36\x7B\x36\x5B\x36\x7B\x36\x5B\x2E\x5B\x36\x5B" +
	"\x36\x5B\x2E\x5B\x2E\x5B\x36\x5B\x36\x7B\x36\x7B\x3E\x5B\x3E\x7B\x3E\x7B\x36\x7B\x3E\x7B\x3E\x7B\x3E\x7B\x3E\x7B\x3E\x7B\x3E\x5B" +
	"\x3E\x7B\x3E\x7B\x36\x5B\x36\x5B\x36\x5B\x36\x5B\x36\x5B\x36\x5B\x36\x7B\x26\x7B\x25\xFA\x0C\x98\x04\x58\x04\xB8\x04\x58\x04\x98" +
	"\x0C\x58\x0C\xB8\x0C\x98\x15\x59\x36\x5A\x36\x7B\x36\x5B\x36\x5B\x36\x5B\x36\x5A\x36\x5A\x36\x5B\x36\x5B\x36\x5B\x36\x5B\x36\x5A" +
	"\x36\x5A\x36\x5A\x3E\x5A\x3E\x5A\x3E\x5A\x3E\x5A\x36\x5A\x3E\x5A\x3E\x5A\x3E\x5A\x3E\x5A\x3E\x5A\x3E\x5A\x3E\x5A\x3E\x5A\x3E\x5A" +
	"\x3E\x5A\x3E\x7A\x3E\x7A\x3E\x7A\x3E\x7A\x3E\x7A\x46\x7A\x35\xDA\x86\x3C\xFF\xFF\x8E\x7D\xAE\xBD\xFF\xFF\xFF\xFF\xAE\xFE\x9E\x58" +
	"\xFF\x36\x5D\xDB\xF7\xFF\xFF\xFF\xAE\xDD\xEF\xBF\xFF\xFF\xFF\xFF\x86\x5C\xEF\x59\xFF\x79\xFF\x79\xFF\x79\xD7\x1A\x96\x7B\x76\x3D" +
	"\x86\xFD\x8F\x1D\x8F\x1D\x8F\x1D\x8F\x1D\x97\x3D\x97\x1D\x8F\x1D\x97\x3D\x97\x3D\x97\x3D\x9F\x3D\x9F\x5D\x9F\x5D\xA7\x5D\xA7\x5D" +
	"\xAF\x5D\xAF\x5D\xA7\x5D\xAF\x5D\xB7\x5D\xAF\x5D\xB7\x5D\xB7\x5D\xB7\x5D\xB7\x7D\xAF\x5D\xAF\x5D\xAF\x5D\xA7\x5D\xA7\x5D\xA7\x5D" +
	"\xAF\x5D\xA7\x5D\xA7\x5D\xAF\x5D\xB7\x7D\xB7\x7D\xB7\x7D\xBF\x7E\xB7\x7E\xB7\x9D\xB7\x7E\xBF\x7E\xBF\x7E\xBF\x9D\xCF\x7E\xD7\x9E" +
	"\xD7\x7E\xD7\x9E\xDF\x9E\xE7\x9E\xE7\xBE\xEF\xBE\xEF\xBE\xEF\xBE\xEF\xBE\xEF\xBE\xEF\xBE\xEF\xBE\xEF\xBE\xEF\x9E\xEF\xBE\xEF\x9E" +
	"\xF7\xBE\xF7\xBE\xF7\xBE\xF7\xBE\xF7\xBE\xF7\xBE\xF7\xBE\xF7\xBE\xFF\xBE\xF7\xBE\xF7\xBE\xF7\xBE\xF7\xBE\xF7\xBE\xF7\xBE\xF7\xBE" +
	"\x66\xBD\x66\xBC\x5E\xBC\x5E\x9C\x5E\x9C\x56\x9C\x56\x9C\x56\x9C\x5E\x9C\x5E\x9C\x5E\x9C\x5E\x9C\x5E\x9C\x5E\x9C\x5E\x9C\x5E\x9C" +
	"\x5E\x9C\x5E\x9C\x5E\x9C\x56\x9C\x56\x9C\x56\x9C\x56\x9C\x56\x9C\x56\x9C\x56\x9C\x56\x9C\x56\x9C\x4E\x9C\x4E\x9C\x56\x9C\x4E\x9C" +
	"\x56\x9C\x56\x9C\x56\x9C\x4E\x9C\x4E\x9C\x4E\x9C\x4E\x9C\x4E\x7C\x4E\x7C\x46\x7C\x46\x7B\x46\x7B\x4E\x9C\x4E\x9C\x4E\x9C\x4E\x9C" +
	"\x4E\x7B\x46\x7B\x4E\x7B\x46\x7C\x46\x7C\x46\x7B\x3E\x7B\x3E\x7B\x36\x7B\x36\x5B\x36\x5B\x36\x5B\x36\x5B\x36\x5B\x36\x5B\x36\x5B" +
	"\x2E\x5B\x2E\x5B\x36\x5B\x2E\x5B\x36\x5B\x36\x5B\x36\x5B\x36\x5B\x36\x5B\x36\x5B\x36\x7B\x36\x5B\x36\x5B\x36\x5B\x36\x7B\x3E\x7B" +
	"\x36\x5B\x36\x5B\x36\x5B\x36\x5B\x36\x5B\x2E\x5B\x2E\x5B\x1E\x3B\x05\x19\x04\x78\x25\xDA\x36\x7B\x26\x5A\x0D\x39\x1C\xD9\x35\xBB" +
	"\x14\xB8\x2E\x7B\x36\x7B\x36\x7B\x0D\x39\x0C\xF9\x1E\x1A\x36\x5B\x36\x5B\x36\x5B\x36\x5A\x36\x5B\x36\x5B\x36\x5B\x3E\x5B\x36\x5A" +
	"\x36\x5A\x36\x5A\x36\x5A\x3E\x5A\x3E\x5A\x36\x5A\x3E\x5A\x3E\x5A\x3E\x5A\x3E\x5A\x3E\x5A\x3E\x5A\x3E\x5A\x3E\x5A\x3E\x5A\x3E\x5A" +
	"\x3E\x5A\x3E\x7A\x3E\x7A\x3E\x7A\x3E\x7A\x3E\x5A\x46\x7A\x2D\xBA\xAE\xBD\xDF\x9F\x0C\x78\x6D\xDB\xFF\xFF\xFF\xFF\xCF\x5E\x9E\x38" +
	"\xFF\x57\x86\x39\xA6\xDE\xFF\xFF\xFF\xFF\xFF\xFF\xFF\xFF\xAE\xFE\x86\x5B\xFF\x79\xFF\x79\xFF\x79\xFF\x79\xFF\x79\xFF\x79\xB6\xDB" +
	"\x76\x5D\x87\x1C\x86\xFC\x8F\x1D\x8F\x1D\x8F\x1D\x97\x1D\x97\x3D\x97\x3D\x97\x3D\x9F\x5D\x9F\x5D\xA7\x5D\xA7\x5D\xA7\x5D\xA7\x5D" +
	"\xAF\x5D\xAF\x5D\xAF\x5D\xAF\x5D\xAF\x5D\xAF\x5D\xB7\x5D\xAF\x5D\xAF\x5D\xAF\x5D\xAF\x5D\xA7\x5D\xA7\x5D\xA7\x5D\xA7\x5D\xA7\x5D" +
	"\xA7\x5D\xA7\x5D\xA7\x5D\xA7\x5D\xAF\x5D\xB7\x7D\xB7\x7D\xB7\x5D\xB7\x5D\xB7\x7D\xB7\x7D\xBF\x7D\xC7\x7E\xCF\x9D\xDF\x9E\xE7\x9E" +
	"\xEF\x9E\xEF\x9E\xEF\xBE\xEF\xBE\xEF\xBE\xEF\x9E\xEF\x9E\xEF\xBE\xEF\x9E\xEF\x9D\xEF\x9D\xEF\x9E\xEF\x9D\xEF\x9D\xEF\x9D\xEF\x9D" +
	"\xEF\xBE\xF7\xBE\xF7\x9E\xF7\xBE\xF7\xBE\xF7\xBE\xF7\xBE\xF7\xBE\xF7\xBE\xF7\xBE\xF7\xBE\xF7\xBE\xF7\xBE\xF7\xBE\xF7\xBE\xF7\xBE" +
	"\x66\xBC\x66\xBC\x66\xBC\x5E\x9C\x56\x9C\x56\x9C\x56\x9C\x56\x9C\x56\x9C\x5E\x9C\x5E\x9C\x5E\x9C\x5E\x9C\x5E\x9C\x5E\x9C\x5E\x9C" +
	"\x56\x9C\x56\x9C\x5E\x9C\x5E\x9C\x56\x9C\x56\x9C\x56\x9C\x56\x9C\x56\x9C\x56\x9C\x56\x9C\x4E\x9C\x4E\x9C\x4E\x9C\x4E\x9C\x4E\x7C" +
	"\x4E\x9C\x4E\x9C\x4E\x7C\x4E\x9C\x4E\x9C\x4E\x9C\x4E\x7C\x4E\x7B\x46\x7C\x3E\x7C\x46\x7C\x46\x7C\x4E\x9C\x4E\x9C\x4E\x9C\x4E\x9C" +
	"\x4E\x7C\x46\x7C\x46\x7C\x46\x7B\x46\x7B\x3E\x7B\x3E\x7B\x3E\x7B\x3E\x7B\x3E\x5B\x36\x5B\x36\x5B\x36\x5B\x2E\x5B\x2E\x5B\x2E\x5B" +
	"\x36\x5B\x36\x5B\x36\x5B\x2E\x5B\x2E\x5B\x36\x5B\x36\x5B\x2E\x5B\x36\x5B\x2E\x5B\x36\x5B\x36\x5B\x36\x5B\x36\x5B\x36\x5B\x36\x5B" +
	"\x36\x5B\x36\x5B\x36\x5B\x36\x5B\x2E\x5B\x2E\x5B\x2E\x5B\x25\xBA\x24\xF9\x56\x7C\x14\x98\x2E\x3A\x1D\x99\x04\x98\x14\xFA\x1C\xF9" +
	"\x0C\x58\x0D\x39\x1D\xBA\x0C\xD9\x45\x9B\x45\xDB\x15\x19\x36\x7B\x36\x5B\x36\x5B\x36\x5A\x36\x5B\x36\x5B\x36\x5B\x36\x5B\x36\x5A" +
	"\x36\x5A\x36\x5A\x36\x5B\x36\x5B\x36\x5A\x3E\x5A\x36\x5A\x36\x5A\x36\x5A\x3E\x5A\x3E\x5A\x3E\x5A\x3E\x5A\x3E\x5A\x3E\x5A\x3E\x5A" +
	"\x3E\x5A\x3E\x5A\x3E\x7A\x3E\x5A\x46\x7A\x46\x7B\x46\x7B\x2D\xDA\xB6\xFD\xFF\xFF\xCF\x5E\xE7\x9F\xFF\xFF\xFF\xFF\x9E\xBD\x75\xB9" +
	"\xC6\xD9\xAE\xB9\x4D\x9B\x65\xDC\x8E\x7D\x86\x5D\x65\xDC\x5D\xDB\xD7\x1A\xF7\x79\xE7\x3A\xDF\x1A\xEF\x59\xFF\x79\xFF\x79\xFF\x79" +
	"\xB6\xDB\x76\xBD\x87\x1D\x8F\x1D\x8F\x1D\x97\x3D\x97\x3D\x97\x3D\x97\x3D\x9F\x3D\x9F\x5D\x9F\x5D\x9F\x5D\xA7\x5D\xA7\x5D\xAF\x5D" +
	"\xAF\x5D\xAF\x5D\xAF\x5D\xAF\x5D\xAF\x5D\xAF\x5D\xAF\x5D\xAF\x5D\xAF\x5D\xA7\x5D\xA7\x5D\xA7\x5D\xA7\x5D\xA7\x5D\xA7\x5D\xA7\x5D" +
	"\xA7\x5D\xA7\x5D\xA7\x5D\xA7\x5D\xA7\x5D\xAF\x5D\xAF\x7D\xB7\x7D\xBF\x7D\xC7\x7D\xD7\x9D\xD7\x9E\xDF\x9D\xE7\x9E\xE7\x9D\xEF\x9E" +
	"\xEF\xBE\xEF\xBE\xEF\xBE\xEF\xBE\xEF\x9E\xEF\xBE\xEF\x9D\xEF\x9E\xE7\x9D\xE7\x9D\xE7\x9D\xE7\x9D\xE7\x9D\xE7\x9D\xEF\x9D\xEF\x9D" +
	"\xEF\x9D\xEF\x9E\xEF\x9D\xEF\x9D\xEF\x9D\xEF\x9E\xEF\x9E\xEF\x9D\xEF\x9E\xEF\xBE\xEF\xBE\xE7\x9D\xE7\x9D\xEF\xBE\xEF\xBE\xEF\xBE" +
	"\x6E\xBD\x66\xBC\x66\x9C\x5E\x9C\x56\x9C\x56\x9C\x56\x9C\x56\x9C\x56\x9C\x56\x9C\x56\x9C\x56\x9C\x56\x9C\x56\x9C\x56\x9C\x56\x9C" +
	"\x56\x9C\x56\x9C\x56\x9C\x56\x9C\x56\x9C\x56\x9C\x56\x9C\x56\x9C\x4E\x9C\x4E\x9C\x4E\x9C\x4E\x9C\x4E\x9C\x4E\x7C\x46\x7C\x4E\x7C" +
	"\x46\x7C\x46\x7C\x4E\x7C\x46\x7C\x46\x7C\x46\x7C\x4E\x7B\x46\x7C\x3E\x7C\x3E\x7C\x46\x7B\x46\x7C\x4E\x7C\x46\x7C\x46\x7B\x46\x7B" +
	"\x46\x7C\x46\x7B\x46\x7C\x46\x7B\x46\x7B\x46\x7B\x46\x7B\x3E\x7B\x3E\x7B\x3E\x7B\x36\x5B\x2E\x5B\x2E\x5B\x2E\x5B\x2E\x5B\x2E\x5B" +
	"\x2E\x5B\x2E\x5B\x26\x5B\x2E\x5B\x36\x5B\x36\x5B\x36\x5B\x2E\x5B\x2E\x5B\x36\x5B\x36\x5B\x36\x5B\x36\x5B\x36\x5B\x36\x5B\x36\x5B" +
	"\x36\x5B\x36\x5B\x36\x5B\x36\x5B\x2E\x5B\x2E\x5B\x2E\x5B\x1D\xBA\x35\x7B\x66\x9D\x0C\x78\x2D\x1A\x2D\x3A\x4D\xFB\x4E\x1C\x4D\xFC" +
	"\x4E\x1B\x3D\xDA\x24\xD9\x45\xDB\x6E\xDD\x3D\xBB\x15\x59\x36\x7B\x36\x5B\x36\x5B\x36\x5B\x36\x5B\x36\x5B\x36\x5B\x36\x5B\x36\x5B" +
	"\x36\x5B\x36\x5B\x36\x5B\x36\x5B\x36\x5B\x36\x5A\x36\x5A\x36\x5A\x36\x5A\x3E\x5A\x3E\x5A\x3E\x5A\x3E\x5A\x3E\x5A\x3E\x5A\x3E\x5A" +
	"\x3E\x5A\x3E\x5A\x3E\x5A\x46\x7B\x46\x7B\x46\x7B\x4E\x7B\x36\x3B\x5D\xBB\xEF\xDF\xFF\xFF\xFF\xFF\xFF\xFF\xE7\x9F\x3D\x3A\x2C\xFA" +
	"\x4D\x7B\x65\xBB\x9E\x99\xA6\x9A\x7E\x1A\x8E\x5A\xBE\xDA\xEF\x5A\xFF\x79\xDF\x19\xAE\x9D\xA6\x7D\xCF\x1A\xFF\x79\xFF\x79\xFF\x79" +
	"\xEF\x59\x7E\x7D\x87\x1D\x8E\xFD\x8F\x1D\x97\x3D\x97\x1D\x97\x3D\x9F\x3D\x9F\x5D\x9F\x5D\x9F\x5D\x9F\x5D\x9F\x5D\xA7\x5D\xAF\x5D" +
	"\xAF\x5D\xAF\x5D\xAF\x5D\xAF\x5D\xAF\x5D\xAF\x5D\xA7\x5D\xA7\x5D\xA7\x5D\xA7\x5D\x9F\x5D\x9F\x5D\x9F\x5D\xA7\x5D\xA7\x5D\xA7\x5D" +
	"\xA7\x5D\xA7\x5D\xAF\x5D\xB7\x7D\xBF\x7D\xC7\x7D\xC7\x7D\xCF\x7D\xD7\x7D\xDF\x9D\xDF\x9D\xE7\x9E\xE7\x9D\xE7\x9D\xE7\x9D\xE7\x9D" +
	"\xEF\x9E\xEF\x9E\xEF\x9E\xEF\x9D\xEF\x9E\xE7\x9D\xE7\x9D\xE7\x9D\xDF\x9D\xDF\x7D\xDF\x7D\xDF\x7D\xDF\x7D\xE7\x7D\xE7\x7D\xE7\x9D" +
	"\xE7\x7D\xE7\x9D\xE7\x9D\xE7\x9D\xE7\x9D\xE7\x9D\xE7\x9D\xDF\x9D\xDF\x7D\xDF\x9D\xE7\x9E\xE7\x9E\xE7\x9E\xEF\xBE\xEF\xBE\xE7\xBE" +
	"\x66\xBC\x5E\xBC\x5E\x9C\x56\x9C\x4E\x9C\x4E\x9C\x4E\x9C\x4E\x9C\x4E\x9C\x4E\x9C\x56\x9C\x56\x9C\x56\x9C\x56\x9C\x56\x9C\x56\x9C" +
	"\x56\x9C\x56\x9C\x56\x9C\x56\x9C\x56\x9C\x4E\x9C\x4E\x9C\x4E\x9C\x4E\x9C\x4E\x9C\x4E\x9C\x4E\x9C\x4E\x7C\x46\x7C\x3E\x7C\x3E\x7C" +
	"\x3E\x7C\x3E\x7C\x3E\x7C\x3E\x7C\x3E\x7C\x46\x7C\x46\x7C\x46\x7B\x3E\x7C\x3E\x7B\x3E\x7B\x46\x7B\x46\x7B\x46\x7B\x46\x7B\x3E\x7B" +
	"\x3E\x7B\x3E\x7B\x3E\x7B\x3E\x7B\x46\x7B\x3E\x7B\x3E\x7B\x3E\x7B\x3E\x7B\x3E\x5B\x36\x5B\x2E\x5B\x2E\x5B\x2E\x5B\x2E\x5B\x2E\x5B" +
	"\x2E\x5B\x2E\x5B\x26\x5B\x2E\x5B\x36\x5B\x36\x5B\x2E\x5B\x2E\x5B\x2E\x5B\x36\x5B\x36\x5B\x36\x5B\x36\x5B\x36\x5B\x36\x5B\x36\x5B" +
	"\x36\x5B\x36\x5B\x2E\x5B\x2E\x5B\x2E\x5B\x2E\x5B\x2E\x5B\x1D\xBA\x0C\xB9\x45\xBB\x56\x7C\x6E\xBD\x6E\xBD\x6E\xBD\x6E\xBD\x6E\xBD" +
	"\x6E\xBD\x6E\xBD\x6E\xBD\x6E\xBD\x56\x1C\x04\x17\x36\x3A\x36\x5B\x36\x5B\x36\x5B\x36\x5B\x36\x5B\x36\x5B\x36\x5B\x36\x5B\x36\x5B" +
	"\x36\x5B\x36\x5B\x36\x5B\x36\x5B\x36\x5B\x36\x5B\x36\x5A\x36\x5A\x36\x5A\x3E\x5A\x3E\x5A\x3E\x7A\x46\x7A\x3E\x5A\x3E\x5A\x3E\x5A" +
	"\x3E\x5A\x3E\x7A\x46\x7A\x4E\x7B\x4E\x7B\x4E\x7B\x4E\x9B\x56\x9B\x35\x7A\x2C\xD9\x55\x7B\x75\xDB\x5D\x9B\x2C\xD9\x6D\x7B\x8D\x9B" +
	"\xBE\x3B\xCE\x7C\x75\xFA\xFF\x58\xF7\x17\xEE\x95\xE6\x95\xEE\xD6\xEE\xF6\xD6\xF9\xA6\x7C\xAE\x9D\xCF\x1A\xFF\x79\xFF\x79\xFF\x79" +
	"\xFF\x79\x96\x7C\x8F\x1D\x8F\x1D\x97\x3D\x97\x3D\x97\x3D\x97\x3D\x9F\x3D\x9F\x5D\x9F\x5D\x9F\x5D\x9F\x5D\x9F\x5D\x9F\x5D\xA7\x5D" +
	"\xAF\x5D\xAF\x5D\xA7\x5D\xAF\x5D\xA7\x5D\xA7\x5D\xA7\x5D\xA7\x5D\xA7\x5D\x9F\x5D\x9F\x3D\x9F\x3D\xA7\x5D\xA7\x5D\xAF\x7D\xB7\x7D" +
	"\xBF\x7D\xC7\x7D\xC7\x7D\xCF\x7D\xCF\x7D\xD7\x7D\xD7\x7D\xD7\x7D\xDF\x9D\xDF\x9D\xDF\x9D\xDF\x9D\xDF\x9D\xE7\x9D\xE7\x9D\xE7\x9D" +
	"\xE7\x9E\xE7\x7D\xE7\x7D\xE7\x9D\xDF\x7D\xE7\x9D\xE7\x9D\xDF\x7D\xDF\x7D\xD7\x5D\xCF\x5C\xCF\x5C\xCF\x7D\xD7\x7D\xCF\x7D\xD7\x7D" +
	"\xD7\x7D\xD7\x7D\xCF\x7D\xD7\x7D\xD7\x9D\xDF\x9D\xDF\x9D\xDF\xBE\xD7\x9E\xD7\x9E\xD7\x9E\xCF\x9E\xC7\x7E\xB7\x5D\xAF\x7D\xA7\x5D" +
	"\x5E\x9C\x5E\x9C\x5E\x9C\x56\x9C\x4E\x9C\x4E\x7C\x4E\x7C\x4E\x9C\x4E\x7C\x4E\x7C\x4E\x7C\x4E\x9C\x56\x9C\x56\x9C\x56\x9C\x56\x9C" +
	"\x56\x9C\x4E\x9C\x4E\x9C\x4E\x9C\x4E\x9C\x4E\x9C\x4E\x7C\x4E\x9C\x4E\x7C\x4E\x7C\x46\x7C\x46\x7C\x46\x7C\x3E\x7C\x36\x7C\x36\x7C" +
	"\x36\x5C\x36\x5C\x36\x7C\x36\x7C\x36\x7C\x3E\x7B\x3E\x7B\x3E\x7B\x3E\x7B\x36\x7B\x36\x5B\x3E\x7B\x3E\x7B\x3E\x7B\x3E\x7B\x3E\x7B" +
	"\x3E\x7B\x3E\x7B\x3E\x7B\x3E\x7B\x3E\x7B\x3E\x7B\x3E\x5B\x3E\x5B\x3E\x5B\x36\x7B\x36\x5B\x36\x5B\x2E\x5B\x2E\x5B\x2E\x5B\x2E\x5B" +
	"\x2E\x5B\x2E\x5B\x2E\x5B\x26\x5B\x2E\x5B\x2E\x5B\x2E\x5B\x2E\x5B\x2E\x5B\x36\x5B\x36\x5B\x36\x5B\x36\x5B\x36\x5B\x36\x5B\x2E\x5B" +
	"\x36\x5B\x2E\x5B\x2E\x5B\x2E\x5B\x2E\x5B\x2E\x5B\x36\x7B\x0C\xF9\x3D\xBB\x6E\xBD\x6E\xBD\x6E\xBD\x6E\x9D\x6E\x9D\x6E\x9D\x6E\x9D" +
	"\x6E\x9D\x6E\xBD\x6E\xBD\x6E\xBD\x6E\xBD\x45\xDB\x14\xB8\x36\x5A\x36\x5B\x36\x5A\x36\x5A\x36\x5B\x36\x5B\x36\x5B\x36\x5B\x36\x5B" +
	"\x36\x5B\x36\x5B\x36\x5B\x36\x5B\x36\x5B\x36\x5B\x3E\x5A\x36\x5A\x36\x5A\x3E\x5A\x46\x7B\x4E\x7B\x4E\x7B\x4E\x7B\x46\x7B\x3E\x5A" +
	"\x3E\x5A\x46\x7B\x4E\x7B\x56\x9B\x56\x9B\x56\x9B\x56\x9B\x56\x9B\x56\xBB\x4E\x1B\x2D\x9A\x35\x9A\x35\x3A\x5D\x79\x55\x5B\x5D\x7B" +
	"\x55\x7B\x45\x5B\x96\x18\xDE\x74\xDE\x54\xDE\x74\xDE\x74\xDE\x75\xE6\x75\xD6\x76\x7E\x1C\x8E\x5C\xEF\x5A\xFF\x79\xFF\x79\xFF\x79" +
	"\xF7\x79\x7E\x5D\x8E\xDD\x97\x3D\x97\x3D\x97\x3D\x97\x3D\x97\x3D\x9F\x3D\x9F\x5D\x9F\x5D\x9F\x5D\x9F\x5D\x9F\x5D\x9F\x5D\xA7\x5D" +
	"\xA7\x5D\xA7\x5D\xA7\x5D\xA7\x5D\xA7\x5D\xA7\x5D\xA7\x5D\xA7\x5D\xA7\x5D\xA7\x5D\xAF\x5D\xB7\x7D\xB7\x7D\xBF\x7D\xC7\x7D\xCF\x7D" +
	"\xCF\x7D\xCF\x7D\xD7\x7D\xD7\x7D\xD7\x7D\xD7\x7D\xD7\x7D\xD7\x7D\xDF\x9D\xDF\x7D\xDF\x7D\xDF\x9D\xDF\x7D\xDF\x7D\xDF\x9D\xDF\x7D" +
	"\xDF\x7D\xD7\x7D\xD7\x7D\xD7\x7D\xD7\x7D\xD7\x7D\xD7\x7D\xCF\x5D\xCF\x5D\xC7\x5C\xBF\x5C\xBF\x5C\xBF\x5C\xB7\x5C\xBF\x7C\xC7\x7D" +
	"\xD7\x9D\xD7\x9D\xC7\x7D\xCF\x9D\xCF\x9E\xC7\x7E\xAF\x5D\xB7\x5D\x9F\x3D\x8F\x1C\x8F\x1D\x8F\x1D\x8F\x1D\x97\x3D\x97\x3D\x97\x3D" +
	"\x5E\x9C\x56\x9C\x56\x9C\x56\x9C\x4E\x9C\x4E\x7C\x46\x7C\x46\x7C\x46\x7C\x46\x7C\x46\x7C\x46\x7C\x4E\x7C\x4E\x9C\x4E\x9C\x4E\x9C" +
	"\x4E\x9C\x4E\x9C\x4E\x9C\x4E\x9C\x4E\x9C\x4E\x9C\x4E\x7C\x46\x7C\x46\x7C\x46\x7C\x46\x7C\x46\x7C\x3E\x7C\x36\x5C\x36\x7C\x36\x7C" +
	"\x2E\x5C\x36\x5C\x2E\x5C\x2E\x5C\x36\x7B\x36\x7B\x36\x5B\x36\x7B\x36\x7B\x36\x5B\x36\x7B\x36\x7B\x36\x5B\x36\x5B\x36\x5B\x36\x7B" +
	"\x36\x7B\x36\x7B\x36\x7B\x3E\x7B\x36\x7B\x3E\x7B\x3E\x5B\x36\x5B\x36\x5B\x36\x5B\x36\x5B\x2E\x5B\x2E\x5B\x2E\x5B\x2E\x5B\x2E\x5B" +
	"\x2E\x5B\x2E\x5B\x2E\x5B\x26\x5B\x2E\x5B\x2E\x5B\x2E\x5B\x2E\x5B\x2E\x5B\x2E\x5B\x36\x5B\x36\x5B\x36\x5B\x2E\x5B\x36\x5B\x36\x5B" +
	"\x2E\x5B\x2E\x5B\x2E\x5B\x2E\x5B\x2E\x5B\x36\x5B\x1D\xFA\x14\xB9\x3D\x7A\x2D\x7A\x35\x7A\x5E\x3C\x6E\xBD\x6E\x9D\x6E\x9D\x6E\x9D" +
	"\x6E\xBD\x4D\xFB\x25\x1A\x1C\x98\x25\x1A\x3D\x9B\x2D\x3A\x15\xBA\x36\x5A\x36\x5A\x36\x5A\x36\x5B\x36\x5B\x36\x5B\x36\x5B\x36\x5B" +
	"\x36\x5B\x36\x5B\x36\x5B\x36\x5B\x36\x5B\x36\x5B\x36\x5A\x36\x5A\x3E\x7B\x4E\x7B\x4E\x9B\x4E\x9B\x4E\x7B\x4E\x7B\x4E\x7B\x4E\x7B" +
	"\x4E\x7B\x56\x9B\x56\x9B\x56\x9B\x56\x9B\x56\x9B\x56\x9B\x56\x9B\x5E\x9B\x5E\xBB\x5E\xBB\x5E\xBB\x35\xDB\x6D\x98\x95\xD8\x45\x5B" +
	"\x7D\xFC\x55\x9B\xDE\x34\xDE\x33\xDE\x54\xDE\x54\xDE\x74\xDE\x54\xDE\x75\xE6\x75\xD6\x96\xE6\x96\xE6\xB6\xE6\xD7\xEE\xF7\xF7\x18" +
	"\xEF\x3A\xA6\x9D\xB6\xDD\x8E\x7D\x97\x3D\x97\x3D\x97\x3D\x97\x3D\x9F\x3D\x9F\x3D\x9F\x3D\x97\x3D\x9F\x3D\x9F\x3D\x9F\x3D\x9F\x3D" +
	"\x9F\x5D\xA7\x5D\xA7\x5D\xAF\x5D\xAF\x5D\xB7\x7D\xB7\x7D\xB7\x7D\xB7\x7D\xBF\x7D\xBF\x7D\xC7\x7D\xC7\x7D\xC7\x7D\xC7\x7D\xCF\x7D" +
	"\xCF\x7D\xCF\x7D\xD7\x7D\xD7\x7D\xD7\x7D\xD7\x7D\xD7\x7D\xD7\x7D\xD7\x7D\xD7\x7D\xD7\x7D\xD7\x7D\xD7\x7D\xD7\x7D\xD7\x7D\xD7\x7D" +
	"\xCF\x5D\xCF\x5D\xCF\x5D\xCF\x7D\xCF\x5D\xC7\x5C\xBF\x5C\xB7\x5C\xB7\x5C\xB7\x5C\xB7\x5D\xB7\x7D\xC7\x9D\xBF\x9D\xBF\x9E\xB7\x7D" +
	"\xAF\x5D\x9F\x3D\x9F\x3D\x8F\x1C\x86\xFC\x7E\xFC\x76\xDC\x86\xFC\x86\xFC\x7E\xFC\x7E\xFC\x7E\xFC\x86\xFC\x8F\x1C\x8F\x1C\x8F\x1D" +
	"\x5E\x9C\x56\x9C\x4E\x9C\x4E\x9C\x46\x7C\x46\x7C\x46\x7C\x3E\x7C\x36\x5C\x3E\x7C\x3E\x7C\x3E\x7C\x3E\x7C\x46\x7C\x46\x7C\x46\x7C" +
	"\x46\x9C\x4E\x7C\x4E\x7C\x4E\x9C\x4E\x7C\x46\x7C\x46\x7C\x46\x7C\x3E\x7C\x36\x7C\x36\x7C\x36\x7C\x36\x5C\x36\x5C\x36\x5C\x2E\x5C" +
	"\x2E\x5C\x2E\x5C\x2E\x5C\x2E\x5C\x2E\x5C\x2E\x5B\x2E\x5C\x2E\x5C\x36\x7B\x36\x7B\x2E\x5C\x2E\x5B\x2E\x5B\x36\x7B\x36\x5B\x36\x7B" +
	"\x36\x5B\x36\x5B\x36\x7B\x36\x5B\x36\x5B\x36\x7B\x36\x5B\x36\x5B\x36\x5B\x36\x5B\x2E\x5B\x26\x5B\x2E\x5B\x2E\x5B\x2E\x5B\x2E\x5B" +
	"\x2E\x5B\x2E\x5B\x26\x5B\x2E\x5B\x26\x5B\x2E\x5B\x2E\x5B\x2E\x5B\x2E\x5B\x2E\x5B\x36\x5B\x36\x5B\x36\x5B\x36\x5B\x36\x5B\x36\x5B" +
	"\x2E\x5B\x2E\x5B\x2E\x5B\x2E\x5B\x36\x5B\x36\x7B\x15\x19\x2C\x99\xAE\xBD\xCF\x3E\xB6\xBD\x2C\x98\x45\x9B\x6E\xBD\x6E\x9D\x6E\xBD" +
	"\x35\x5A\x5D\x7A\xB6\xFE\xCF\x5E\xCF\x1E\x96\x5C\x0C\x58\x05\x3A\x36\x7A\x36\x5A\x36\x5A\x36\x5B\x36\x5B\x36\x5B\x36\x5A\x36\x5A" +
	"\x36\x5B\x36\x5B\x36\x5B\x36\x5B\x36\x5B\x36\x5B\x36\x5B\x3E\x7B\x4E\x7B\x4E\x9B\x4E\x9B\x4E\x7B\x4E\x7B\x4E\x7B\x4E\x7B\x56\x9B" +
	"\x56\x9B\x56\x9B\x5E\x9B\x5E\x9B\x5E\x9B\x5E\x9B\x5E\x9B\x5E\x9B\x5E\x9B\x5E\x9B\x5E\xBB\x56\x5B\x45\x3A\x54\xFA\x85\xB7\xB6\x16" +
	"\x8D\xD8\xCE\x35\xD6\x33\xD6\x33\xDE\x53\xDE\x54\xDE\x54\xDE\x54\xE6\x74\xE6\x74\xDE\x74\xDE\x75\xE6\x95\xE6\x96\xE6\xB6\xE6\xB6" +
	"\x8E\x5B\x8E\x5D\xBE\xBD\x8E\x5D\x8E\xFD\x97\x3D\x97\x1D\x97\x3D\x97\x3D\x97\x3D\x97\x3D\x97\x3D\x97\x3D\x9F\x3D\x9F\x3D\xA7\x5D" +
	"\xA7\x5D\xA7\x5D\xAF\x7D\xB7\x7D\xB7\x7D\xB7\x7D\xB7\x7D\xBF\x7D\xC7\x7D\xC7\x7D\xC7\x7D\xC7\x7D\xC7\x7D\xC7\x7D\xC6\xDD\xCE\xDD" +
	"\xCF\x7D\xCF\x7D\xD7\x7D\xD7\x7D\xD7\x7D\xD7\x7D\xD7\x7D\xD7\x7D\xD7\x7D\xD7\x7D\xD7\x7D\xCF\x7D\xCF\x5D\xCF\x5D\xCF\x7D\xC7\x5D" +
	"\xBF\x5C\xB7\x5C\xB7\x5C\xB7\x5C\xAF\x5C\xB7\x5D\xB7\x7D\xC7\x7D\xC7\x9D\xC7\x9E\xB7\x7D\xAF\x5D\x97\x1D\x76\xFC\x6E\xDB\x66\xBB" +
	"\x66\xBB\x66\xBB\x66\xBB\x66\xBB\x6E\xDB\x76\xDB\x76\xFC\x7E\xFC\x7E\xFC\x76\xDC\x7E\xFC\x7E\xFC\x7E\xFC\x7E\xFC\x86\xFC\x86\xFC" +
	"\x5E\x9C\x56\x9C\x4E\x9C\x4E\x7C\x46\x7C\x3E\x7C\x46\x7C\x3E\x7C\x3E\x7C\x36\x5C\x36\x5C\x36\x5C\x36\x5C\x3E\x5C\x36\x7C\x3E\x7C" +
	"\x3E\x7C\x46\x7C\x46\x7C\x46\x7C\x46\x7C\x3E\x7C\x3E\x7C\x3E\x7C\x3E\x7C\x36\x5C\x36\x5C\x2E\x5C\x2E\x5C\x2E\x5C\x2E\x5C\x2E\x5C" +
	"\x2E\x5C\x2E\x5C\x2E\x5C\x2E\x5B\x2E\x5C\x2E\x5C\x2E\x5B\x2E\x5B\x2E\x5B\x2E\x5B\x2E\x5B\x26\x5B\x2E\x5B\x2E\x5B\x2E\x5B\x2E\x5B" +
	"\x2E\x5B\x2E\x5B\x36\x5B\x2E\x5B\x2E\x5B\x2E\x5B\x2E\x5B\x2E\x5B\x2E\x5B\x2E\x5B\x2E\x5B\x26\x5B\x2E\x5B\x2E\x5B\x2E\x5B\x2E\x5B" +
	"\x2E\x5B\x2E\x5B\x26\x5B\x26\x5B\x26\x5B\x2E\x5B\x2E\x5B\x2E\x5B\x2E\x5B\x2E\x5B\x2E\x5B\x36\x5B\x36\x5B\x36\x5B\x36\x5B\x36\x5B" +
	"\x36\x5B\x2E\x5B\x2E\x5B\x36\x5B\x36\x5B\x1D\x9A\x55\x5A\xF7\xDF\xFF\xFF\xFF\xFF\xFF\xFF\xEF\xBF\x24\x78\x5E\x7D\x6E\xBD\x3E\x1B" +
	"\x3C\xF9\xFF\xFF\xFF\xFF\xFF\xFF\xCF\x5E\xFF\xFF\xA6\xBD\x0C\x38\x1D\xFA\x36\x7A\x36\x5A\x36\x5B\x36\x5B\x36\x5A\x36\x5A\x36\x5A" +
	"\x36\x5A\x36\x5B\x36\x5B\x36\x5B\x36\x5B\x36\x5B\x3E\x5B\x4E\x7B\x4E\x9B\x4E\x7B\x4E\x9B\x4E\x9B\x56\x9B\x4E\x9B\x56\x9B\x56\x9B" +
	"\x56\x9B\x56\x9B\x56\x9B\x5E\x9B\x5E\x9B\x5E\xBB\x5E\x9B\x56\x9B\x5E\x9B\x5E\xBB\x5E\xBB\x35\x7A\x85\x7B\x4D\x3A\x45\xDB\x5D\x99" +
	"\xCE\x34\xDE\x33\xDE\x33\xDE\x33\xD6\x33\xDE\x33\xDE\x53\xDE\x33\xDE\x53\xDE\x54\xE6\x54\xE6\x74\xE6\x75\xE6\x95\xE6\x95\xB6\x79" +
	"\x76\x7D\x86\xDD\x7E\xBD\x86\xDD\x8F\x1D\x8F\x1D\x8F\x1D\x8F\x1D\x8F\x1D\x8F\x1D\x97\x3D\x97\x3D\x97\x3D\x9F\x3D\xA7\x5D\xA7\x5D" +
	"\xAF\x5D\xAF\x7D\xAF\x7D\xB7\x7D\xB7\x7D\xB7\x7D\xBF\x7D\xBF\x7D\xC7\x7D\xC7\x7D\xC7\x7D\xC7\x7D\xC7\x7D\xC7\x3D\xEE\x3A\xF6\x39" +
	"\xC6\xDD\xD6\xBC\xD6\xFD\xCF\x3D\xCF\x7D\xCF\x7D\xCF\x7D\xCF\x7D\xC7\x7D\xC7\x7D\xC7\x7D\xC7\x5D\xBF\x5D\xB7\x5C\xBF\x5D\xBF\x7D" +
	"\xB7\x7D\xC7\x7D\xBF\x7D\xBF\x9D\xBF\x7D\xB7\x7D\x9F\x3D\x9F\x3D\x87\x1C\x86\xFC\x6E\xDB\x66\xBB\x5E\x9B\x5E\x9B\x5E\x9B\x56\x9B" +
	"\x5E\x9B\x5E\xBB\x5E\x9B\x5E\x9B\x66\xBB\x76\xDC\x76\xDC\x7E\xFC\x7E\xFC\x7E\xFC\x76\xFC\x76\xDB\x76\xFC\x7E\xFC\x7E\xFC\x86\xFC" +
	"\x56\x9C\x4E\x9C\x4E\x7C\x46\x7C\x3E\x7C\x3E\x7C\x3E\x7C\x3E\x7C\x3E\x7C\x36\x5C\x2E\x5C\x2E\x5C\x36\x5C\x36\x5C\x36\x5C\x36\x5C" +
	"\x36\x7C\x36\x7C\x3E\x7C\x3E\x7C\x3E\x5C\x3E\x7C\x36\x7C\x36\x7C\x36\x5C\x36\x5C\x36\x5C\x2E\x5C\x26\x5C\x2E\x5C\x26\x5C\x26\x5C" +
	"\x2E\x5C\x2E\x5C\x2E\x5C\x2E\x5C\x2E\x5C\x2E\x5C\x26\x5C\x26\x5C\x26\x5B\x26\x5B\x26\x5B\x26\x5B\x26\x5B\x26\x5B\x2E\x5B\x26\x5B" +
	"\x2E\x5B\x2E\x5B\x2E\x5B\x2E\x5B\x2E\x5B\x2E\x5B\x2E\x5B\x2E\x5B\x26\x5B\x2E\x5B\x2E\x5B\x26\x5B\x2E\x5B\x2E\x5B\x2E\x5B\x2E\x5B" +
	"\x2E\x5B\x2E\x5B\x2E\x5B\x26\x5B\x2E\x5B\x2E\x5B\x2E\x5B\x2E\x5B\x2E\x5B\x2E\x5B\x2E\x5B\x36\x5B\x36\x5B\x36\x5B\x36\x5B\x36\x5B" +
	"\x36\x5B\x36\x5B\x36\x5B\x36\x5B\x36\x5B\x0C\xD9\xC7\x1E\x96\x5C\x65\x9B\xF7\xFF\xFF\xFF\xFF\xFF\x6D\xBB\x3D\xBB\x6E\xBD\x35\x5A" +
	"\xA6\xBD\xFF\xFF\xFF\xFF\x8E\x5C\x03\xD7\x9E\x5C\xFF\xFF\x55\x5A\x14\x98\x0C\xF9\x1E\x1A\x36\x7B\x36\x5B\x36\x5A\x36\x5A\x36\x5A" +
	"\x36\x5A\x36\x5B\x36\x5B\x36\x5B\x36\x5B\x36\x5A\x46\x7B\x4E\x7B\x4E\x7B\x4E\x7B\x4E\x9B\x4E\x7B\x4E\x9B\x56\x9B\x56\x9B\x56\x9B" +
	"\x56\x9B\x56\x9B\x56\x9B\x5E\x9B\x5E\x9B\x5E\x9B\x5E\x9B\x56\x9B\x5E\x9B\x5E\x9B\x5E\x9B\x4E\x7B\x3D\x9B\x56\x3B\x66\xDB\x5E\x5B" +
	"\x3D\x5A\x9D\xF7\xD6\x34\xDE\x33\xD6\x13\xD6\x33\xD6\x33\xDE\x33\xDE\x53\xDE\x54\xDE\x54\xE6\x74\xD6\x76\xBE\x57\x86\x3B\x6E\x5C" +
	"\x86\xFD\x8F\x1D\x8F\x1D\x8F\x1D\x87\x1D\x87\x1D\x8F\x1C\x8F\x1D\x8F\x1D\x8F\x1D\x97\x1D\x97\x3D\x97\x3D\x9F\x3D\x9F\x3D\xA7\x5D" +
	"\xA7\x5D\xAF\x5D\xB7\x5D\xB7\x5D\xB7\x5D\xB7\x7D\xBF\x7D\xC7\x7D\xC7\x5D\xCE\xBD\xC6\x9C\xC6\xFD\xC6\xDD\xCE\x5C\xF6\x39\xFE\x39" +
	"\xE6\x1B\xFE\x39\xF6\x39\xE6\x3B\xC6\xBC\xC7\x5D\xBF\x7D\xBF\x5D\xB7\x5D\xB7\x5D\xAF\x5D\xC7\x7D\xCF\x9D\xBF\x7D\xC7\x9D\xC7\x9D" +
	"\xBF\x7D\xAF\x5D\x97\x3D\x7E\xFC\x6E\xDB\x66\xBB\x5E\x9B\x56\x9B\x5E\x9B\x5E\xBB\x5E\x9B\x5E\x9B\x5E\x9B\x56\x9A\x56\x9A\x56\x9A" +
	"\x56\x9A\x5E\x9B\x5E\x9B\x5E\xBB\x6E\xDB\x6E\xDB\x76\xDB\x76\xDB\x76\xDC\x76\xFC\x76\xFC\x76\xDC\x76\xFC\x7E\xDC\x76\xDC\x7E\xDC" +
	"\x56\x9C\x4E\x7C\x46\x7C\x3E\x7C\x36\x7C\x36\x5C\x36\x5C\x3E\x5C\x36\x5C\x2E\x5C\x2E\x5C\x2E\x5C\x2E\x5C\x2E\x5C\x2E\x5C\x2E\x5C" +
	"\x36\x5C\x36\x5C\x36\x5C\x36\x5C\x36\x5C\x36\x5C\x36\x5C\x36\x5C\x36\x5C\x2E\x5C\x36\x5C\x2E\x5C\x26\x5C\x1E\x5C\x26\x5B\x26\x5C" +
	"\x26\x5C\x26\x5C\x26\x5C\x26\x5B\x26\x5B\x26\x5B\x26\x5C\x26\x5B\x26\x5B\x26\x5B\x26\x5B\x26\x5B\x26\x5B\x26\x5B\x26\x5B\x26\x5B" +
	"\x26\x5B\x26\x5B\x26\x5B\x26\x5B\x2E\x5B\x26\x5B\x26\x5B\x26\x5B\x26\x5B\x2E\x5B\x2E\x5B\x2E\x5B\x2E\x5B\x2E\x5B\x2E\x5B\x2E\x5B" +
	"\x2E\x5B\x2E\x5B\x2E\x5B\x26\x5B\x2E\x5B\x2E\x5B\x2E\x5B\x26\x5B\x26\x5B\x2E\x5B\x2E\x5B\x2E\x5B\x36\x5B\x36\x5B\x36\x5B\x36\x5B" +
	"\x36\x5B\x36\x5B\x36\x5B\x36\x5B\x36\x5B\x0C\x98\xD7\x5E\x4D\x19\x24\x58\xEF\xBF\xFF\xFF\xFF\xFF\x5D\x9A\x45\xBB\x6E\xBD\x2D\x3A" +
	"\xCF\x3E\xFF\xFF\xFF\xFF\xD7\x5E\x44\xD9\xBE\xFD\xFF\xFF\x55\x3A\x56\x1C\x46\x1B\x0C\x98\x04\xF9\x2E\x5B\x36\x5B\x36\x5A\x36\x5A" +
	"\x36\x5A\x36\x5B\x36\x5B\x36\x5B\x36\x5B\x36\x5B\x3E\x7B\x4E\x7B\x56\x9B\x4E\x9B\x4E\x7B\x56\x9B\x56\x9B\x56\x9B\x56\x9B\x56\x9B" +
	"\x56\x9B\x56\x9B\x56\x9B\x56\x9B\x5E\x9B\x5E\x9B\x5E\x9B\x5E\x9B\x5E\x9B\x5E\x9B\x5E\xBB\x66\xBB\x66\xDC\x66\xBB\x66\xBB\x66\xBB" +
	"\x5E\x7B\x3D\xBB\x55\x7A\xA5\xD6\xCE\x14\xDE\x33\xDE\x33\xDE\x33\xDE\x33\xDE\x53\xDE\x54\x96\x18\x65\xFB\x5E\x3C\x7E\xDC\x86\xFC" +
	"\x87\x1D\x8F\x1D\x8F\x1D\x8F\x1D\x87\x1D\x86\xFC\x86\xFC\x87\x1D\x8F\x1D\x8F\x1D\x8F\x1D\x97\x1D\x97\x3D\x97\x3D\x9F\x3D\xA7\x3D" +
	"\xA7\x5D\xA7\x5D\xAF\x5D\xAF\x5D\xAF\x7D\xB7\x7D\xBF\x7D\xBF\x7D\xBF\x1D\xE6\x5A\xFE\x79\xE6\x3B\xEE\x5A\xFE\x59\xFE\x39\xCE\x3C" +
	"\xDE\xFD\xD6\x5B\xFE\x59\xFE\x39\xEE\x3A\xBE\xBC\xBF\x7D\xC7\x7D\xC7\x9D\xCF\x9E\xC7\x9D\xBF\x9D\xB7\x7D\xA7\x5D\x8F\x1C\x7E\xFC" +
	"\x76\xDC\x66\xBB\x5E\xBB\x5E\x9B\x5E\x9B\x5E\x9B\x56\x9B\x56\x9A\x56\x9A\x56\x9A\x56\x9A\x56\x9A\x56\x7A\x56\x9A\x56\x9A\x56\x7A" +
	"\x56\x9A\x56\x9A\x5E\x9A\x66\xBB\x6E\xDB\x6E\xDB\x6E\xDB\x6E\xDB\x76\xDB\x76\xDB\x76\xDB\x76\xDB\x76\xDB\x6E\xDB\x6E\xDB\x6E\xDB" +
	"\x4E\x9C\x46\x7C\x3E\x7C\x36\x5C\x36\x5C\x2E\x5C\x2E\x5C\x2E\x5C\x2E\x5C\x26\x5C\x26\x5C\x26\x5C\x26\x5C\x2E\x5C\x26\x5C\x2E\x5C" +
	"\x2E\x5C\x36\x5C\x36\x5C\x2E\x5C\x2E\x5C\x2E\x5C\x2E\x5C\x36\x5C\x36\x5C\x36\x5C\x2E\x5C\x2E\x5C\x26\x5C\x1E\x5C\x26\x5C\x26\x5B" +
	"\x26\x5B\x26\x5B\x26\x5B\x1E\x5B\x1E\x5B\x1E\x5B\x1E\x5B\x1E\x5B\x1E\x5C\x1E\x5B\x26\x5B\x26\x5B\x26\x5B\x26\x5B\x26\x5B\x26\x5B" +
	"\x26\x5B\x26\x5B\x26\x5B\x26\x5B\x26\x5B\x26\x5B\x26\x5B\x26\x5B\x26\x5B\x26\x5B\x2E\x5B\x2E\x5B\x26\x5B\x2E\x5B\x2E\x5B\x2E\x5B" +
	"\x2E\x5B\x2E\x5B\x2E\x5B\x26\x5B\x2E\x5B\x2E\x5B\x2E\x5B\x26\x5B\x26\x5B\x26\x5B\x2E\x5B\x2E\x5B\x2E\x5B\x2E\x5B\x2E\x5B\x36\x5B" +
	"\x36\x5B\x36\x5B\x36\x5B\x36\x5B\x36\x7B\x0C\x78\xCF\x5E\xEF\xBF\xE7\xBF\xFF\xFF\xFF\xFF\xFF\xFF\x55\x3A\x4D\xFB\x6E\xBD\x25\x7A" +
	"\x96\x7C\xFF\xFF\xFF\xFF\xFF\xFF\xFF\xFF\xFF\xFF\xFF\xFF\x3C\xF9\x66\x9D\x6E\xBD\x66\xBD\x3D\xFB\x0C\xB8\x26\x1A\x36\x5B\x36\x5A" +
	"\x36\x5A\x36\x5A\x36\x5B\x36\x5A\x36\x5B\x36\x5A\x3E\x7B\x4E\x7B\x56\x9B\x56\x9B\x56\x9B\x56\x9B\x56\x9B\x56\x9B\x56\x9B\x56\x9B" +
	"\x56\x9B\x56\x9B\x56\x9B\x56\x9B\x56\x9B\x5E\x9B\x5E\x9B\x5E\xBB\x5E\x9B\x5E\xBB\x66\xBB\x66\xBB\x66\xBB\x66\xBB\x66\xBC\x5E\xBB" +
	"\x5E\xBB\x66\xBB\x5E\x9B\x46\x1B\x5E\x1B\x85\xD8\xA5\xF6\xC6\x15\xC6\x15\xBE\x15\x75\xDA\x5D\x9B\x5E\x1C\x7E\xFC\x7E\xFC\x86\xFC" +
	"\x86\xFC\x86\xFC\x86\xFC\x87\x1D\x86\xFC\x86\xFC\x86\xFC\x86\xFC\x87\x1C\x8F\x1C\x8F\x1C\x8F\x1D\x97\x1C\x97\x3D\x9F\x3D\x9F\x3D" +
	"\xA7\x3D\xA7\x5D\xA7\x5D\xA7\x5D\xAF\x5D\xB7\x7D\xB7\x7D\xB7\x7D\xB7\x7D\xCE\x9C\xFE\x59\xFE\x59\xFE\x59\xFE\x59\xDE\x5B\xEF\x9E" +
	"\xFF\xFF\xE7\x7E\xEE\xFC\xFF\x1C\xFF\x3C\xE7\x1D\xBF\x5D\xB7\x7D\xA7\x5D\x9F\x3D\x97\x1D\x7E\xFC\x76\xDC\x76\xDC\x6E\xDB\x66\xBB" +
	"\x66\xBB\x66\xBB\x5E\x9B\x56\x9A\x56\x9A\x56\x9A\x56\x9B\x4E\x7A\x4E\x7B\x4E\x7B\x4E\x7A\x4E\x7A\x4E\x7A\x4E\x7A\x4E\x7A\x4E\x7A" +
	"\x4E\x7A\x56\x9A\x5E\x9B\x66\xBB\x66\xBB\x66\xBB\x66\xBB\x66\xBB\x6E\xBB\x6E\xDB\x6E\xBB\x6E\xDB\x6E\xDB\x6E\xBB\x66\xBB\x66\xBB" +
	"\x4E\x9C\x3E\x7C\x36\x7C\x2E\x5C\x2E\x5C\x2E\x5C\x2E\x5C\x26\x5C\x26\x5C\x1E\x5C\x1E\x5C\x1E\x5C\x1E\x5C\x1E\x5C\x1E\x5C\x26\x5C" +
	"\x2E\x5C\x2E\x5C\x2E\x5C\x2E\x5C\x2E\x5C\x2E\x5C\x2E\x5C\x2E\x5C\x2E\x5C\x2E\x5C\x2E\x5C\x26\x5C\x26\x5C\x1E\x5C\x1E\x5C\x1E\x5C" +
	"\x26\x5B\x1E\x5B\x1E\x5B\x16\x5B\x0E\x5B\x16\x5B\x1E\x5C\x16\x5B\x16\x5C\x1E\x5C\x1E\x5B\x26\x5B\x26\x5C\x26\x5B\x26\x5B\x26\x5B" +
	"\x26\x5B\x26\x5B\x26\x5B\x26\x5B\x26\x5B\x26\x5B\x26\x5B\x26\x5B\x26\x5B\x26\x5B\x2E\x5B\x2E\x5B\x2E\x5B\x26\x5B\x2E\x5B\x2E\x5B" +
	"\x2E\x5B\x2E\x5B\x2E\x5B\x2E\x5B\x26\x5B\x2E\x5B\x2E\x5B\x2E\x5B\x26\x5B\x26\x5B\x26\x5B\x2E\x5B\x2E\x5B\x2E\x5B\x2E\x5B\x36\x5B" +
	"\x36\x5B\x36\x5B\x36\x5B\x36\x5B\x36\x5B\x0D\x19\x6D\xBB\xFF\xFF\xFF\xFF\xFF\xFF\xF7\xFF\xBE\xFD\x14\x38\x3D\x7A\x5E\x5C\x46\x3B" +
	"\x0B\xF7\xA6\xBD\xEF\xDF\xFF\xFF\xFF\xFF\xF7\xDF\x86\x3C\x25\x5A\x6E\xBD\x6E\x9D\x6E\xBD\x6E\xBD\x4E\x3C\x04\x78\x36\x3A\x36\x5B" +
	"\x36\x5A\x36\x5A\x36\x5A\x36\x5B\x3E\x5B\x46\x7B\x46\x7B\x4E\x7B\x56\x9B\x56\x9B\x56\x9B\x56\x9B\x56\x9B\x56\x9B\x56\x9B\x56\x9B" +
	"\x56\x9B\x56\x9B\x56\x9B\x56\x9B\x56\x9B\x5E\x9B\x5E\xBB\x5E\x9B\x5E\x9B\x5E\xBB\x66\xBB\x66\xBB\x66\xBB\x66\xBB\x66\xBB\x66\xBB" +
	"\x5E\xBB\x5E\xBB\x5E\xBB\x5E\xBB\x5E\xBB\x56\x7B\x3D\xFB\x45\xDB\x45\xDB\x4D\xFB\x55\xDB\x5D\x9B\x4D\xBB\x76\xDC\x76\xDC\x7E\xFC" +
	"\x7E\xFC\x7E\xFC\x7E\xFC\x86\xFC\x7E\xFC\x86\xFC\x86\xFC\x86\xFC\x86\xFC\x86\xFC\x86\xFC\x87\x1C\x8F\x1C\x97\x1D\x97\x3D\x97\x3D" +
	"\x9F\x3D\x9F\x3D\x9F\x3D\x9F\x3D\xA7\x5D\xAF\x5D\xAF\x5D\xA7\x5D\xA7\x5D\xAF\x1D\xD6\x5B\xE6\x7B\xEE\x9B\xFE\xDB\xF7\x5D\xE7\x9E" +
	"\xEF\xBF\xF7\xDF\xE7\x1D\xCE\xFD\xE6\xBC\xFE\x39\x95\xFB\x6E\x5C\x6E\x9C\x7E\xFC\x76\xDC\x76\xDC\x7E\xDC\x76\xDC\x6E\xDB\x66\xBB" +
	"\x66\xBB\x5E\x9B\x56\x9B\x56\x9A\x4E\x7B\x4E\x7B\x4E\x7B\x4E\x7A\x4E\x7A\x46\x7A\x46\x7A\x46\x7A\x46\x7A\x46\x7A\x46\x7A\x46\x7A" +
	"\x4E\x7A\x5E\x9A\x66\xBB\x66\xBB\x66\xBB\x66\xBB\x66\xBB\x66\xBB\x66\xBB\x66\xBB\x6E\xBB\x66\xBB\x66\xBB\x66\xBB\x66\xBB\x5E\x9B" +
	"\x3E\x7C\x2E\x5C\x26\x5C\x26\x5C\x26\x5C\x1E\x5C\x1E\x5C\x16\x5C\x16\x5C\x1E\x5C\x16\x5C\x16\x5C\x0E\x5C\x16\x3C\x16\x5C\x1E\x5C" +
	"\x1E\x5C\x26\x5C\x26\x5C\x26\x5C\x2E\x5C\x2E\x5C\x2E\x5C\x2E\x5C\x2E\x5C\x26\x5C\x26\x5C\x1E\x5C\x1E\x5C\x1E\x5C\x0E\x5C\x16\x5C" +
	"\x16\x5C\x16\x5B\x0E\x5B\x16\x5B\x16\x5B\x16\x5B\x1E\x5C\x1E\x5B\x1E\x5C\x1E\x5C\x1E\x5B\x26\x5B\x26\x5C\x26\x5C\x26\x5B\x26\x5B" +
	"\x26\x5B\x26\x5B\x26\x5B\x26\x5B\x26\x5B\x26\x5B\x26\x5B\x26\x5B\x26\x5B\x26\x5B\x26\x5B\x2E\x5B\x2E\x5B\x26\x5B\x2E\x5B\x2E\x5B" +
	"\x2E\x5B\x2E\x5B\x2E\x5B\x2E\x5B\x2E\x5B\x2E\x5B\x2E\x5B\x2E\x5B\x26\x5B\x26\x5B\x26\x5B\x2E\x5B\x2E\x5B\x2E\x5B\x2E\x5B\x2E\x5B" +
	"\x36\x5B\x36\x5B\x36\x5B\x36\x5B\x36\x5B\x26\x3B\x0C\xB9\x4C\xF9\x8E\x3C\x8E\x3C\x2C\xD9\x04\x17\x03\xF7\x03\xF7\x1C\x99\x2D\x3A" +
	"\x35\x9A\x0C\x37\x1C\x58\x44\xF9\x4C\xF9\x2C\x98\x2D\x3A\x66\xBD\x6E\x9D\x6E\x9D\x6E\xBD\x6E\x9D\x6E\xBD\x45\xFB\x14\xB8\x36\x7B" +
	"\x36\x5A\x36\x5A\x36\x5A\x36\x5B\x36\x7B\x3E\x7B\x46\x7B\x46\x7B\x4E\x7B\x4E\x7B\x4E\x9B\x4E\x9B\x4E\x9B\x4E\x9B\x4E\x7B\x4E\x9B" +
	"\x56\x9B\x4E\x9B\x56\x9B\x56\x9B\x56\x9B\x5E\x9B\x5E\x9B\x5E\xBB\x5E\x9B\x5E\xBB\x5E\xBB\x5E\xBB\x66\xBB\x66\xBB\x66\xBB\x5E\xBB" +
	"\x5E\x9B\x56\x9B\x56\x9B\x56\x9B\x5E\x9B\x5E\x9B\x5E\xBB\x66\xBB\x66\xBB\x66\xDB\x6E\xBB\x56\x1B\x66\x7B\x6E\xBC\x6E\xBC\x76\xDC" +
	"\x76\xDC\x76\xDC\x76\xDC\x7E\xFC\x7E\xFC\x7E\xFC\x7E\xFC\x7E\xFC\x7E\xFC\x86\xFC\x86\xFC\x86\xFC\x8F\x1C\x8F\x1C\x8F\x1C\x8F\x1C" +
	"\x8F\x1C\x8F\x1C\x97\x1C\x97\x1D\x97\x3D\x9F\x3D\x9F\x3D\x9F\x5D\xB7\x7D\xBF\x5D\xCF\x3E\xEF\xDF\xE7\xBF\xCE\xFD\xE6\xFC\x9E\x7D" +
	"\xB6\xFE\xB6\xBD\xE6\x3A\x9E\x9D\x96\x1C\xFD\xF8\xBD\xDA\xB6\xBC\x86\x7C\x86\xFC\x7E\xFC\x76\xDC\x76\xDC\x6E\xDB\x6E\xBB\x6E\xBB" +
	"\x66\xBB\x56\x9B\x4E\x7A\x4E\x7A\x46\x7A\x4E\x7A\x4E\x7A\x46\x7A\x46\x7A\x46\x7A\x46\x7A\x46\x7A\x46\x7A\x46\x7A\x46\x7A\x46\x7A" +
	"\x46\x7A\x4E\x7A\x56\x9B\x5E\xBB\x66\xBB\x5E\xBB\x5E\x9B\x5E\xBB\x5E\xBB\x66\xBB\x66\xBB\x66\xBB\x5E\x9B\x5E\x9B\x5E\x9B\x5E\x9B" +
	"\x2E\x5C\x26\x5C\x1E\x5C\x16\x3C\x0E\x3C\x16\x3C\x0E\x5C\x0E\x5C\x0E\x3C\x0E\x3C\x0E\x5C\x0E\x5C\x0E\x3C\x0E\x3C\x0E\x3C\x0E\x3C" +
	"\x0E\x5C\x16\x5C\x1E\x5C\x1E\x5C\x26\x5C\x26\x5C\x26\x5C\x26\x5C\x26\x5C\x26\x5C\x1E\x5C\x1E\x5C\x0E\x3C\x0E\x3C\x0E\x3C\x16\x5B" +
	"\x16\x5B\x16\x5C\x16\x5B\x16\x5B\x16\x5B\x16\x5B\x1E\x5B\x16\x5B\x0E\x5B\x16\x5B\x16\x5B\x1E\x5B\x26\x5B\x26\x5C\x26\x5B\x26\x5B" +
	"\x26\x5B\x26\x5B\x26\x5B\x26\x5B\x26\x5B\x26\x5B\x26\x5B\x26\x5B\x26\x5B\x26\x5B\x26\x5B\x2E\x5B\x2E\x5B\x2E\x5B\x2E\x5B\x2E\x5B" +
	"\x2E\x5B\x2E\x5B\x2E\x5B\x2E\x5B\x2E\x5B\x26\x5B\x2E\x5B\x2E\x5B\x2E\x5B\x26\x5B\x26\x5B\x26\x5B\x2E\x5B\x2E\x5B\x2E\x5B\x2E\x5B" +
	"\x36\x5B\x2E\x5B\x2E\x5B\x2E\x5B\x36\x5B\x36\x5B\x1D\x9A\x04\x58\x04\x37\x0C\x58\x0C\x58\x44\xD9\x9D\xFA\x65\x7A\xCE\x5A\x85\xBA" +
	"\x35\x5A\x56\x7C\x45\xBB\x24\xD9\x24\xF9\x4D\xFB\x6E\xBD\x6E\x9D\x6E\x9D\x6E\xBD\x6E\x9D\x6E\x9D\x6E\x9D\x6E\xBD\x24\xF9\x26\x1A" +
	"\x36\x5B\x36\x5A\x36\x5A\x36\x5A\x36\x5B\x3E\x7A\x3E\x7B\x3E\x7B\x46\x7B\x4E\x7B\x4E\x7B\x4E\x9B\x4E\x9B\x4E\x7B\x4E\x7B\x4E\x7B" +
	"\x4E\x7B\x46\x7B\x4E\x9B\x56\x9B\x56\x9B\x56\x9B\x5E\x9B\x5E\x9B\x5E\x9B\x5E\xBB\x5E\xBB\x5E\xBB\x5E\xBB\x5E\xBB\x5E\x9B\x5E\x9B" +
	"\x5E\x9B\x56\x9B\x56\x9B\x56\x9B\x56\x9B\x56\x9B\x56\x9B\x5E\x9B\x5E\xBB\x5E\xBB\x66\xBB\x66\xBB\x66\xBB\x66\xBB\x66\xBB\x66\xBB" +
	"\x6E\xDC\x6E\xDC\x76\xDC\x76\xDC\x76\xDC\x76\xDC\x76\xDC\x7E\xFC\x7E\xFC\x86\xFC\x86\xFC\x86\xFC\x86\xFC\x86\xFC\x86\xFC\x7E\xDC" +
	"\x76\xDC\x7E\xFC\x8F\x1C\x9F\x3D\xAF\x7D\xC7\x9E\xC7\x9D\xC7\x7E\xB7\x7D\xA6\xFD\xEF\xBF\xEF\xBF\xFF\xFF\x96\x9D\x7D\xBB\x75\xDC" +
	"\xB5\xBA\xED\xD9\xFD\xD8\xD5\xD9\xDD\xB9\xFD\xD8\xC5\xDA\x5D\xFC\x76\xBC\x7E\xFC\x7E\xFC\x76\xDC\x6E\xDB\x66\xBB\x66\xBB\x66\xBB" +
	"\x66\xBB\x5E\x9B\x56\x9B\x4E\x7A\x4E\x7A\x4E\x7B\x4E\x7A\x46\x7A\x46\x7A\x3E\x7A\x3E\x7A\x3E\x7A\x3E\x7A\x3E\x7A\x3E\x7A\x46\x7A" +
	"\x3E\x7A\x3E\x7A\x4E\x7A\x56\x9B\x5E\x9B\x5E\x9B\x5E\x9B\x5E\x9B\x5E\x9B\x5E\x9B\x5E\x9B\x5E\x9B\x5E\x9B\x5E\x9B\x56\x9A\x56\x9A" +
	"\x26\x5C\x26\x5C\x1E\x5C\x0E\x3C\x06\x3C\x0E\x3C\x0E\x3C\x06\x3C\x06\x3C\x06\x3C\x06\x3C\x06\x3C\x0E\x3C\x06\x3C\x06\x3C\x0E\x3C" +
	"\x16\x3C\x16\x5C\x16\x5C\x0E\x5C\x16\x5C\x1E\x5C\x1E\x5C\x16\x5C\x1E\x5C\x1E\x5C\x16\x5C\x0E\x3C\x0E\x3C\x0E\x3C\x0E\x3C\x0E\x5C" +
	"\x16\x5B\x16\x5C\x16\x5B\x16\x5B\x0E\x5B\x16\x5B\x16\x5B\x16\x5B\x16\x5B\x16\x5B\x0E\x5B\x16\x5B\x26\x5B\x1E\x5B\x1E\x5B\x26\x5B" +
	"\x26\x5B\x26\x5B\x26\x5B\x26\x5B\x26\x5B\x26\x5B\x26\x5B\x26\x5B\x26\x5B\x26\x5B\x26\x5B\x26\x5B\x2E\x5B\x2E\x5B\x26\x5B\x2E\x5B" +
	"\x2E\x5B\x2E\x5B\x2E\x5B\x2E\x5B\x2E\x5B\x2E\x5B\x2E\x5B\x2E\x5B\x2E\x5B\x26\x5B\x26\x5B\x26\x5B\x2E\x5B\x2E\x5B\x2E\x5B\x2E\x5B" +
	"\x2E\x5B\x2E\x5B\x36\x5B\x36\x5B\x36\x5B\x36\x5B\x1D\x79\x14\xF9\x1D\x5A\x25\x7B\x25\x3A\x1C\x58\x34\x98\x1C\x58\x55\x19\x3C\xB9" +
	"\x1C\xFA\x3D\xDC\x4E\x1C\x5E\x7D\x66\x9D\x6E\xBD\x6E\xBD\x6E\x9D\x6E\x9D\x6E\x9D\x6E\x9D\x6E\x9D\x6E\x9D\x6E\xBD\x4E\x1C\x15\x39" +
	"\x36\x7B\x36\x5B\x36\x5A\x36\x5A\x36\x5B\x36\x5B\x3E\x5B\x3E\x7B\x3E\x7B\x46\x7B\x46\x7B\x46\x7B\x46\x7B\x46\x7B\x46\x7B\x46\x7B" +
	"\x46\x7B\x46\x7B\x46\x7B\x56\x9B\x56\x9B\x56\x9B\x56\x9B\x5E\x9B\x5E\x9B\x5E\x9B\x5E\x9B\x5E\x9B\x5E\xBB\x5E\x9B\x5E\x9B\x5E\x9B" +
	"\x5E\x9B\x56\x9B\x4E\x7B\x4E\x7B\x4E\x7B\x4E\x9B\x56\x9B\x5E\x9B\x5E\x9B\x56\x9B\x5E\x9B\x5E\xBB\x5E\x9B\x5E\xBB\x5E\x9B\x5E\xBB" +
	"\x66\xBB\x6E\xBB\x6E\xDC\x6E\xDC\x6E\xDC\x6E\xDC\x76\xDC\x76\xDC\x7E\xDC\x7E\xDC\x7E\xFC\x7E\xFC\x7E\xFC\x87\x1C\x87\x1C\x9F\x3D" +
	"\xB7\x7D\xB7\x7D\xBF\x7E\xAF\x5D\xA7\x5D\x97\x3D\x86\xFC\x86\xFC\x7E\xFC\x66\x3C\xBF\x1E\x76\x1C\xFF\xFF\x86\x3C\x7D\xDB\x7D\xFC" +
	"\xAD\x39\xF5\x16\xED\x16\xEC\xF6\xEC\xF6\xF5\x36\x95\x9A\x76\xDC\x76\xDC\x76\xDC\x76\xDC\x6E\xDB\x66\xBB\x66\xBB\x66\xBB\x66\xBB" +
	"\x5E\xBB\x5E\x9B\x56\x9B\x56\x9B\x4E\x7B\x4E\x7B\x4E\x9A\x4E\x7A\x46\x7A\x3E\x7A\x3E\x5A\x3E\x7A\x3E\x7A\x3E\x7A\x3E\x7A\x3E\x7A" +
	"\x46\x7A\x46\x7A\x4E\x7B\x4E\x7A\x56\x9A\x56\x9B\x56\x9A\x56\x9B\x56\x9B\x56\x9B\x56\x9A\x56\x9A\x56\x9A\x4E\x7A\x4E\x9A\x4E\x7A" +
	"\x16\x3C\x16\x3C\x16\x3C\x06\x3C\x06\x3C\x06\x3C\x06\x3C\x06\x3C\x06\x3C\x06\x3C\x06\x3C\x06\x3C\x0E\x3C\x0E\x3C\x06\x3C\x06\x3C" +
	"\x0E\x3C\x16\x3C\x0E\x5C\x0E\x5C\x0E\x5C\x16\x5C\x1E\x5C\x0E\x5C\x16\x5C\x0E\x3C\x0E\x5C\x0E\x3C\x0E\x3C\x0E\x3C\x0E\x5C\x0E\x3C" +
	"\x16\x5C\x16\x5C\x0E\x5B\x16\x5B\x16\x5B\x16\x5B\x16\x5B\x16\x5B\x16\x5B\x16\x5B\x16\x5B\x0E\x5B\x26\x5B\x26\x5B\x26\x5B\x26\x5B" +
	"\x26\x5B\x26\x5B\x26\x5B\x26\x5B\x26\x5B\x26\x5B\x26\x5B\x26\x5B\x26\x5B\x26\x5B\x26\x5B\x26\x5B\x2E\x5B\x2E\x5B\x2E\x5B\x26\x5B" +
	"\x2E\x5B\x2E\x5B\x2E\x5B\x2E\x5B\x2E\x5B\x2E\x5B\x26\x5B\x2E\x5B\x2E\x5B\x2E\x5B\x2E\x5B\x26\x5B\x2E\x5B\x26\x5B\x26\x5B\x26\x5B" +
	"\x26\x5B\x2E\x5B\x2E\x5B\x2E\x5B\x2E\x5B\x2E\x5B\x1E\x1B\x0C\x98\x1D\x5B\x1D\x5B\x1D\x5A\x15\x3A\x2C\x98\x2C\x98\x3C\xD9\x14\xD9" +
	"\x2D\x7B\x2D\x7B\x2D\x7B\x2D\x7B\x2D\x7B\x35\x9B\x4E\x1C\x66\x7D\x6E\xBD\x6E\xBD\x6E\x9D\x6E\x9D\x6E\x9D\x6E\x9D\x5E\x3C\x0D\x3A" +
	"\x36\x7B\x36\x5B\x36\x5A\x36\x5A\x36\x5A\x36\x5B\x3E\x5B\x3E\x5A\x3E\x5B\x3E\x7B\x3E\x7B\x3E\x7B\x3E\x7B\x3E\x7A\x3E\x7B\x3E\x7B" +
	"\x3E\x7B\x3E\x7B\x46\x7B\x4E\x7B\x56\x9B\x56\x9B\x56\x9B\x56\x9B\x56\x9B\x5E\x9B\x5E\x9B\x5E\x9B\x56\x9B\x5E\x9B\x5E\xBB\x5E\x9B" +
	"\x56\x9B\x4E\x9B\x46\x7B\x46\x7B\x4E\x7B\x4E\x7B\x56\x9B\x56\x9B\x56\x9B\x56\x9B\x56\x9B\x5E\x9B\x5E\xBB\x5E\x9B\x5E\x9B\x5E\x9B" +
	"\x5E\x9B\x66\xBB\x66\xBB\x66\xBB\x5E\xBB\x5E\xBB\x66\xBB\x76\xDC\x8F\x1C\x9F\x3D\x9F\x3D\xAF\x5D\xB7\x7E\xBF\x7E\xB7\x7D\xAF\x7D" +
	"\x97\x1D\x86\xFC\x76\xDB\x6E\xBB\x6E\xDB\x76\xDC\x76\xDC\x76\xDC\x76\xDC\x66\xBB\x5D\xFC\x96\x9D\x7E\x5C\x7D\x5A\x85\x7B\xA5\x39" +
	"\xEC\xB5\xEC\xB5\xEC\xD5\xEC\xB5\xEC\xB5\xAC\xF8\x66\x5C\x76\xDC\x6E\xBC\x6E\xBB\x66\xBB\x66\xBB\x5E\xBB\x66\xBB\x66\xBB\x5E\xBB" +
	"\x5E\x9B\x5E\x9B\x56\x9B\x56\x9B\x4E\x9B\x4E\x7B\x4E\x7A\x46\x7A\x3E\x7A\x3E\x7A\x3E\x7A\x3E\x7A\x3E\x7A\x3E\x7A\x3E\x7A\x46\x7A" +
	"\x4E\x7A\x46\x7A\x46\x7A\x46\x7A\x4E\x7A\x56\x9A\x4E\x7A\x4E\x7A\x4E\x7A\x4E\x7A\x4E\x7A\x4E\x7A\x4E\x7A\x4E\x7A\x4E\x9A\x4E\x9A" +
	"\x0E\x3C\x06\x3C\x0E\x3C\x06\x3C\x06\x3C\x06\x3C\x06\x3C\x06\x3C\x06\x3C\x06\x3C\x06\x3C\x06\x3C\x06\x3C\x06\x3C\x06\x3C\x06\x3C" +
	"\x06\x3C\x06\x3C\x06\x5C\x0E\x3C\x0E\x3C\x0E\x5C\x0E\x3C\x0E\x5C\x0E\x3C\x0E\x3C\x0E\x3C\x0E\x5C\x0E\x3C\x0E\x3C\x0E\x3C\x0E\x3C" +
	"\x0E\x5C\x16\x5B\x16\x5B\x16\x5B\x16\x5B\x16\x5B\x16\x5B\x16\x5B\x16\x5B\x16\x5B\x16\x5B\x0E\x5B\x1E\x5B\x26\x5B\x26\x5B\x26\x5B" +
	"\x1E\x5B\x1E\x5B\x1E\x5B\x26\x5B\x26\x5B\x26\x5B\x26\x5B\x26\x5B\x1E\x5B\x1E\x5B\x26\x5B\x26\x5B\x26\x5B\x2E\x5B\x2E\x5B\x26\x5B" +
	"\x2E\x5B\x2E\x5B\x2E\x5B\x2E\x5B\x2E\x5B\x2E\x5B\x26\x5B\x2E\x5B\x2E\x5B\x2E\x5B\x2E\x5B\x2E\x5B\x2E\x5B\x2E\x5B\x26\x5B\x26\x5B" +
	"\x2E\x5B\x2E\x5B\x26\x5B\x26\x5B\x26\x5B\x2E\x5B\x26\x5B\x04\x98\x1D\x5A\x1D\x5A\x1D\x5B\x1D\x5B\x14\xF9\x14\xD9\x14\xF9\x2D\x7B" +
	"\x2D\x7B\x2D\x7B\x2D\x7B\x2D\x7B\x2D\x7B\x7D\x3A\x2C\x78\x25\x5A\x3D\xDC\x5E\x5C\x6E\xBD\x6E\x9D\x6E\xBD\x6E\xBD\x5E\x7D\x0C\xD9" +
	"\x36\x7B\x36\x5B\x36\x5B\x36\x5A\x36\x5A\x36\x5A\x36\x5B\x3E\x5A\x36\x5A\x3E\x7B\x3E\x7B\x3E\x7B\x3E\x7B\x3E\x7B\x3E\x7B\x3E\x7B" +
	"\x46\x7B\x46\x7B\x46\x7B\x46\x7B\x4E\x7B\x4E\x9B\x4E\x9B\x56\x9B\x56\x9B\x56\x9B\x56\x9B\x56\x9B\x56\x9B\x56\x9B\x5E\x9B\x56\x9B" +
	"\x4E\x9B\x46\x7B\x46\x7B\x46\x7B\x46\x7B\x4E\x7B\x4E\x7B\x56\x9B\x56\x9B\x56\x9B\x56\x9B\x56\x9B\x56\x9B\x5E\x9B\x5E\x9B\x5E\x9B" +
	"\x56\x9B\x56\x9B\x5E\xBB\x76\xDC\x7E\xFC\x8F\x1D\xA7\x5D\xB7\x7E\xBF\x7E\xBF\x7E\xAF\x5D\x9F\x3D\x97\x3D\x7E\xFC\x76\xDC\x6E\xDB" +
	"\x6E\xBB\x66\xBB\x66\xBB\x66\xBB\x6E\xBC\x6E\xDC\x6E\xDC\x6E\xBC\x6E\xBC\x66\xBB\x66\xBB\x5E\x7B\x5D\xFB\x95\x9B\x74\xD9\xDC\x55" +
	"\xEC\x54\xEC\x54\xE4\x75\xDC\xD7\x9C\xD8\x45\xFB\x6E\xDB\x66\xBB\x66\xBB\x66\xBB\x5E\xBB\x5E\x9B\x5E\x9B\x5E\xBB\x5E\x9B\x5E\x9B" +
	"\x5E\x9B\x56\x9B\x56\x9B\x56\x9B\x4E\x7B\x4E\x7A\x46\x7A\x46\x7A\x3E\x7A\x3E\x7A\x3E\x7A\x3E\x7A\x3E\x7A\x3E\x7A\x3E\x7A\x46\x7A" +
	"\x46\x7A\x46\x7A\x46\x7A\x46\x7A\x46\x7A\x46\x7A\x46\x7A\x46\x7A\x46\x7A\x46\x7A\x46\x7A\x4E\x7A\x4E\x7A\x4E\x7A\x4E\x7A\x46\x7A" +
	"\x06\x3C\x06\x3C\x06\x3C\x06\x3C\x06\x3C\x06\x3C\x06\x3C\x06\x3C\x06\x3C\x06\x3C\x06\x3C\x06\x3C\x06\x3C\x06\x3C\x06\x3C\x06\x3C" +
	"\x06\x3C\x06\x3C\x06\x3C\x0E\x3C\x0E\x3C\x0E\x5C\x0E\x3C\x0E\x3C\x0E\x3C\x0E\x3C\x0E\x5C\x0E\x3C\x0E\x3C\x0E\x3C\x0E\x5C\x0E\x3C" +
	"\x0E\x5C\x16\x5B\x16\x5B\x16\x5B\x16\x5B\x16\x5B\x16\x5B\x16\x5B\x16\x5B\x16\x5B\x16\x5B\x16\x5B\x0E\x5B\x26\x5B\x26\x5B\x26\x5B" +
	"\x1E\x5B\x1E\x5B\x1E\x5B\x1E\x5B\x26\x5B\x1E\x5B\x26\x5B\x1E\x5B\x26\x5B\x26\x5B\x1E\x5B\x26\x5B\x26\x5B\x2E\x5B\x2E\x5B\x2E\x5B" +
	"\x2E\x5B\x2E\x5B\x2E\x5B\x2E\x5B\x2E\x5B\x2E\x5B\x2E\x5B\x2E\x5B\x2E\x5B\x2E\x5B\x2E\x5B\x26\x5B\x2E\x5B\x2E\x5B\x2E\x5B\x2E\x5B" +
	"\x2E\x5B\x2E\x5B\x2E\x5B\x26\x5B\x26\x5B\x26\x5B\x2E\x5B\x0D\x7A\x14\xB9\x1D\x5B\x1D\x5B\x1D\x5B\x1D\x5A\x1D\x5B\x1D\x5B\x1D\x5B" +
	"\x2D\x7B\x2D\x7B\x2D\x7B\x2D\x7B\x24\xFA\x3C\x99\x34\x58\x25\x1A\x2D\x7B\x2D\x7B\x45\xFC\x66\x9D\x6E\xBD\x6E\xBD\x3D\xBB\x04\xF9" +
	"\x36\x7B\x36\x5B\x36\x5B\x36\x5A\x36\x5A\x36\x5A\x36\x5B\x36\x5B\x36\x5A\x36\x5B\x36\x5B\x36\x7A\x3E\x7B\x3E\x5B\x3E\x7B\x3E\x7B" +
	"\x3E\x7B\x46\x7B\x46\x7B\x46\x7B\x46\x7B\x4E\x7B\x46\x7B\x46\x7B\x4E\x7B\x4E\x7B\x4E\x7B\x56\x9B\x56\x9B\x56\x9B\x56\x9B\x4E\x9B" +
	"\x46\x7A\x3E\x7A\x3E\x7A\x3E\x7A\x46\x7A\x46\x7B\x4E\x7B\x4E\x7B\x56\x9B\x56\x9B\x56\x9B\x56\x9B\x56\x9B\x5E\x9B\x5E\x9B\x7E\xFC" +
	"\x7E\xFC\x9F\x3D\xA7\x5D\xB7\x7D\xAF\x5D\xA7\x5D\x9F\x3D\x7E\xFC\x7E\xFC\x76\xDC\x6E\xBB\x6E\xBC\x66\xBB\x6E\xDB\x66\xBB\x6E\xBB" +
	"\x6E\xBB\x66\xBB\x66\xBB\x66\xBB\x66\xBB\x66\xBB\x66\xBB\x6E\xBB\x66\xBB\x66\xBB\x66\xBB\x66\xBB\x55\xFB\x4D\x3A\x46\x1B\x45\xDB" +
	"\x54\xB9\x54\xD9\x4D\x1A\x7D\x9B\x4D\xFB\x66\xBB\x66\xBB\x5E\x9B\x5E\x9B\x56\x9B\x56\x9B\x56\x9B\x56\x9B\x56\x9B\x56\x9B\x56\x9B" +
	"\x56\x9A\x56\x9A\x56\x9B\x4E\x9B\x4E\x7B\x46\x7A\x46\x7A\x3E\x7A\x3E\x7A\x3E\x7A\x3E\x7A\x3E\x7A\x3E\x7A\x3E\x7A\x3E\x7A\x3E\x7A" +
	"\x46\x7A\x46\x7A\x46\x7A\x46\x7A\x46\x7A\x46\x7A\x46\x7A\x46\x7A\x46\x7A\x46\x7A\x46\x7A\x46\x7A\x46\x7A\x46\x7A\x46\x7A\x46\x7A" +
	"\x06\x3C\x06\x3C\x06\x3C\x06\x3C\x06\x3C\x06\x3C\x06\x3C\x06\x3C\x06\x3C\x06\x3C\x06\x3C\x06\x3C\x06\x3C\x06\x3C\x06\x3C\x06\x3C" +
	"\x06\x3C\x06\x3C\x06\x5C\x06\x5C\x0E\x3C\x0E\x5C\x0E\x5C\x0E\x3C\x0E\x3C\x0E\x3C\x0E\x3C\x0E\x3C\x0E\x3C\x0E\x3C\x0E\x3C\x0E\x5C" +
	"\x0E\x3C\x0E\x5B\x16\x5B\x16\x5B\x16\x5B\x16\x5B\x16\x5B\x16\x5B\x16\x5B\x16\x5B\x16\x5B\x16\x5B\x0E\x5B\x1E\x7C\x26\x5B\x26\x5B" +
	"\x26\x5B\x1E\x5B\x1E\x5B\x1E\x5B\x26\x5B\x1E\x5B\x26\x5B\x26\x5B\x26\x5B\x26\x5B\x26\x5B\x26\x5B\x26\x5B\x26\x5B\x2E\x5B\x2E\x5B" +
	"\x2E\x5B\x2E\x5B\x2E\x5B\x2E\x5B\x26\x5B\x2E\x5B\x2E\x5B\x2E\x5B\x2E\x5B\x2E\x5B\x2E\x5B\x2E\x5B\x2E\x5B\x2E\x5B\x2E\x5B\x26\x5B" +
	"\x2E\x5B\x2E\x5B\x2E\x5B\x26\x5B\x26\x5B\x26\x5B\x2E\x5B\x2E\x5B\x04\x98\x14\xB9\x25\x3A\x35\x7B\x25\x7B\x25\x5B\x25\x5A\x25\x5B" +
	"\x2D\x7B\x2D\x7B\x2D\x7B\x2D\x7B\x25\x5A\x0C\x37\x14\x38\x25\x3A\x2D\x7B\x2D\x7B\x2D\x7B\x2D\x9B\x66\x7D\x6E\xBD\x35\x9B\x0D\x7A" +
	"\x36\x7B\x36\x5A\x36\x5B\x36\x5B\x36\x5B\x36\x5B\x36\x5B\x36\x5B\x36\x7B\x36\x5B\x36\x5B\x3E\x5B\x36\x5B\x3E\x7A\x3E\x7A\x3E\x5B" +
	"\x3E\x7B\x3E\x7A\x3E\x7A\x3E\x7A\x3E\x7B\x46\x7B\x46\x7B\x46\x7B\x46\x7B\x46\x7B\x46\x7A\x46\x7B\x4E\x7B\x4E\x7B\x46\x7B\x4E\x7B" +
	"\x46\x7B\x46\x7A\x3E\x7A\x3E\x5A\x3E\x7B\x46\x7B\x46\x7B\x46\x7B\x4E\x7B\x5E\xBB\x6E\xDC\x76\xFC\x97\x3D\xAF\x5D\xAF\x5D\xAF\x5D" +
	"\xAF\x5D\x87\x1C\x87\x1C\x6E\xDC\x5E\x9B\x56\x9B\x56\x9B\x56\x9B\x5E\x9B\x66\xBB\x66\xBB\x66\xBB\x66\xBB\x66\xBB\x66\xBB\x66\xBB" +
	"\x66\xBB\x5E\xBB\x5E\x9B\x5E\x9B\x5E\x9B\x5E\xBB\x66\xBB\x66\xBB\x66\xBB\x66\xBB\x5E\xBB\x5E\xBB\x5E\xBB\x4E\x7B\x5E\xBB\x5E\x9B" +
	"\x56\x9B\x5E\x9B\x56\x7B\x3D\x7A\x56\x5B\x5E\xBB\x5E\x9B\x5E\x9B\x56\x9B\x56\x9B\x56\x9B\x4E\x7B\x4E\x7B\x4E\x7B\x4E\x7B\x4E\x7B" +
	"\x4E\x7A\x4E\x9A\x4E\x7A\x4E\x7A\x46\x7A\x46\x7A\x46\x7A\x3E\x7A\x3E\x7A\x3E\x7A\x3E\x7A\x3E\x7A\x3E\x7A\x3E\x7A\x3E\x7A\x3E\x7A" +
	"\x46\x7A\x46\x7A\x46\x7A\x46\x7A\x46\x7A\x46\x7A\x46\x7A\x46\x7A\x46\x7A\x46\x7A\x46\x7A\x46\x7A\x46\x7A\x46\x7A\x46\x7A\x46\x7A" +
	"\x06\x3C\x06\x3C\x06\x3C\x06\x3C\x06\x3C\x06\x3C\x06\x3C\x06\x3C\x06\x3C\x06\x3C\x06\x3C\x06\x3C\x06\x3C\x06\x3C\x06\x3C\x06\x3C" +
	"\x06\x3C\x06\x3C\x06\x3C\x06\x5C\x06\x5C\x0E\x3C\x0E\x5C\x0E\x3C\x0E\x3C\x06\x5B\x0E\x3C\x0E\x3C\x0E\x3C\x0E\x3C\x0E\x3C\x0E\x3C" +
	"\x0E\x3C\x0E\x3C\x16\x5B\x16\x5B\x16\x5B\x16\x5B\x16\x5B\x16\x5B\x16\x5B\x16\x5B\x16\x5B\x0E\x5C\x0D\x19\x03\x95\x15\x39\x26\x5B" +
	"\x1E\x5B\x1E\x5B\x1E\x5B\x1E\x5B\x1E\x5B\x1E\x5B\x1E\x5B\x1E\x5B\x1E\x5B\x26\x5B\x1E\x5B\x26\x5B\x26\x5B\x26\x5B\x26\x5B\x26\x5B" +
	"\x26\x5B\x26\x5B\x2E\x5B\x2E\x5B\x26\x5B\x2E\x5B\x2E\x5B\x2E\x5B\x2E\x5B\x2E\x5B\x2E\x5B\x26\x5B\x26\x5B\x2E\x5B\x2E\x5B\x2E\x5B" +
	"\x26\x5B\x2E\x5B\x2E\x5B\x26\x5B\x26\x5B\x26\x5B\x26\x5B\x2E\x5B\x2E\x3B\x04\x78\x54\x99\x74\xD9\x14\xD9\x2D\x7B\x2D\x7B\x2D\x7B" +
	"\x2D\x7B\x2D\x7B\x2D\x7B\x2D\x7B\x2D\x7B\x25\x1A\x1C\xFA\x2D\x7B\x2D\x7B\x2D\x7B\x2D\x7B\x2D\x7B\x35\xBB\x6E\xBD\x0C\x58\x1D\x59" +
	"\x36\x7B\x36\x5A\x36\x5B\x2E\x5B\x36\x5B\x36\x5B\x36\x5B\x36\x5B\x36\x5B\x36\x5B\x36\x5B\x36\x5B\x36\x5A\x3E\x5B\x3E\x5A\x3E\x7A" +
	"\x3E\x5A\x3E\x7B\x3E\x5B\x3E\x7B\x3E\x7B\x3E\x7B\x3E\x7B\x3E\x7B\x3E\x7B\x46\x7B\x46\x7A\x46\x7B\x46\x7B\x46\x7A\x46\x7B\x46\x7B" +
	"\x46\x7B\x46\x7B\x3E\x5A\x3E\x5A\x3E\x7A\x56\x9B\x6E\xDC\x86\xFC\x9F\x3D\xAF\x5D\xAF\x7D\x9F\x3D\x97\x3D\x87\x1C\x6E\xBC\x6E\xDB" +
	"\x56\x9B\x4E\x7B\x46\x7A\x4E\x7B\x4E\x7B\x4E\x9B\x4E\x7B\x4E\x7B\x56\x9B\x56\x9B\x5E\x9B\x5E\x9B\x5E\xBB\x5E\x9B\x5E\x9B\x5E\xBB" +
	"\x5E\xBB\x5E\x9B\x5E\x9B\x56\x9B\x56\x9B\x5E\x9B\x5E\xBB\x5E\x9B\x5E\x9B\x5E\x9B\x5E\x9B\x56\x9B\x56\x9B\x56\x9B\x56\x9B\x56\x9B" +
	"\x5E\x9B\x5E\x9B\x5E\x9B\x5E\xBB\x5E\xBB\x5E\x9B\x5E\x9B\x5E\x9B\x56\x9B\x56\x9B\x4E\x7A\x4E\x7A\x46\x7A\x46\x7A\x4E\x7A\x4E\x7A" +
	"\x46\x7A\x4E\x7A\x46\x7A\x46\x7A\x46\x7A\x46\x7A\x3E\x7A\x3E\x7A\x3E\x7A\x3E\x7A\x3E\x7A\x3E\x7A\x3E\x7A\x3E\x7A\x3E\x7A\x3E\x7A" +
	"\x3E\x7A\x3E\x7A\x3E\x7A\x46\x7A\x46\x7A\x46\x7A\x46\x7A\x46\x7A\x46\x7A\x46\x7A\x46\x7A\x46\x7A\x46\x7A\x46\x7A\x46\x7A\x46\x7A" +
	"\x06\x3C\x06\x3C\x06\x3C\x06\x3C\x06\x3C\x06\x3C\x06\x3C\x06\x3C\x06\x3C\x06\x3C\x06\x3C\x06\x3C\x06\x3C\x06\x3C\x06\x3C\x06\x3C" +
	"\x06\x3C\x06\x3C\x06\x3C\x06\x3C\x06\x5C\x06\x5C\x06\x5C\x0E\x3C\x0E\x5C\x06\x3C\x0E\x3C\x0E\x3C\x0E\x3C\x0E\x3C\x0E\x3C\x0E\x5C" +
	"\x0E\x5C\x0E\x3C\x0E\x5C\x16\x5B\x16\x5B\x16\x5B\x16\x5B\x16\x5B\x16\x5B\x16\x5B\x16\x5C\x03\xF6\x44\x17\xCE\xFD\x2B\xF7\x1E\x1B" +
	"\x26\x5B\x1E\x5B\x1E\x5B\x1E\x5B\x1E\x5B\x1E\x5B\x1E\x5B\x1E\x5B\x1E\x5B\x1E\x5B\x1E\x5B\x26\x5B\x26\x5C\x1E\x5B\x26\x5B\x26\x5B" +
	"\x26\x5B\x26\x5B\x26\x5B\x2E\x5B\x2E\x5B\x2E\x5B\x2E\x5B\x2E\x5B\x2E\x5B\x26\x5B\x26\x5B\x26\x5B\x26\x5B\x2E\x5B\x2E\x5B\x2E\x5B" +
	"\x26\x5B\x2E\x5B\x2E\x5B\x2E\x5B\x26\x5B\x26\x5B\x26\x5B\x26\x5B\x2E\x7B\x15\x39\x44\x78\x44\x98\x1C\xFA\x2D\x7B\x2D\x7B\x2D\x7B" +
	"\x2D\x7B\x2D\x7B\x2D\x7B\x2D\x7B\x2D\x7B\x2D\x7B\x2D\x7B\x2D\x7B\x2D\x7B\x2D\x7B\x2D\x7B\x2D\x7B\x2D\x7B\x45\xBB\x5D\x39\x1C\xB9" +
	"\x2E\x7B\x36\x5B\x36\x5B\x36\x5B\x2E\x5B\x36\x5A\x36\x5B\x36\x5B\x36\x5B\x36\x5B\x36\x5B\x36\x5B\x36\x5B\x36\x5B\x3E\x5B\x3E\x5A" +
	"\x3E\x5B\x3E\x7A\x3E\x5B\x3E\x7B\x3E\x7B\x3E\x7B\x3E\x7B\x3E\x7B\x3E\x7B\x3E\x7B\x3E\x7B\x46\x7A\x3E\x7A\x3E\x5A\x3E\x7A\x3E\x7A" +
	"\x56\x9B\x5E\xBB\x86\xFC\x97\x3D\x9F\x3D\xA7\x5D\x97\x3D\x97\x3D\x8F\x1D\x56\x9B\x56\x9B\x4E\x7B\x4E\x7B\x4E\x7B\x4E\x9B\x4E\x7B" +
	"\x4E\x7B\x46\x7A\x46\x7B\x46\x7B\x46\x7B\x4E\x7B\x4E\x7B\x4E\x7B\x4E\x7B\x4E\x7B\x4E\x9B\x56\x9B\x56\x9B\x56\x9B\x56\x9B\x56\x9B" +
	"\x5E\x9B\x56\x9B\x56\x9B\x56\x9B\x56\x9B\x56\x9B\x56\x9B\x56\x9B\x56\x9B\x56\x9B\x56\x9B\x4E\x7B\x4E\x7B\x4E\x7B\x56\x9B\x56\x9B" +
	"\x56\x9B\x56\x9B\x56\x9B\x56\x9B\x56\x9B\x56\x9B\x56\x9B\x56\x9B\x56\x9B\x4E\x7B\x4E\x7B\x4E\x7B\x46\x7A\x46\x7A\x46\x7A\x46\x7A" +
	"\x46\x7A\x46\x7A\x46\x7A\x46\x7A\x46\x7A\x3E\x7A\x3E\x7A\x3E\x7A\x3E\x7A\x3E\x7A\x3E\x7A\x3E\x7A\x3E\x7A\x3E\x7A\x3E\x7A\x3E\x7A" +
	"\x3E\x7A\x3E\x7A\x3E\x7A\x3E\x7A\x3E\x7A\x3E\x7A\x46\x7A\x46\x7A\x46\x7A\x46\x7A\x46\x7A\x46\x7A\x46\x7A\x46\x7A\x46\x7A\x46\x7A" +
	"\x06\x3C\x06\x3C\x06\x3C\x06\x3C\x06\x3C\x06\x3C\x06\x3C\x06\x3C\x06\x3C\x06\x3C\x06\x3C\x06\x3C\x06\x3C\x06\x3C\x06\x3C\x06\x3C" +
	"\x06\x3C\x06\x3C\x06\x3C\x06\x3C\x06\x5C\x06\x5C\x06\x3C\x06\x5C\x0E\x3C\x0E\x3C\x06\x3C\x0E\x3C\x0E\x3C\x0E\x3C\x0E\x3C\x0E\x5C" +
	"\x0E\x5C\x0E\x3C\x0E\x3C\x16\x5B\x16\x5B\x16\x5B\x16\x5B\x16\x5B\x16\x5B\x16\x7C\x04\x36\x75\x19\xF7\xDF\xFF\xFF\x5C\x98\x1D\xDA" +
	"\x26\x5B\x1E\x5B\x1E\x5B\x1E\x5B\x1E\x5B\x1E\x5B\x1E\x5B\x1E\x5B\x1E\x5B\x26\x5B\x26\x5B\x26\x7C\x04\x77\x1B\x54\x0C\x36\x1E\x5B" +
	"\x26\x5B\x26\x5B\x26\x5B\x2E\x5B\x2E\x5B\x2E\x5B\x2E\x5B\x2E\x5B\x2E\x5B\x2E\x5B\x2E\x5B\x26\x5B\x26\x5B\x2E\x5B\x2E\x5B\x2E\x5B" +
	"\x2E\x5B\x26\x5B\x2E\x5B\x2E\x5B\x26\x5B\x26\x5B\x26\x5B\x26\x5B\x2E\x5B\x26\x1B\x0C\x78\x15\x5A\x14\x98\x1C\xD9\x2D\x9B\x2D\x7B" +
	"\x2D\x7B\x2D\x7B\x2D\x7B\x2D\x7B\x2D\x7B\x2D\x7B\x2D\x7B\x2D\x7B\x2D\x7B\x2D\x7B\x2D\x7B\x2D\x7B\x25\x5A\x04\x17\x95\xFA\x24\x99" +
	"\x26\x3B\x36\x5B\x36\x5B\x36\x5B\x36\x5B\x2E\x5B\x36\x5B\x36\x5B\x36\x5A\x36\x5B\x36\x5B\x36\x5A\x36\x5A\x36\x5B\x36\x5B\x36\x5B" +
	"\x3E\x5B\x3E\x7A\x3E\x5A\x3E\x7B\x3E\x5B\x3E\x5B\x3E\x7B\x3E\x7B\x3E\x7B\x3E\x5B\x3E\x5B\x3E\x7A\x4E\x9B\x76\xDC\x97\x3D\x97\x3D" +
	"\xA7\x5D\xA7\x5D\x97\x3D\x97\x3D\x6E\xDC\x66\xBB\x3E\x5A\x3E\x7A\x3E\x5A\x3E\x7A\x46\x7A\x46\x7A\x46\x7B\x46\x7B\x46\x7B\x46\x7B" +
	"\x46\x7A\x3E\x5B\x3E\x7A\x3E\x7A\x46\x7B\x46\x7B\x46\x7B\x46\x7B\x46\x7B\x46\x7B\x4E\x7B\x4E\x7B\x4E\x7B\x4E\x7B\x4E\x7B\x4E\x7B" +
	"\x4E\x9B\x4E\x7B\x4E\x9B\x4E\x7B\x56\x9B\x4E\x9B\x4E\x7B\x4E\x7B\x4E\x7B\x4E\x7B\x4E\x7B\x4E\x7B\x4E\x7B\x4E\x7A\x4E\x7A\x4E\x9A" +
	"\x56\x9A\x56\x7A\x56\x9A\x56\x9A\x56\x9A\x56\x9B\x56\x7B\x4E\x7B\x4E\x9B\x4E\x7B\x46\x7A\x46\x7A\x46\x7A\x46\x7A\x46\x7A\x46\x7A" +
	"\x46\x7A\x46\x7A\x3E\x7A\x46\x7A\x46\x7A\x3E\x7A\x3E\x7A\x3E\x7A\x3E\x7A\x3E\x7A\x3E\x7A\x3E\x7A\x3E\x7A\x3E\x7A\x3E\x7A\x3E\x7A" +
	"\x3E\x7A\x3E\x7A\x3E\x7A\x3E\x7A\x3E\x7A\x3E\x7A\x46\x7A\x46\x7A\x3E\x7A\x3E\x7A\x3E\x7A\x46\x7A\x46\x7A\x46\x7A\x46\x7A\x46\x7A" +
	"\x06\x3C\x06\x3C\x06\x3C\x06\x3C\x06\x3C\x06\x3C\x06\x3C\x06\x3C\x06\x3C\x06\x3C\x06\x3C\x06\x3C\x06\x3C\x06\x3C\x06\x3C\x06\x3C" +
	"\x06\x3C\x06\x3C\x06\x3C\x06\x3C\x06\x3C\x06\x5C\x06\x3C\x06\x3C\x0E\x3C\x0E\x5C\x06\x3C\x0E\x5C\x0E\x5C\x0E\x5C\x0E\x5C\x05\x19" +
	"\x04\x98\x15\xFB\x0E\x5C\x0E\x5C\x16\x5B\x16\x5B\x16\x5B\x16\x5B\x16\x5B\x0D\x59\x2B\x95\xF7\xBF\xFF\xFF\xCE\xFD\x0B\x75\x1E\x7C" +
	"\x26\x5B\x1E\x5B\x1E\x5B\x1E\x5B\x1E\x5B\x26\x5B\x26\x5B\x26\x5B\x26\x5B\x26\x5B\x26\x7C\x0C\x97\x54\x77\xBE\xFE\x02\xD3\x16\x5B" +
	"\x26\x5B\x26\x5B\x26\x5B\x26\x5B\x26\x5B\x26\x5B\x26\x5B\x2E\x5B\x2E\x5B\x2E\x5B\x26\x5B\x26\x5B\x26\x5B\x26\x5B\x26\x5B\x2E\x5B" +
	"\x2E\x5B\x26\x5B\x2E\x5B\x2E\x5B\x2E\x5B\x26\x5B\x26\x5B\x26\x5B\x26\x5B\x2E\x5B\x2E\x7B\x36\x5B\x3E\x5B\x14\xF9\x0C\x78\x1C\xD9" +
	"\x25\x5A\x25\x7B\x2D\x9B\x2D\x7B\x2D\x7B\x2D\x7B\x2D\x7B\x2D\x9B\x2D\x7B\x2D\x5B\x25\x1A\x0C\x58\x04\x98\x1D\x7A\x0C\xB8\x15\x39" +
	"\x36\x5B\x36\x5B\x36\x5B\x36\x5B\x36\x5B\x2E\x5B\x2E\x5B\x36\x5A\x36\x5A\x36\x5A\x36\x5B\x36\x5B\x36\x5A\x36\x5A\x36\x5A\x36\x5B" +
	"\x36\x5B\x36\x5B\x3E\x5B\x3E\x5B\x36\x5A\x36\x5A\x3E\x7A\x3E\x7B\x66\xBC\x76\xDC\x86\xFC\x97\x3D\xA7\x5D\x9F\x3D\x86\xFC\x86\xFC" +
	"\x66\xBC\x46\x7B\x36\x5A\x3E\x5A\x3E\x5A\x3E\x5A\x3E\x5A\x3E\x7A\x3E\x7A\x3E\x7B\x3E\x7A\x3E\x5A\x3E\x5A\x46\x7B\x46\x7B\x3E\x7A" +
	"\x46\x7A\x46\x7B\x3E\x5A\x3E\x5A\x3E\x7A\x46\x7A\x46\x7A\x46\x7B\x46\x7B\x46\x7B\x46\x7B\x46\x7B\x46\x7B\x46\x7B\x46\x7A\x46\x7B" +
	"\x46\x7B\x46\x7A\x46\x7A\x4E\x7A\x4E\x7B\x46\x7A\x46\x7A\x46\x7A\x46\x7A\x46\x7A\x46\x7A\x46\x7A\x46\x7A\x46\x7A\x46\x7A\x46\x7A" +
	"\x4E\x7A\x4E\x7A\x4E\x7A\x4E\x7A\x4E\x7A\x4E\x7A\x4E\x7A\x46\x7A\x46\x7A\x46\x7A\x46\x7A\x46\x7A\x46\x7A\x46\x7A\x46\x7A\x46\x7A" +
	"\x46\x7A\x46\x7A\x46\x7A\x46\x7A\x46\x7A\x3E\x7A\x3E\x7A\x3E\x7A\x3E\x7A\x3E\x7A\x3E\x7A\x3E\x7A\x3E\x7A\x3E\x7A\x3E\x7A\x3E\x7A" +
	"\x3E\x7A\x3E\x7A\x3E\x7A\x3E\x7A\x3E\x7A\x3E\x7A\x3E\x7A\x3E\x7A\x3E\x7A\x3E\x7A\x3E\x7A\x46\x7A\x46\x7A\x46\x7A\x46\x7A\x46\x7A" +
	"\x06\x3C\x06\x3C\x06\x3C\x06\x3C\x06\x3C\x06\x3C\x06\x3C\x06\x3C\x06\x3C\x06\x3C\x06\x3C\x06\x3C\x06\x3C\x06\x5C\x06\x3C\x06\x5C" +
	"\x06\x3C\x06\x3C\x06\x3C\x06\x3C\x06\x3C\x06\x5C\x06\x5C\x06\x3C\x06\x3B\x0E\x3C\x0E\x3C\x06\x3C\x0E\x3C\x0E\x5C\x04\x77\x74\xB5" +
	"\xA5\xD6\x1A\xD3\x0D\xFB\x0E\x5C\x16\x5B\x16\x5B\x16\x5B\x16\x5B\x16\x7C\x04\x16\xA6\x5C\xFF\xFF\xF7\xDF\x33\x34\x2B\x34\x05\x39" +
	"\x16\x5C\x16\x5B\x0E\x5B\x16\x5B\x1E\x5B\x26\x5B\x26\x5B\x26\x5B\x26\x5B\x1E\x5B\x04\x57\x54\x98\xEF\xBF\xA6\x5C\x1B\xF6\x1E\x5B" +
	"\x26\x5B\x26\x5B\x26\x5B\x1E\x5B\x1E\x5B\x26\x5B\x26\x5B\x26\x5B\x2E\x5B\x2E\x5B\x2E\x5B\x26\x5B\x26\x5B\x26\x5B\x26\x5B\x2E\x5B" +
	"\x2E\x5B\x2E\x5B\x26\x5B\x2E\x5B\x2E\x5B\x2E\x5B\x26\x5B\x26\x5B\x26\x5B\x26\x5B\x2E\x5B\x2E\x5B\x2E\x5B\x36\x7B\x1E\x3B\x0D\x19" +
	"\x04\x98\x04\x78\x0C\x78\x0C\x78\x0C\x78\x0C\x78\x0C\x78\x0C\x78\x0C\x58\x0C\x58\x0C\xF9\x25\xFA\x2E\x5B\x36\x5B\x2E\x5B\x36\x5B" +
	"\x36\x5B\x36\x5B\x36\x5B\x36\x5B\x36\x5B\x36\x5B\x2E\x5B\x36\x5A\x36\x5A\x36\x5A\x36\x5B\x36\x5B\x36\x5B\x36\x5A\x36\x5A\x2E\x5A" +
	"\x2E\x5A\x36\x5A\x3E\x5B\x4E\x7B\x76\xDC\x8F\x1D\x9F\x3D\xA7\x5D\xA7\x5D\x97\x3D\x8F\x1D\x6E\xDC\x3E\x7B\x3E\x7A\x36\x5A\x36\x5A" +
	"\x36\x5A\x3E\x5B\x36\x5B\x3E\x7A\x3E\x7A\x3E\x7A\x3E\x7A\x3E\x7A\x3E\x7A\x3E\x7A\x3E\x7A\x3E\x7A\x3E\x7A\x3E\x7A\x3E\x7A\x3E\x7A" +
	"\x3E\x7A\x3E\x7A\x3E\x7A\x3E\x7A\x3E\x5A\x3E\x5A\x3E\x7A\x3E\x7A\x46\x7A\x46\x7A\x46\x7A\x46\x7A\x3E\x7A\x3E\x7A\x46\x7B\x3E\x5A" +
	"\x3E\x7A\x3E\x7A\x46\x7A\x46\x7A\x46\x7A\x46\x7A\x46\x7A\x3E\x7A\x3E\x7A\x46\x7A\x46\x7A\x46\x7A\x46\x7A\x46\x7A\x46\x7A\x46\x7A" +
	"\x46\x7A\x46\x7A\x46\x7A\x46\x7A\x46\x7A\x46\x7A\x46\x7A\x46\x7A\x46\x7A\x46\x7A\x46\x7A\x46\x7A\x3E\x7A\x3E\x7A\x3E\x7A\x3E\x7A" +
	"\x46\x7A\x3E\x7A\x3E\x5A\x3E\x7A\x3E\x7A\x3E\x7A\x3E\x7A\x3E\x7A\x3E\x7A\x3E\x7A\x3E\x7A\x3E\x7A\x3E\x7A\x3E\x7A\x3E\x7A\x3E\x7A" +
	"\x3E\x7A\x3E\x7A\x3E\x7A\x3E\x7A\x3E\x7A\x3E\x7A\x3E\x7A\x3E\x7A\x3E\x7A\x3E\x7A\x3E\x7A\x46\x7A\x46\x7A\x46\x7A\x46\x7A\x46\x7A" +
	"\x06\x3C\x06\x3C\x06\x3C\x06\x3C\x06\x3C\x06\x3C\x06\x3C\x06\x3C\x06\x3C\x06\x3C\x06\x3C\x06\x3C\x06\x1C\x03\xD6\x0A\xD3\x04\x78" +
	"\x0E\x5C\x06\x3C\x06\x3C\x06\x3C\x06\x3C\x0E\x5C\x0E\x5C\x0E\x5C\x06\x3C\x0E\x3B\x0E\x5C\x06\x3C\x16\x7C\x04\x17\x5C\x95\xFF\x57" +
	"\xFE\xF3\x4B\xF2\x05\x19\x0E\x5C\x0E\x5C\x16\x5B\x16\x5B\x16\x5B\x0D\xBA\x2B\x75\xF7\xFF\xFF\xFF\xFF\xFF\xE7\x9F\x85\x7A\x0C\xB8" +
	"\x16\x5C\x16\x5B\x16\x5B\x0E\x5B\x1E\x5B\x1E\x5B\x26\x5B\x26\x7C\x15\xBA\x13\xD6\x8D\xDB\xFF\xFF\xEF\xDF\x33\x75\x1D\x19\x26\x5B" +
	"\x26\x5B\x26\x5B\x26\x5B\x1E\x5B\x26\x5B\x26\x5B\x26\x5B\x26\x5B\x26\x5B\x2E\x5B\x2E\x5B\x2E\x5B\x26\x5B\x26\x5B\x26\x5B\x26\x5B" +
	"\x2E\x5B\x2E\x5B\x2E\x5B\x26\x5B\x2E\x5B\x2E\x5B\x2E\x5B\x26\x5B\x26\x5B\x26\x5B\x2E\x5B\x2E\x5B\x2E\x5B\x36\x5B\x36\x5B\x36\x7B" +
	"\x2E\x5B\x2E\x5B\x1E\x1A\x25\xFA\x0C\xD8\x44\xD9\x5C\xF9\x1D\x39\x2D\xFB\x36\x3B\x2E\x7B\x36\x5B\x36\x5B\x36\x5B\x36\x5B\x36\x5B" +
	"\x36\x5B\x36\x5B\x36\x5B\x36\x5B\x36\x5B\x36\x5B\x36\x5B\x2E\x5B\x36\x5A\x36\x5A\x36\x5A\x2E\x5A\x2E\x5B\x2E\x5A\x2E\x5A\x56\x9B" +
	"\x7E\xFC\x8F\x1D\x9F\x3D\x9F\x5D\x97\x3D\x87\x1D\x66\xBC\x56\x9B\x3E\x7B\x3E\x5B\x3E\x5B\x3E\x5A\x3E\x7A\x3E\x5B\x36\x5B\x36\x5B" +
	"\x36\x5B\x3E\x5B\x36\x5B\x36\x5B\x3E\x5B\x3E\x5A\x3E\x5A\x3E\x5A\x3E\x5A\x3E\x5A\x3E\x7A\x3E\x7A\x3E\x5A\x3E\x5A\x3E\x7A\x3E\x5A" +
	"\x3E\x7A\x3E\x5A\x3E\x5A\x3E\x5A\x3E\x5A\x3E\x7A\x3E\x7A\x3E\x7A\x3E\x7A\x3E\x7A\x3E\x7A\x3E\x7A\x3E\x5A\x3E\x7A\x3E\x7A\x3E\x7A" +
	"\x3E\x7A\x3E\x7A\x3E\x7A\x3E\x7A\x3E\x7A\x3E\x7A\x3E\x7A\x3E\x7A\x3E\x7A\x3E\x7A\x3E\x7A\x46\x7A\x3E\x7A\x3E\x7A\x46\x7A\x46\x7A" +
	"\x46\x7A\x46\x7A\x46\x7A\x46\x7A\x46\x7A\x46\x7A\x46\x7A\x46\x7A\x46\x7A\x3E\x7A\x3E\x7A\x3E\x7A\x3E\x7A\x3E\x7A\x3E\x7A\x3E\x7A" +
	"\x3E\x7A\x3E\x7A\x3E\x7A\x3E\x7A\x3E\x7A\x3E\x7A\x3E\x7A\x3E\x7A\x3E\x7A\x3E\x7A\x3E\x7A\x3E\x7A\x3E\x7A\x3E\x7A\x3E\x7A\x3E\x7A" +
	"\x3E\x7A\x3E\x7A\x3E\x7A\x3E\x7A\x3E\x7A\x46\x7A\x3E\x7A\x3E\x7A\x3E\x7A\x3E\x7A\x46\x7A\x46\x7A\x46\x7A\x4E\x7A\x4E\x7A\x4E\x9A" +
	"\x06\x3C\x06\x3C\x06\x3C\x06\x3C\x06\x3C\x06\x3C\x06\x3C\x06\x3C\x06\x3C\x06\x3C\x06\x3C\x06\x5C\x04\xB8\x6C\x54\xE7\x17\x33\x94" +
	"\x15\xFB\x06\x3C\x06\x5C\x06\x3C\x05\x9A\x05\x19\x03\xD6\x0B\xB5\x2B\xD5\x33\xD5\x33\x94\x0A\x92\x0B\x54\x5C\x75\xF7\x36\xF6\x90" +
	"\xFE\x6E\x43\xB1\x05\x5A\x0E\x5C\x0E\x3C\x16\x5B\x0E\x5C\x0E\x5C\x0D\x18\x85\x59\xFF\xFF\xFF\xFF\xFF\xFF\xEF\xBF\x13\x14\x0E\x1B" +
	"\x16\x5B\x16\x5B\x16\x5B\x16\x5B\x16\x5B\x1E\x5C\x15\xFB\x03\xF6\x4B\xF6\xD7\x3E\xFF\xFF\xEF\xBF\x4C\x57\x03\xB5\x1E\x5C\x26\x5B" +
	"\x26\x5B\x26\x5B\x1E\x5B\x26\x5B\x26\x5B\x1E\x5B\x26\x5B\x26\x5B\x26\x5B\x2E\x5B\x2E\x5B\x2E\x5B\x26\x5B\x26\x5B\x26\x5B\x26\x5B" +
	"\x26\x5B\x2E\x5B\x2E\x5B\x2E\x5B\x26\x5B\x2E\x5B\x2E\x5B\x2E\x5B\x26\x5B\x26\x5B\x26\x5B\x2E\x5B\x2E\x5B\x2E\x5B\x36\x5B\x36\x5B" +
	"\x36\x5B\x36\x5B\x36\x5B\x36\x7B\x15\x7A\x3C\xD9\x75\x59\x25\xBA\x36\x5B\x36\x5B\x36\x5B\x36\x5B\x36\x5B\x36\x5B\x36\x5B\x36\x5B" +
	"\x36\x5B\x36\x5B\x36\x5B\x36\x5B\x36\x5B\x36\x5B\x36\x5B\x2E\x5B\x2E\x5B\x2E\x5A\x3E\x7B\x5E\xBC\x6E\xDC\x8F\x1D\x9F\x3D\xA7\x5D" +
	"\x97\x1D\x76\xDC\x66\xDC\x56\x9B\x3E\x7B\x2E\x5A\x36\x5A\x36\x5B\x36\x5B\x36\x5B\x36\x5B\x36\x5B\x36\x5B\x36\x5B\x36\x5B\x36\x5B" +
	"\x36\x5B\x36\x5B\x36\x5B\x36\x5B\x36\x5B\x3E\x5A\x3E\x5A\x3E\x5A\x3E\x5A\x3E\x5A\x3E\x5B\x3E\x5B\x3E\x5A\x3E\x5A\x3E\x5A\x3E\x5A" +
	"\x3E\x5A\x3E\x5A\x3E\x5A\x3E\x5A\x3E\x5A\x3E\x5A\x3E\x5A\x3E\x5A\x3E\x7A\x3E\x7A\x3E\x7A\x3E\x7A\x3E\x5A\x3E\x5A\x3E\x7A\x3E\x7A" +
	"\x3E\x7A\x3E\x7A\x3E\x7A\x3E\x7A\x3E\x5A\x3E\x7A\x3E\x7A\x3E\x7A\x3E\x7A\x3E\x7A\x3E\x7A\x3E\x5A\x3E\x7A\x3E\x7A\x3E\x7A\x3E\x7A" +
	"\x3E\x7A\x46\x7A\x46\x7A\x46\x7A\x46\x7A\x46\x7A\x46\x7A\x46\x7A\x46\x7A\x46\x7A\x3E\x7A\x3E\x7A\x3E\x7A\x3E\x7A\x3E\x7A\x3E\x7A" +
	"\x3E\x7A\x3E\x7A\x3E\x7A\x3E\x7A\x3E\x7A\x3E\x7A\x3E\x7A\x3E\x7A\x3E\x7A\x3E\x7A\x3E\x7A\x3E\x7A\x3E\x7A\x3E\x7A\x3E\x7A\x3E\x7A" +
	"\x3E\x7A\x3E\x7A\x3E\x7A\x3E\x7A\x46\x7A\x46\x7A\x46\x7A\x46\x7A\x46\x7A\x4E\x7A\x4E\x7A\x4E\x7A\x56\x7A\x56\x9A\x56\x99\x56\x9A" +
	"\x06\x3C\x06\x3C\x06\x3C\x06\x3C\x06\x3C\x06\x3C\x06\x3C\x06\x3C\x06\x3C\x06\x3C\x06\x3C\x06\x5C\x03\x75\x9D\xD6\xF6\x90\xAD\x71" +
	"\x04\xB8\x05\xDB\x03\xF6\x23\xD5\x54\x14\x8D\x76\xC6\x97\xDE\xF8\xF7\x37\xFF\x35\xF7\x15\xDE\x95\xAD\xB3\xAD\xB2\xF6\x6E\xF6\x4E" +
	"\xEE\x4E\x23\x12\x0E\x5C\x0E\x3C\x0E\x3C\x0E\x3C\x0E\x3C\x0E\x7C\x03\xF6\x9E\x1C\xFF\xFF\xFF\xFF\xFF\xFF\x75\x5A\x3B\xD6\x04\x77" +
	"\x16\x7C\x16\x5B\x16\x5B\x16\x5B\x16\x5C\x04\x77\x13\x14\xAE\x5C\xFF\xFF\xFF\xFF\xFF\xFF\x5C\x57\x02\x51\x15\x19\x26\x5C\x26\x5B" +
	"\x1E\x5B\x1E\x5B\x1E\x5B\x1E\x5B\x26\x5B\x26\x5B\x26\x5B\x26\x5B\x26\x5B\x26\x5B\x2E\x5B\x2E\x5B\x2E\x5B\x26\x5B\x26\x5B\x26\x5B" +
	"\x26\x5B\x2E\x5B\x2E\x5B\x2E\x5B\x2E\x5B\x26\x5B\x2E\x5B\x2E\x5B\x2E\x5B\x26\x5B\x26\x5B\x26\x5B\x2E\x5B\x2E\x5B\x36\x5B\x36\x5B" +
	"\x36\x5B\x36\x5B\x36\x5B\x36\x5B\x26\x3B\x0D\x19\x04\x98\x2E\x5B\x36\x5B\x36\x5B\x36\x5B\x36\x5B\x36\x5B\x36\x5B\x36\x5B\x36\x5B" +
	"\x36\x5B\x36\x5B\x36\x5B\x2E\x5B\x2E\x5B\x36\x5B\x3E\x7B\x5E\xBC\x8F\x1D\x9F\x3D\xA7\x3D\xA7\x3D\x97\x1D\x86\xFD\x66\xBC\x3E\x7B" +
	"\x2E\x5A\x2E\x5A\x2E\x5A\x36\x5B\x36\x5B\x36\x7A\x36\x5A\x36\x5A\x36\x5A\x36\x5B\x36\x5B\x36\x5B\x36\x5B\x36\x5B\x36\x5B\x36\x5B" +
	"\x36\x5A\x36\x5A\x36\x5A\x36\x5A\x36\x5A\x36\x5A\x36\x5A\x36\x5A\x3E\x5B\x3E\x5B\x36\x5B\x3E\x5B\x3E\x5A\x3E\x5A\x3E\x5A\x36\x5A" +
	"\x3E\x5A\x3E\x5A\x3E\x5A\x3E\x5A\x3E\x5A\x3E\x5A\x3E\x5A\x3E\x5A\x3E\x5A\x3E\x5A\x3E\x5A\x3E\x7A\x3E\x7A\x3E\x7A\x3E\x7A\x3E\x5A" +
	"\x3E\x5A\x3E\x7A\x3E\x5A\x3E\x5A\x3E\x5A\x3E\x7A\x3E\x7A\x3E\x7A\x3E\x5A\x3E\x7A\x3E\x7A\x3E\x7A\x3E\x7A\x3E\x7A\x3E\x7A\x3E\x7A" +
	"\x3E\x7A\x3E\x7A\x3E\x7A\x3E\x7A\x46\x7A\x46\x7A\x3E\x7A\x3E\x7A\x3E\x7A\x3E\x7A\x3E\x7A\x3E\x7A\x3E\x7A\x3E\x7A\x3E\x7A\x3E\x7A" +
	"\x3E\x7A\x3E\x7A\x3E\x7A\x3E\x7A\x3E\x7A\x3E\x7A\x3E\x7A\x3E\x7A\x3E\x7A\x3E\x7A\x3E\x7A\x3E\x7A\x3E\x7A\x3E\x7A\x3E\x7A\x3E\x7A" +
	"\x3E\x7A\x3E\x7A\x3E\x7A\x46\x7A\x46\x7A\x46\x7A\x4E\x7A\x4E\x7A\x4E\x7A\x4E\x7A\x4E\x7A\x4E\x9A\x56\x79\x5E\x9A\x5E\x9A\x6E\xDA" +
	"\x06\x3C\x06\x3C\x06\x3C\x06\x3C\x06\x3C\x06\x3C\x06\x3C\x06\x3C\x06\x3C\x06\x3C\x06\x3C\x06\x5C\x0B\x95\xDE\x94\xF6\x6E\xA5\x91" +
	"\x02\x73\x33\x53\xAD\xF6\xF7\x58\xFF\x57\xFF\x15\xF6\xB1\xF6\x70\xF6\x6F\xF6\x4E\xF6\x4E\xF6\x4E\xF6\x6E\xF6\x6E\xF6\x4E\xF6\x6E" +
	"\xBD\xD0\x0A\x72\x0B\xB5\x0D\xFB\x0E\x5C\x0E\x3C\x0E\x3C\x0E\x5C\x03\xF6\xB6\x9D\xFF\xFF\xFF\xFF\xFF\xFF\xA6\x7C\x95\xBA\x04\x36" +
	"\x16\x7C\x16\x5C\x16\x7C\x0D\x9A\x03\x14\x64\x98\xDF\x7E\xFF\xFF\xFF\xFF\xF7\xDF\x6C\x98\x3C\x37\xAE\x9D\x03\x95\x26\x7C\x26\x5C" +
	"\x26\x5B\x26\x5B\x26\x5B\x26\x5B\x26\x5B\x26\x5B\x26\x5B\x26\x5B\x26\x5B\x26\x5B\x26\x5B\x2E\x5B\x2E\x5B\x2E\x5B\x2E\x5B\x26\x5B" +
	"\x2E\x5B\x2E\x5B\x2E\x5B\x2E\x5B\x2E\x5B\x2E\x5B\x2E\x5B\x2E\x5B\x2E\x5B\x2E\x5B\x2E\x5B\x26\x5B\x26\x5B\x26\x5B\x26\x5B\x26\x3B" +
	"\x2E\x5B\x2E\x7B\x2E\x5B\x26\x3B\x2E\x7B\x36\x7B\x2E\x5B\x36\x7B\x2E\x5B\x36\x5B\x36\x5B\x36\x5B\x36\x5B\x36\x5B\x2E\x5B\x2E\x5B" +
	"\x36\x5B\x3E\x7B\x3E\x7B\x56\xBC\x86\xFD\x9F\x3D\xA7\x5D\xA7\x3D\x87\x1D\x66\xDC\x5E\xBC\x3E\x7B\x2E\x5B\x2E\x5B\x2E\x5B\x2E\x5B" +
	"\x36\x5A\x36\x7B\x36\x5A\x36\x7B\x2E\x5B\x15\xBA\x15\xDA\x26\x3A\x2E\x5A\x2E\x5A\x3E\x7B\x3E\x5B\x36\x7B\x36\x5B\x36\x5B\x36\x5B" +
	"\x36\x5A\x36\x5A\x36\x5A\x36\x5A\x36\x5A\x36\x5B\x36\x5B\x36\x5A\x36\x5B\x36\x5B\x36\x5B\x36\x5B\x3E\x5B\x3E\x5A\x3E\x5A\x3E\x5A" +
	"\x36\x5A\x3E\x5A\x3E\x5A\x3E\x5A\x3E\x5A\x3E\x5A\x3E\x5A\x3E\x5A\x3E\x5A\x3E\x5A\x3E\x5A\x3E\x5A\x3E\x5A\x3E\x7A\x3E\x5A\x3E\x7A" +
	"\x3E\x7A\x3E\x7A\x3E\x7A\x3E\x5A\x3E\x5A\x3E\x7A\x3E\x7A\x3E\x7A\x3E\x7A\x3E\x7A\x3E\x7A\x3E\x7A\x3E\x7A\x3E\x5A\x3E\x7A\x3E\x7A" +
	"\x3E\x7A\x3E\x7A\x3E\x7A\x3E\x7A\x3E\x7A\x3E\x7A\x3E\x5A\x3E\x7A\x3E\x7A\x3E\x7A\x3E\x7A\x3E\x7A\x3E\x7A\x3E\x7A\x3E\x7A\x3E\x7A" +
	"\x3E\x7A\x3E\x7A\x3E\x7A\x3E\x7A\x3E\x7A\x3E\x7A\x3E\x7A\x3E\x7A\x3E\x7A\x3E\x7A\x3E\x7A\x3E\x7A\x3E\x7A\x3E\x7A\x3E\x7A\x3E\x7A" +
	"\x3E\x7A\x3E\x7A\x3E\x7A\x46\x7A\x46\x7A\x46\x7A\x46\x7A\x4E\x7A\x56\x9A\x6E\xDB\x76\xFB\x86\xFB\x97\x3C\xAF\x7D\xAF\x7D\xAF\x7C" +
	"\x06\x3C\x06\x3C\x06\x3C\x06\x3C\x06\x3C\x06\x3C\x06\x3C\x06\x3C\x06\x3C\x06\x3C\x06\x3C\x06\x3C\x13\x54\xE6\x70\x9D\x50\x33\x95" +
	"\x95\xD6\xF7\x57\xFF\x15\xF6\x90\xF6\x6F\xF6\x6E\xE6\x4F\xDE\x4F\xAD\xB0\x9D\x71\x9D\x71\xD6\x0F\xEE\x6E\xF6\x6E\xF6\x4E\xF6\x6E" +
	"\xB5\xD0\xB6\x36\xB6\x37\x12\xD3\x04\xD8\x0E\x7C\x0E\x3C\x0E\x3C\x13\x55\xEF\x9F\xFF\xFF\xFF\xFF\xFF\xFF\xF7\xBF\x5C\x16\x05\x79" +
	"\x0E\x3B\x05\x39\x03\xD6\x0A\x51\x8D\x9A\xFF\xFF\xFF\xFF\xFF\xFF\xFF\xFF\xDF\x5E\x4C\x16\xCF\x1E\x9E\x3B\x0C\x77\x26\x5C\x15\xFB" +
	"\x15\xFB\x16\x3B\x0D\xDB\x05\x5A\x05\x7A\x05\x7A\x05\x7A\x16\x1B\x16\x3B\x16\x1B\x16\x1B\x1E\x3B\x1E\x3B\x26\x5B\x26\x5B\x26\x5B" +
	"\x1E\x3B\x16\x1B\x1E\x5B\x26\x5B\x26\x3B\x16\x1B\x16\x1B\x15\xFB\x15\xBA\x0D\xBA\x05\x3A\x04\xD9\x04\xB9\x04\xB9\x04\xB9\x04\x78" +
	"\x04\xB8\x04\xD9\x04\xB9\x04\x78\x04\xD9\x05\x19\x04\xB8\x05\x19\x04\xF9\x05\x5A\x15\xBA\x15\xBA\x1D\xDA\x26\x5B\x46\x7B\x66\xDC" +
	"\x97\x3D\xA7\x5D\xA7\x5D\xA7\x5D\x8F\x1D\x76\xFC\x4E\x9B\x46\x7B\x2E\x5B\x2E\x5B\x2E\x5B\x36\x5B\x36\x5B\x2E\x7B\x2E\x5B\x1E\x3B" +
	"\x1E\x3B\x1D\xDA\x15\xBA\x05\x19\x04\xF9\x04\x78\x04\x78\x04\x98\x04\xB8\x04\xB8\x0D\x9A\x15\xBA\x1D\xBA\x1E\x3A\x2E\x5A\x2E\x5A" +
	"\x3E\x7B\x3E\x7A\x36\x7A\x36\x5B\x36\x5B\x36\x5B\x36\x5B\x36\x5B\x36\x7A\x36\x7B\x3E\x7B\x3E\x7B\x36\x5A\x36\x5A\x2E\x5A\x26\x3A" +
	"\x36\x5A\x26\x3A\x36\x5A\x36\x5A\x46\x7A\x3E\x5A\x3E\x5A\x3E\x5A\x3E\x5A\x3E\x5A\x3E\x5A\x3E\x5A\x3E\x5A\x3E\x7A\x3E\x5A\x3E\x5A" +
	"\x3E\x5A\x3E\x5A\x3E\x5A\x3E\x5A\x3E\x5A\x3E\x7A\x3E\x7A\x3E\x7A\x3E\x7A\x3E\x7A\x3E\x7A\x3E\x7A\x3E\x7A\x3E\x7A\x3E\x7A\x3E\x7A" +
	"\x3E\x7A\x3E\x7A\x3E\x7A\x3E\x7A\x3E\x7A\x3E\x7A\x3E\x7A\x3E\x7A\x3E\x7A\x3E\x7A\x3E\x7A\x3E\x7A\x3E\x7A\x3E\x7A\x3E\x7A\x3E\x7A" +
	"\x3E\x7A\x3E\x7A\x3E\x7A\x3E\x7A\x3E\x7A\x3E\x7A\x3E\x7A\x3E\x7A\x3E\x7A\x3E\x7A\x3E\x7A\x3E\x7A\x3E\x7A\x3E\x7A\x3E\x5A\x3E\x7A" +
	"\x3E\x5A\x3E\x7A\x46\x7A\x56\x9B\x5E\xBB\x76\xDB\x87\x1C\x9F\x5C\xA7\x7D\xA7\x7D\xA7\x7D\x9F\x5C\x8F\x1B\x6E\xDA\x6E\xBA\x66\xBA" +
	"\x06\x3C\x06\x3C\x06\x3C\x06\x3C\x06\x3C\x06\x3C\x06\x3C\x06\x3C\x06\x3C\x06\x3C\x06\x3C\x05\xBB\x43\x91\x5C\x72\x7D\x56\xF7\x58" +
	"\xFF\x57\xF6\x90\xEE\x4E\xF6\x6E\xE6\x4F\x54\x52\x0A\xF4\x13\x14\x1B\x55\x2B\xD6\x1B\x55\x23\x75\x23\x53\x9D\x31\xF6\x6E\xF6\x4E" +
	"\xF6\x6E\xF6\x6F\xF6\xD2\xDF\x18\x33\x73\x04\x36\x16\x7C\x0D\x7A\x43\xB6\xFF\xFF\xF7\xBF\xEF\x7F\xB6\x5C\x4C\x17\x1B\x14\x0A\xD3" +
	"\x12\xF3\x43\xD6\x85\x9A\xDF\x3E\xFF\xFF\xFF\xFF\xFF\xFF\xFF\xFF\xFF\xFF\xFF\xFF\xFF\xFF\xEF\x9F\x23\x34\x14\xD9\x04\x78\x04\x38" +
	"\x04\x38\x04\x58\x04\x38\x04\x37\x04\x37\x04\x38\x04\x38\x04\x58\x04\x58\x04\x58\x04\x58\x04\x58\x04\x58\x04\x98\x04\x98\x04\x98" +
	"\x04\x78\x04\x78\x04\x78\x04\x98\x04\x98\x04\x58\x04\x58\x04\x58\x04\x58\x04\x58\x04\x58\x04\x58\x04\x58\x04\x58\x04\x58\x04\x58" +
	"\x04\x58\x04\x58\x04\x58\x04\x58\x04\x58\x04\x58\x04\x58\x04\x38\x04\x58\x04\x78\x25\x1A\x55\xDB\x65\xFC\x86\x9D\x9E\xDD\x96\xDD" +
	"\x76\x9C\x5E\x5C\x3E\x1B\x2D\xFB\x0D\x7A\x0D\xDA\x15\xDA\x1D\xFB\x1E\x3B\x2E\x5B\x2E\x5B\x1D\xFA\x0D\x9A\x05\x19\x04\xB8\x04\x98" +
	"\x04\x98\x04\x78\x04\x78\x04\x98\x04\x98\x04\xB8\x04\xB8\x04\x98\x04\x98\x04\x98\x04\x78\x04\x78\x04\x98\x04\x98\x04\xB8\x04\xB8" +
	"\x0D\x39\x0D\xBA\x1D\xDA\x1E\x1A\x2E\x5A\x26\x3B\x1D\xFA\x1E\x1A\x1D\xFA\x15\xDA\x0D\x7A\x0D\x59\x05\x19\x04\xB8\x04\xB8\x04\xB8" +
	"\x04\xD9\x04\xB8\x04\xB8\x04\xF9\x15\xDA\x2E\x5A\x2E\x5A\x3E\x7A\x46\x7A\x3E\x5A\x3E\x5A\x3E\x5A\x3E\x5A\x3E\x7A\x3E\x5A\x3E\x5A" +
	"\x3E\x5A\x3E\x5A\x3E\x5A\x3E\x5A\x3E\x5A\x3E\x5A\x3E\x5A\x3E\x5A\x3E\x7A\x3E\x7A\x3E\x7A\x3E\x7A\x3E\x7A\x3E\x7A\x3E\x7A\x3E\x7A" +
	"\x3E\x7A\x3E\x7A\x3E\x7A\x3E\x7A\x3E\x7A\x3E\x7A\x3E\x7A\x3E\x7A\x3E\x7A\x3E\x7A\x3E\x7A\x3E\x7A\x3E\x7A\x3E\x7A\x3E\x7A\x3E\x7A" +
	"\x3E\x7A\x3E\x7A\x3E\x7A\x3E\x7A\x3E\x7A\x3E\x7A\x3E\x7A\x3E\x7A\x3E\x7A\x3E\x7A\x3E\x5A\x3E\x5A\x3E\x5A\x46\x7A\x5E\xBB\x66\xBB" +
	"\x86\xFC\x97\x1D\xA7\x3D\xA7\x5D\xA7\x5D\x9F\x5D\x97\x3D\x7E\xFB\x66\xBB\x56\x9A\x56\x9A\x56\x9A\x56\x99\x56\x99\x56\x99\x56\x99" +
	"\x06\x3C\x06\x3C\x06\x3C\x06\x3C\x06\x3C\x06\x3C\x06\x3C\x06\x3C\x06\x3C\x06\x3C\x06\x5C\x05\x19\x02\x72\x85\xB7\xFF\x57\xF6\xD3" +
	"\xF6\x6F\xEE\x4E\xF6\x6E\xC5\xD0\x12\xF3\x44\x37\x9D\xDB\xDF\x5E\xEF\xDF\xFF\xFF\xF7\xDF\xEF\xBF\xA6\x3C\x33\xD6\x5C\x93\xE6\x2F" +
	"\xF6\x6E\xF6\x4E\xEE\x4E\xF6\xB2\xEF\x37\x33\x53\x04\xF8\x03\xD5\x9E\x1B\xE7\x7E\xAE\x3C\x43\xF7\x22\xF4\x9E\x1B\xAE\x7C\xE7\x7E" +
	"\xEF\xBF\xFF\xFF\xFF\xFF\xFF\xFF\xFF\xFF\xFF\xFF\xFF\xFF\xFF\xFF\xFF\xFF\xFF\xFF\xB6\x9D\x2B\x54\x03\x96\x04\x37\x04\x58\x0C\x78" +
	"\x1C\x98\x1C\x98\x04\x58\x0C\x58\x0C\x98\x14\x98\x04\x78\x14\x98\x04\x58\x04\x58\x14\x98\x04\x58\x04\x58\x04\x58\x04\x58\x04\x58" +
	"\x04\x58\x04\x58\x04\x58\x04\x58\x04\x58\x04\x78\x04\x58\x14\x98\x0C\x98\x04\x58\x1C\xD9\x2D\x19\x65\x9A\x65\x79\x5D\x79\x85\xDA" +
	"\x65\x79\x6D\xBA\x6D\xBA\x6D\xBA\x65\x79\x5D\x79\x5D\xBA\x8E\x5B\x76\x3B\x96\xBD\xA6\xFD\xA6\xDD\x6E\x3C\x45\x9B\x1C\xF9\x04\x78" +
	"\x04\x58\x04\x58\x04\x58\x04\x58\x04\x78\x04\x78\x04\x58\x04\x78\x04\x98\x05\x39\x05\x19\x04\x78\x04\x78\x04\x98\x04\x98\x04\x98" +
	"\x0C\xB8\x0C\xB8\x0C\xB8\x14\xF7\x14\xF7\x35\x37\x4D\x56\x3D\x57\x3D\x56\x35\x57\x14\xF8\x1C\xF7\x0C\xD8\x04\x98\x04\x98\x04\x98" +
	"\x04\x98\x04\x78\x04\x98\x04\x98\x04\xD8\x04\xB8\x04\x98\x04\x98\x04\x98\x04\x98\x04\x98\x04\x98\x04\xB8\x04\xB8\x04\xB8\x04\xB8" +
	"\x04\xB8\x04\xD8\x04\xB8\x04\x98\x04\x98\x04\xB8\x04\xB8\x05\x39\x15\xDA\x36\x5A\x3E\x7B\x3E\x5A\x3E\x5A\x3E\x5A\x3E\x5A\x3E\x5A" +
	"\x3E\x5A\x3E\x5A\x3E\x5A\x3E\x5A\x3E\x5A\x3E\x5A\x3E\x5A\x3E\x5A\x3E\x5A\x3E\x7A\x3E\x7A\x3E\x7A\x3E\x7A\x3E\x7A\x3E\x7A\x3E\x7A" +
	"\x3E\x7A\x3E\x7A\x3E\x7A\x3E\x7A\x3E\x7A\x3E\x7A\x3E\x7A\x3E\x7A\x3E\x7A\x3E\x7A\x3E\x7A\x3E\x7A\x3E\x7A\x3E\x7A\x3E\x7A\x3E\x7A" +
	"\x3E\x7A\x3E\x7A\x3E\x7A\x3E\x7A\x3E\x7A\x3E\x5A\x3E\x5A\x3E\x5A\x4E\x9B\x5E\xBB\x76\xDC\x7E\xFC\x97\x3D\xA7\x3D\xA7\x5D\xAF\x5D" +
	"\x97\x3D\x7E\xFC\x6E\xDB\x5E\xBB\x4E\x7A\x4E\x7A\x4E\x7A\x4E\x7A\x4E\x7A\x4E\x7A\x4E\x7A\x56\x9A\x56\x9A\x56\x99\x56\x9A\x56\x99" +
	"\x06\x3C\x06\x3C\x06\x3C\x06\x3C\x06\x3C\x06\x3C\x06\x3C\x06\x3C\x06\x5C\x05\x9A\x03\xD6\x02\x72\x5C\x95\xFF\x57\xF6\x90\xF6\x4E" +
	"\xF6\x6E\xF6\x4E\xD6\x2F\x1A\xF3\x8D\xDB\xFF\xFF\xFF\xFF\xFF\xFF\xFF\xFF\xFF\xFF\xFF\xFF\xFF\xFF\xFF\xFF\xFF\xFF\x85\x9B\x33\xB3" +
	"\xF6\x6E\xEE\x6E\xF6\x4E\xEE\x4E\xF6\x6F\xE7\x16\x33\x53\x33\xB6\xF7\xDF\xB6\x3C\x3B\xF7\x7D\x7A\xEF\x9F\xFF\xFF\xFF\xFF\xFF\xFF" +
	"\xFF\xFF\xFF\xFF\xFF\xFF\xFF\xFF\xFF\xFF\xFF\xFF\xFF\xFF\xFF\xFF\xFF\xFF\xBE\x9C\x1A\x92\x0A\xD3\x65\x9A\x65\x7A\x95\xDA\xA5\xFA" +
	"\xAE\x1A\xB6\x1A\x9D\xFA\x9D\xFA\xAE\x1A\xB6\x1A\xA5\xFA\xB6\x1A\x8D\xDA\x9D\xDA\xAE\x1A\x9D\xFA\x85\xDA\x95\xDA\x8D\xDA\x55\x79" +
	"\x65\x7A\x7D\xBA\x95\xDA\x8D\xDA\x8D\xDA\x9D\xFA\x8D\xDA\xAE\x1A\xAE\x1A\x95\xFA\xB6\x1A\xBE\x3A\xBE\x1A\xBE\x1A\xB6\x1A\xB6\x1A" +
	"\xB6\x1A\xBE\x3A\xBE\x3A\xCE\x9B\xDF\x1C\xEF\x5D\xEF\x7D\xE7\x3D\xDF\x1C\xCE\xDB\xBE\x3A\xBE\x3A\x7D\xB9\x6D\xB9\x9D\xF9\x4D\x59" +
	"\x45\x59\x1C\xD9\x2C\xF9\x1C\xD9\x2D\x19\x04\xB8\x04\xD8\x04\x78\x04\x78\x04\x78\x04\x78\x04\xB8\x04\xB8\x25\x17\x3D\x56\x3D\x56" +
	"\x45\x56\x45\x56\x4D\x56\x4D\x56\x4D\x56\x4D\x56\x4D\x56\x4D\x56\x4D\x56\x4D\x56\x4D\x56\x4D\x56\x4D\x57\x3D\x57\x3D\x56\x35\x37" +
	"\x1C\xF7\x14\xF8\x04\xB8\x04\xB8\x04\xB8\x04\x98\x04\xB8\x04\xB8\x04\xB8\x04\xD8\x1D\x17\x14\xF7\x25\x37\x2D\x37\x2D\x37\x45\x76" +
	"\x3D\x56\x45\x76\x25\x37\x1D\x17\x04\xD8\x04\xB8\x04\xB8\x04\xB8\x04\x98\x04\xD9\x05\x59\x1E\x1A\x3E\x7A\x3E\x5A\x3E\x5A\x3E\x5A" +
	"\x3E\x5A\x3E\x5A\x3E\x5A\x3E\x5A\x3E\x5A\x3E\x5A\x3E\x5A\x3E\x5A\x3E\x5A\x3E\x5A\x3E\x7A\x3E\x7A\x3E\x7A\x3E\x7A\x3E\x7A\x3E\x7A" +
	"\x3E\x7A\x3E\x7A\x3E\x7A\x3E\x7A\x3E\x7A\x3E\x7A\x3E\x7A\x3E\x7A\x3E\x7A\x3E\x7A\x3E\x7A\x3E\x7A\x3E\x7A\x3E\x7A\x3E\x5A\x3E\x7A" +
	"\x3E\x7A\x3E\x5A\x46\x7A\x4E\x9B\x66\xBB\x76\xFC\x86\xFC\x9F\x3D\xA7\x3D\xA7\x5D\x9F\x3D\x97\x3D\x7E\xFC\x6E\xDC\x4E\x7A\x46\x7A" +
	"\x3E\x7A\x3E\x5A\x3E\x5A\x3E\x5A\x46\x7A\x46\x7A\x46\x7A\x4E\x7A\x4E\x7A\x4E\x7A\x4E\x7A\x4E\x7A\x4E\x7A\x4E\x7A\x4E\x7A\x46\x7A" +
	"\x06\x3C\x06\x3C\x06\x3C\x06\x3C\x06\x3C\x06\x3C\x06\x3C\x06\x3C\x03\xB5\x2B\x34\x44\x17\x33\x53\xEF\x58\xF6\xD2\xEE\x4E\xF6\x6E" +
	"\xF6\x4E\xF6\x6E\x43\xD3\x6D\x5A\xFF\xFF\xFF\xFF\xFF\xFF\xFF\xFF\x85\xBA\x3B\xD5\xB6\x3B\xFF\xFF\xFF\xFF\xFF\xFF\xFF\xFF\x7D\x3A" +
	"\x5C\x31\xF6\x6E\xF6\x6E\xF6\x4E\xF6\x4E\xF6\x6F\xDE\xF7\x22\xF3\xD7\x1E\x7D\x3A\x33\x95\xFF\xFF\xFF\xFF\xFF\xFF\xFF\xFF\xFF\xFF" +
	"\xFF\xFF\xFF\xFF\xFF\xFF\xFF\xFF\xFF\xFF\xFF\xFF\xFF\xFF\xFF\xFF\x9D\xDA\x2A\xF3\xD7\x1E\x3B\x54\x9D\x99\xAE\x1A\xAE\x1A\xB5\xFA" +
	"\xAE\x1A\xAE\x1A\xAE\x1A\xB5\xFA\xB6\x1A\xB6\x1A\xB5\xFA\xB6\x1A\xB6\x1A\xB6\x1A\xB5\xFA\xB6\x1A\xB6\x1A\xB6\x1A\xB6\x1A\xB6\x1A" +
	"\xB6\x1A\xB6\x1A\xB6\x1A\xB6\x1A\xB6\x1A\xB6\x1A\xB6\x1A\xB6\x1A\xB6\x1A\xB6\x1A\xB6\x1A\xB6\x1A\xB6\x1A\xB6\x1A\xBE\x3B\xBE\x5B" +
	"\xD6\xDC\xE7\x5D\xEF\x7D\xE7\x5D\xD6\xFC\xC6\x5B\xBE\x5A\xB6\x1A\xAE\x1A\xB6\x1A\xB6\x1A\xB6\x1A\xB6\x1A\xB6\x1A\xB6\x1A\xBE\x19" +
	"\xBE\x1A\xBE\x39\xBE\x3A\xC6\x39\x85\xD9\x0C\xB8\x04\x78\x04\x78\x04\x78\x04\x98\x0C\xD8\x45\x56\x45\x56\x4D\x56\x45\x56\x45\x56" +
	"\x45\x56\x45\x56\x45\x56\x4D\x56\x4D\x56\x45\x56\x45\x56\x45\x56\x45\x56\x4D\x56\x4D\x56\x4D\x56\x4D\x56\x4D\x56\x4D\x57\x4D\x56" +
	"\x4D\x76\x4D\x76\x4D\x76\x4D\x56\x45\x56\x35\x37\x3D\x57\x45\x56\x4D\x76\x4D\x76\x4D\x56\x4D\x76\x4D\x76\x4D\x76\x4D\x76\x4D\x76" +
	"\x4D\x76\x4D\x76\x4D\x76\x4D\x76\x45\x76\x3D\x76\x3D\x56\x1C\xF7\x04\xB8\x04\xB8\x04\xB8\x04\xB8\x05\x39\x26\x3A\x2E\x3A\x36\x5A" +
	"\x46\x7A\x3E\x7A\x3E\x5A\x3E\x5A\x3E\x5A\x3E\x5A\x3E\x5A\x3E\x5A\x3E\x5A\x3E\x5A\x3E\x5A\x3E\x5A\x3E\x7A\x3E\x7A\x3E\x7A\x3E\x7A" +
	"\x3E\x7A\x3E\x7A\x3E\x7A\x3E\x7A\x3E\x7A\x3E\x5A\x3E\x7A\x3E\x7A\x3E\x7A\x3E\x7A\x3E\x5A\x3E\x5A\x3E\x5A\x3E\x7A\x56\x9B\x56\x9B" +
	"\x6E\xDB\x8F\x1C\xA7\x3D\xAF\x5D\xA7\x3D\x8F\x1D\x86\xFC\x76\xDC\x5E\xBB\x46\x7A\x3E\x7A\x3E\x5A\x3E\x5A\x3E\x5A\x3E\x7A\x3E\x7A" +
	"\x3E\x7A\x3E\x7A\x3E\x7A\x3E\x7A\x3E\x7A\x3E\x7A\x46\x7A\x46\x7A\x46\x7A\x46\x7A\x46\x7A\x46\x7A\x46\x7A\x46\x7A\x46\x7A\x46\x7A" +
	"\x06\x3C\x06\x3C\x06\x3C\x06\x3C\x06\x3C\x06\x3C\x06\x3C\x03\x95\x64\xB8\xEF\xBF\x44\x37\xBE\x57\xF6\xF4\xF6\x4E\xF6\x6E\xF6\x6E" +
	"\xF6\x6E\xAD\x90\x1B\x96\xE7\x9F\xFF\xFF\xFF\xFF\xFF\xFF\xBE\x7C\x2B\xF6\x13\x13\x09\xF0\xCE\xFD\xFF\xFF\xFF\xFF\xFF\xFF\xEF\xBF" +
	"\x2B\xD4\xE6\x2F\xF6\x6E\xF6\x4E\xF6\x6E\xEE\x4E\xF6\xD3\xAD\xD6\x5C\x78\x43\xD6\x85\x7A\xFF\xFF\xFF\xFF\xFF\xFF\xFF\xFF\xFF\xFF" +
	"\xFF\xFF\xFF\xFF\xFF\xFF\xFF\xFF\xFF\xFF\xFF\xFF\xFF\xFF\xFF\xFF\xAE\x7C\xE7\x9F\xEF\xBF\x2B\x95\x9D\xBA\xAE\x1A\xA6\x1A\xAD\xFA" +
	"\xAD\xFA\xAE\x1A\xA6\x1A\xAE\x1A\xB6\x1A\xB6\x1A\xB6\x1A\xB5\xFA\xB6\x1A\xB6\x1A\xB6\x1A\xB5\xFA\xB6\x1A\xB6\x1A\xB6\x1A\xB6\x1A" +
	"\xB6\x1A\xB6\x1A\xB5\xFA\xB6\x1A\xB6\x1A\xB6\x1A\xB6\x1A\xB6\x1A\xB6\x1A\xB6\x1A\xB6\x3A\xC6\x7B\xD6\xFC\xDF\x1D\xE7\x7D\xE7\x5D" +
	"\xDF\x1C\xCE\x9B\xBE\x5B\xBE\x3A\xB6\x1A\xB6\x1A\xB6\x1A\xB6\x1A\xB6\x1A\xB6\x1A\xB6\x1A\xB6\x1A\xB6\x1A\xB6\x1A\xB6\x1A\xB6\x1A" +
	"\xB6\x1A\xBE\x39\x9D\xF9\x2D\x19\x04\x78\x04\x78\x04\x78\x04\x78\x04\x98\x2D\x17\x45\x56\x45\x56\x45\x56\x45\x56\x45\x56\x45\x56" +
	"\x45\x56\x45\x56\x45\x56\x45\x56\x4D\x57\x45\x56\x45\x56\x45\x56\x45\x56\x4D\x56\x4D\x56\x4D\x56\x4D\x56\x4D\x56\x4D\x57\x4D\x56" +
	"\x4D\x56\x4D\x56\x4D\x56\x4D\x56\x4D\x56\x4D\x56\x4D\x56\x4D\x56\x4D\x56\x4D\x56\x4D\x56\x4D\x56\x4D\x76\x4D\x76\x4D\x76\x45\x76" +
	"\x4D\x76\x4D\x76\x4D\x76\x4D\x76\x4D\x76\x4D\x76\x4D\x76\x4D\x76\x35\x57\x15\x17\x04\xD8\x04\xB8\x04\xB8\x04\xB8\x04\xB8\x04\xF9" +
	"\x0D\x9A\x1D\xDA\x1D\xDA\x2E\x5A\x36\x5A\x3E\x7A\x46\x5A\x3E\x7A\x3E\x5A\x46\x7A\x46\x7A\x3E\x7A\x46\x7A\x3E\x7A\x46\x7A\x3E\x7A" +
	"\x3E\x7A\x3E\x7A\x3E\x7A\x3E\x7A\x3E\x7A\x3E\x7A\x3E\x7A\x3E\x7A\x46\x7A\x56\x9B\x66\xDB\x8F\x1C\x8F\x1C\x97\x3D\xAF\x5D\xA7\x3D" +
	"\x9F\x3D\x7E\xFC\x76\xDC\x56\x9B\x3E\x7A\x3E\x5A\x3E\x5A\x3E\x5A\x3E\x7A\x3E\x7A\x3E\x7A\x3E\x7A\x3E\x7A\x3E\x5A\x3E\x7A\x3E\x7A" +
	"\x3E\x7A\x3E\x7A\x3E\x7A\x3E\x7A\x3E\x7A\x3E\x7A\x3E\x7A\x3E\x7A\x3E\x7A\x3E\x7A\x3E\x7A\x3E\x7A\x3E\x7A\x46\x7A\x46\x7A\x46\x7A" +
	"\x06\x3C\x06\x3C\x06\x3C\x06\x3C\x06\x3C\x06\x5C\x03\x95\x5C\x37\xFF\xFF\xCF\x1E\x3B\xD5\xF6\xF4\xF6\x4E\xF6\x4E\xF6\x4E\xF6\x6E" +
	"\xF6\x6E\x8C\xF1\x4C\x98\xFF\xFF\xFF\xFF\xFF\xFF\xFF\xFF\xCF\x1D\x0A\x51\x01\xF0\x12\x51\xDF\x5E\xFF\xFF\xFF\xFF\xFF\xFF\xFF\xFF" +
	"\x43\xB6\xB5\x4F\xF6\x6E\xF6\x4E\xF6\x4E\xF6\x4E\xEE\x4E\xFF\x35\x85\x97\x2B\x34\xEF\xBF\xFF\xFF\xFF\xFF\xFF\xFF\xFF\xFF\xFF\xFF" +
	"\xFF\xFF\xFF\xFF\xFF\xFF\xFF\xFF\xFF\xFF\xFF\xFF\xFF\xFF\xFF\xFF\xFF\xFF\xFF\xFF\x9D\xFB\x12\x92\xB6\x1A\xAD\xFA\xAE\x1A\xAE\x1A" +
	"\xAD\xFA\xAD\xFA\xAE\x1A\xAE\x1A\xAD\xFA\xB5\xFA\xB6\x1A\xB6\x1A\xB5\xFA\xB6\x1A\xB6\x1A\xB5\xFA\xB5\xFA\xB6\x1A\xB6\x1A\xB6\x1A" +
	"\xB6\x1A\xAE\x1A\xAE\x1A\xB5\xFA\xAE\x1A\xAE\x1A\xB6\x3A\xC6\x7B\xCE\xBC\xDF\x3D\xEF\x5D\xE7\x5D\xDF\x1D\xCE\xDC\xC6\x7B\xBE\x3A" +
	"\xB6\x1A\xB6\x1A\xB6\x1A\xB6\x1A\xB6\x1A\xB6\x1A\xB6\x1A\xB6\x1A\xB6\x1A\xB6\x1A\xB6\x1A\xB6\x1A\xB6\x1A\xB6\x1A\xB6\x1A\xBE\x3A" +
	"\xB6\x1A\x5D\x79\x0C\x98\x04\x58\x04\x78\x04\xB8\x04\x78\x04\x98\x35\x37\x45\x56\x45\x56\x45\x56\x45\x56\x45\x56\x45\x56\x4D\x56" +
	"\x45\x56\x45\x56\x45\x56\x45\x57\x45\x56\x45\x57\x45\x56\x45\x56\x45\x56\x45\x56\x45\x56\x4D\x56\x4D\x56\x4D\x56\x4D\x56\x4D\x56" +
	"\x4D\x57\x4D\x56\x4D\x56\x4D\x56\x4D\x56\x4D\x56\x4D\x56\x4D\x56\x4D\x56\x4D\x56\x4D\x56\x4D\x56\x4D\x76\x4D\x76\x4D\x76\x4D\x76" +
	"\x4D\x76\x4D\x76\x4D\x76\x4D\x76\x4D\x76\x4D\x76\x4D\x76\x4D\x76\x4D\x76\x4D\x76\x45\x76\x2D\x57\x04\xD8\x04\xD8\x04\xB8\x04\xB8" +
	"\x04\x98\x04\xB8\x04\xB8\x04\xD8\x04\xF9\x05\x19\x15\xDA\x15\xDA\x15\xDA\x0D\x7A\x0D\x9A\x0D\x59\x0D\x7A\x05\x39\x0D\x59\x05\x19" +
	"\x05\x19\x05\x19\x04\xF9\x25\xBA\x35\xFB\x66\x5C\x86\xDC\x97\x1D\xA7\x5D\xA7\x5D\xAF\x5D\x97\x3D\x87\x1C\x6E\xDB\x56\x9B\x46\x7A" +
	"\x46\x7A\x3E\x5A\x3E\x5A\x3E\x7A\x3E\x7A\x3E\x7A\x3E\x7A\x3E\x7A\x3E\x7A\x3E\x7A\x3E\x7A\x3E\x7A\x3E\x7A\x3E\x7A\x3E\x7A\x3E\x7A" +
	"\x3E\x7A\x3E\x7A\x3E\x7A\x3E\x7A\x3E\x7A\x3E\x7A\x3E\x7A\x3E\x7A\x3E\x7A\x3E\x7A\x3E\x7A\x3E\x7A\x3E\x7A\x46\x7A\x46\x7A\x46\x7A" +
	"\x06\x3C\x06\x3C\x06\x3C\x06\x3C\x05\xFC\x1C\x78\x0A\xB3\xCE\xFD\xFF\xFF\x6D\x19\x95\x95\xF6\x6E\xF6\x4E\xF6\x4E\xF6\x4E\xF6\x4E" +
	"\xFE\x6E\x43\xD2\xA5\xFB\xFF\xFF\xFF\xFF\xFF\xFF\xFF\xFF\xFF\xFF\xC6\xDD\x9D\xBA\xC6\xBD\xFF\xFF\xFF\xFF\xFF\xFF\xFF\xFF\xFF\xFF" +
	"\x43\xF6\x9C\xEF\xF6\x6E\xF6\x6E\xF6\x4E\xF6\x6E\xF6\x6E\xF6\x8F\x95\x75\x7D\x39\xFF\xFF\xFF\xFF\xFF\xFF\xFF\xFF\xFF\xFF\xFF\xFF" +
	"\xFF\xFF\xFF\xFF\xFF\xFF\xFF\xFF\xFF\xFF\xFF\xFF\xFF\xFF\xFF\xFF\xFF\xFF\xD7\x1E\x2B\x34\x74\xD8\xAE\x1B\xAE\x1A\xAD\xFA\xAE\x1A" +
	"\xAE\x1A\xAD\xFA\xAE\x1A\xAE\x1A\xAE\x1A\xAD\xFA\xB6\x1A\xB6\x1A\xB6\x1A\xB5\xFA\xB6\x1A\xB6\x1A\xB5\xFA\xB6\x1A\xAE\x1A\xAE\x1A" +
	"\xB5\xFA\xAE\x1A\xAE\x3A\xBE\x7B\xC6\x9B\xDF\x1D\xE7\x5D\xE7\x3D\xE7\x3D\xD6\xDC\xC6\x9B\xBE\x3B\xB6\x1A\xB5\xFA\xB6\x1A\xB6\x1A" +
	"\xB6\x1A\xB6\x1A\xB6\x1A\xB6\x1A\xB6\x1A\xB6\x1A\xB6\x1A\xB6\x1A\xB6\x1A\xB6\x1A\xB6\x1A\xBE\x3A\xBE\x3A\xBE\x1A\xA6\x1A\x75\xB9" +
	"\x24\xD8\x04\x58\x04\x58\x2C\xD8\x55\x39\x04\x78\x04\x78\x2D\x17\x45\x56\x45\x56\x45\x56\x45\x56\x45\x56\x45\x56\x45\x56\x45\x56" +
	"\x45\x56\x45\x56\x45\x56\x45\x56\x45\x56\x4D\x56\x45\x56\x45\x56\x45\x56\x45\x56\x45\x56\x4D\x56\x4D\x56\x4D\x56\x4D\x56\x4D\x56" +
	"\x4D\x57\x4D\x56\x4D\x56\x4D\x56\x4D\x56\x4D\x56\x4D\x56\x4D\x56\x4D\x56\x4D\x56\x4D\x56\x4D\x56\x4D\x56\x4D\x76\x4D\x76\x4D\x76" +
	"\x4D\x76\x4D\x76\x4D\x76\x4D\x76\x4D\x76\x4D\x76\x4D\x76\x4D\x76\x4D\x76\x4D\x76\x4D\x76\x4D\x76\x4D\x76\x45\x76\x3D\x76\x35\x57" +
	"\x25\x37\x04\xD8\x04\xB8\x04\xB8\x04\xB9\x04\xB8\x04\xB9\x04\xB9\x04\xB9\x04\xB9\x04\xB9\x04\xB8\x04\xB8\x04\xB8\x04\xB9\x1D\x19" +
	"\x3D\xBB\x66\x3C\x86\x7C\xA6\xFD\xA6\xFD\x7E\x9C\x6E\x5C\x45\xBB\x1D\x39\x1D\xBA\x1D\xFA\x15\xDA\x3E\x7A\x46\x7A\x46\x7A\x3E\x7A" +
	"\x3E\x7A\x3E\x7A\x3E\x7A\x3E\x7A\x3E\x7A\x3E\x7A\x3E\x7A\x3E\x7A\x3E\x7A\x3E\x7A\x3E\x7A\x3E\x7A\x3E\x7A\x3E\x5A\x3E\x7A\x3E\x5A" +
	"\x3E\x7A\x3E\x7A\x3E\x7A\x3E\x7A\x3E\x7A\x3E\x7A\x3E\x7A\x3E\x7A\x3E\x7A\x3E\x7A\x3E\x7A\x3E\x7A\x3E\x7A\x46\x7A\x46\x7A\x46\x7A" +
	"\x06\x3C\x06\x3C\x06\x3C\x06\x5C\x04\x77\x44\xB9\x0A\x72\xAE\x1B\xF7\xDF\x23\x14\xD6\x73\xEE\x4E\xF6\x4E\xF6\x4E\xF6\x4E\xF6\x6E" +
	"\xFE\x6E\x43\xD2\xA6\x1B\xFF\xFF\xFF\xFF\xFF\xFF\xFF\xFF\xFF\xFF\xFF\xFF\xFF\xFF\xFF\xFF\xFF\xFF\xFF\xFF\xFF\xFF\xFF\xFF\xFF\xFF" +
	"\x3B\x55\xB5\x50\xF6\x6E\xF6\x6E\xF6\x6E\xF6\x4E\xF6\x4E\xEE\x4E\xDE\x74\xBE\x7A\xFF\xFF\xFF\xFF\xFF\xFF\xFF\xFF\xFF\xFF\xFF\xFF" +
	"\xE7\x7E\x85\x5A\x7D\x39\x6C\xD8\x6C\xF9\x75\x19\x74\xF9\x6C\xF9\x54\x98\x22\xD3\x7C\xF8\xB6\x1A\xAE\x1B\xAE\x1B\xAE\x1B\xAD\xFA" +
	"\xAE\x1A\xAE\x1A\xB5\xFA\xAE\x1A\xA6\x1A\xAE\x1A\xAD\xFA\xB6\x1A\xB6\x1A\xB5\xFA\xB5\xFA\xAE\x1A\xAE\x1A\xAD\xFA\xB6\x1A\xB6\x3B" +
	"\xC6\x9B\xDE\xFC\xE7\x3D\xE7\x5D\xE7\x1D\xD6\xBC\xBE\x5B\xB6\x1A\xB6\x1A\xB5\xFA\xAE\x1A\xB6\x1A\xB6\x1A\xB6\x1A\xB6\x1A\xB6\x1A" +
	"\xB6\x1A\xB6\x1A\xB6\x1A\xB6\x1A\xB6\x1A\xB6\x1A\xB6\x1A\xB6\x1A\xBE\x1A\xBE\x1A\xB6\x1A\x55\x79\x65\x99\x1C\xD9\x0C\x98\x04\x58" +
	"\x04\x58\x2C\xF9\x65\x59\x7D\x7A\x3D\x19\x04\x58\x04\xB8\x45\x57\x45\x56\x45\x56\x45\x56\x45\x56\x45\x56\x45\x56\x45\x56\x45\x56" +
	"\x45\x56\x45\x56\x45\x56\x45\x56\x45\x56\x45\x56\x4D\x56\x45\x56\x45\x56\x45\x56\x45\x56\x45\x56\x4D\x56\x4D\x56\x4D\x56\x4D\x56" +
	"\x4D\x56\x4D\x57\x4D\x56\x4D\x56\x4D\x56\x4D\x56\x4D\x56\x4D\x56\x4D\x56\x4D\x56\x4D\x56\x4D\x56\x4D\x56\x4D\x57\x4D\x56\x4D\x76" +
	"\x4D\x76\x4D\x76\x4D\x76\x4D\x76\x4D\x76\x4D\x76\x4D\x76\x45\x76\x45\x76\x4D\x76\x4D\x76\x4D\x76\x55\x76\x5D\x76\x6D\x76\x75\x75" +
	"\x7D\x96\x7D\x76\x7D\x76\x6D\x37\x5D\x37\x44\xF8\x44\xF8\x34\xF8\x3D\x18\x4D\x37\x5D\x98\x75\xFA\x8E\x5B\xA6\xBB\xB6\xFC\xBF\x1C" +
	"\xB6\xFC\xA6\xBB\x86\x39\x75\xF8\x5D\xB8\x2D\x37\x25\x17\x0C\xD8\x04\xD8\x04\xD8\x04\xB9\x04\xB9\x05\x59\x15\x9A\x36\x5A\x46\x7A" +
	"\x46\x7A\x46\x7A\x3E\x7A\x3E\x7A\x3E\x7A\x3E\x7A\x3E\x7A\x3E\x7A\x3E\x7A\x3E\x7A\x3E\x7A\x3E\x7A\x3E\x7A\x3E\x7A\x3E\x7A\x3E\x7A" +
	"\x3E\x7A\x3E\x7A\x3E\x7A\x3E\x7A\x3E\x7A\x3E\x7A\x3E\x7A\x3E\x7A\x3E\x7A\x3E\x7A\x3E\x7A\x3E\x7A\x3E\x7A\x46\x7A\x46\x7A\x46\x7A" +
	"\x06\x3C\x06\x3C\x06\x3C\x05\xFC\x04\xD9\x01\xF0\x43\x74\xEF\xBF\xC6\xFD\x33\xD5\xF6\xB1\xF6\x4E\xF6\x6E\xF6\x6E\xF6\x6E\xF6\x4E" +
	"\xFE\x6E\x43\xD2\x95\xFB\xFF\xFF\xFF\xFF\xFF\xFF\xFF\xFF\xFF\xFF\xFF\xFF\xFF\xFF\xFF\xFF\xFF\xFF\xFF\xFF\xFF\xFF\xFF\xFF\xFF\xFF" +
	"\x3B\x55\xA4\xEE\xF6\x4E\xF6\x4E\xF6\x4E\xF6\x4E\xF6\x4E\xF6\x4E\xF6\x90\xF6\xF4\xDF\x1A\x96\x3C\xC6\xFE\xD7\x5E\xCE\xFD\x5C\x77" +
	"\x1A\x92\x43\x2E\x53\x4E\x53\x6E\x33\x0F\x1A\xD0\x12\xB0\x3B\xD6\xA5\xDA\xB6\x1B\xAE\x1B\xAD\xFA\xB5\xFA\xAD\xFA\xAE\x1A\xB5\xFA" +
	"\xAE\x1A\xAE\x1A\xAE\x1A\xB5\xFA\xAE\x1A\xA6\x1A\xAE\x1A\xAE\x1A\xAE\x1A\xAE\x1A\xAD\xFA\xB6\x1A\xC6\x7B\xCE\xBC\xDF\x3D\xE7\x5D" +
	"\xE7\x3D\xD6\xDC\xCE\xBC\xBE\x3B\xB6\x1A\xB5\xFA\xB5\xFA\xB6\x1A\xB6\x1A\xB6\x1A\xB5\xFA\xB6\x1A\xB6\x1A\xB6\x1A\xB5\xFA\xB6\x1A" +
	"\xB6\x1A\xB6\x1A\xB6\x1A\xB6\x1A\xB6\x1A\xB6\x1A\x9D\xFA\x7D\xDA\x2C\xF9\x1C\xB8\x14\xB8\x04\x58\x04\x58\x04\x58\x04\x78\x04\x78" +
	"\x35\x19\x7D\x79\x75\x79\x7D\x79\x34\xD8\x04\x58\x1C\xF7\x45\x56\x45\x57\x45\x56\x45\x56\x45\x56\x45\x56\x45\x56\x45\x56\x45\x56" +
	"\x45\x56\x45\x56\x45\x56\x45\x56\x45\x56\x45\x56\x45\x56\x4D\x56\x45\x56\x45\x56\x45\x56\x45\x56\x45\x56\x4D\x56\x4D\x56\x4D\x56" +
	"\x4D\x57\x4D\x57\x4D\x57\x4D\x56\x4D\x56\x4D\x56\x4D\x56\x4D\x56\x4D\x56\x4D\x56\x4D\x56\x4D\x56\x4D\x56\x4D\x56\x4D\x56\x4D\x76" +
	"\x4D\x76\x4D\x76\x45\x76\x4D\x76\x4D\x76\x4D\x76\x4D\x76\x5D\x76\x6D\x76\x85\x75\x95\x75\xA5\x74\xAD\x73\xB5\x73\xB5\x73\xB5\x73" +
	"\xB5\x74\xAD\x74\xAD\x74\xA5\x75\xA5\xB5\xA5\xD5\xAE\x36\xC6\xB9\xD7\x1A\xD7\x1A\xD7\x3B\xCF\x1A\xBE\xDA\x9E\x59\x96\x38\x85\xF8" +
	"\x6D\x96\x65\x75\x5D\x76\x5D\x76\x5D\x76\x5D\x96\x5D\x76\x5D\x96\x55\x76\x45\x76\x45\x56\x25\x37\x04\xD8\x04\xB9\x04\xF9\x0D\x79" +
	"\x15\x99\x15\x9A\x25\x9A\x1D\xFA\x36\x3A\x36\x3A\x26\x3A\x2E\x3A\x3E\x7A\x36\x7A\x36\x7A\x3E\x7A\x3E\x7A\x46\x7A\x3E\x7A\x3E\x7A" +
	"\x3E\x7A\x3E\x7A\x3E\x7A\x3E\x7A\x3E\x7A\x3E\x7A\x3E\x7A\x3E\x7A\x3E\x7A\x3E\x7A\x3E\x7A\x3E\x7A\x3E\x7A\x3E\x7A\x46\x7A\x46\x7A" +
	"\x04\xF9\x04\xD9\x04\x37\x03\xD6\x03\xF7\x02\x92\xCE\xFD\xFF\xFF\xA6\x3C\x74\xB4\xF6\x8F\xEE\x6E\xF6\x4E\xF6\x4E\xF6\x4E\xF6\x6E" +
	"\xF6\x6E\x64\x71\x5C\x37\xFF\xFF\xFF\xFF\xFF\xFF\xFF\xFF\xFF\xFF\xFF\xFF\xFF\xFF\xFF\xFF\xFF\xFF\xFF\xFF\xFF\xFF\xFF\xFF\xE7\x5E" +
	"\x22\xD3\x94\xCC\xEE\x4E\xF6\x4E\xF6\x4E\xF6\x4E\xF6\x4E\xF6\x4E\xF6\x4E\xF6\x4E\xA5\x6F\x4B\xB1\x1B\x32\x1A\x91\x22\xB1\x74\x70" +
	"\xAD\x2D\xE6\x0D\xE6\x2D\xEE\x2D\xE6\x2D\xE6\x2D\xD6\x0E\x1A\xB2\x7D\x18\xAE\x1A\xAD\xFB\xAD\xFA\xAD\xFA\xB5\xFA\xAE\x1B\xAD\xFB" +
	"\xAD\xFA\xAD\xFA\xAE\x1A\xAE\x1A\xAE\x1A\xA6\x1A\xA5\xFB\xAD\xFA\xB6\x1B\xC6\x9C\xDF\x1D\xDF\x3D\xE7\x5D\xE7\x3D\xCE\xDC\xBE\x5B" +
	"\xB6\x1A\xB6\x1A\xB5\xFA\xBE\x1A\xB6\x1A\xB6\x1A\xB6\x1A\xB6\x1A\xB6\x1A\xB6\x1A\xB6\x1A\xB5\xFA\xB6\x1A\xB6\x1A\xB6\x1A\xB6\x1A" +
	"\xB6\x1A\xB6\x1A\xB6\x1A\xBE\x1A\x7D\xB9\x1C\xD8\x04\x58\x04\x58\x04\x58\x04\x78\x04\x58\x24\xD8\x24\xD8\x45\x19\x6D\x59\x14\x98" +
	"\x55\x39\x75\x79\x75\x79\x7D\x79\x14\xB8\x04\x78\x2D\x37\x45\x36\x45\x56\x45\x36\x45\x56\x45\x56\x45\x36\x45\x36\x45\x56\x45\x56" +
	"\x45\x56\x45\x56\x45\x56\x45\x56\x45\x56\x45\x56\x45\x56\x45\x56\x45\x56\x45\x56\x45\x56\x45\x56\x45\x56\x45\x56\x4D\x56\x4D\x56" +
	"\x4D\x56\x4D\x56\x4D\x57\x4D\x57\x4D\x56\x4D\x56\x4D\x56\x4D\x56\x4D\x56\x4D\x56\x4D\x56\x4D\x56\x4D\x56\x4D\x56\x4D\x56\x4D\x56" +
	"\x45\x76\x4D\x76\x5D\x76\x6D\x76\x85\x75\xA5\x54\xB5\x54\xC5\x53\xD5\x53\xD5\x53\xD5\x33\xD5\x52\xD5\x52\xCD\x52\xCD\x52\xCD\x73" +
	"\xCD\xB4\xCD\xF5\xCE\x57\xDE\xF9\xE7\x3A\xE7\x3A\xDF\x1A\xD7\x1A\xA6\x37\x95\xF7\x7D\xB6\x75\x95\x6D\x96\x6D\x76\x6D\x76\x65\x76" +
	"\x65\x96\x65\x76\x5D\x76\x5D\x76\x5D\x76\x5D\x76\x55\x76\x55\x76\x55\x76\x55\x76\x55\x76\x55\x76\x45\x76\x2D\x57\x04\xD8\x04\xB8" +
	"\x04\xB8\x04\xB8\x04\xB8\x04\xB9\x04\xB9\x04\xD9\x04\xD9\x04\xD9\x0D\x9A\x0D\x7A\x15\x9A\x1D\xBA\x15\xBA\x1D\xFA\x2E\x3A\x36\x5A" +
	"\x36\x5A\x36\x5A\x3E\x7A\x3E\x7A\x3E\x7A\x3E\x7A\x3E\x7A\x3E\x7A\x3E\x7A\x3E\x7A\x3E\x7A\x3E\x7A\x3E\x7A\x3E\x7A\x3E\x7A\x3E\x7A" +
	"\x03\xB6\x03\xB6\x03\xD6\x03\xD7\x0B\xF7\x23\x95\xF7\xFF\xFF\xFF\x75\x5A\x84\x70\xF6\x6E\xF6\x6E\xF6\x6E\xEE\x4E\xEE\x4E\xF6\x6E" +
	"\xF6\x6E\xD5\xEF\x1A\xF3\xEF\x9F\xFF\xFF\xFF\xFF\xFF\xFF\xFF\xFF\xFF\xFF\xFF\xFF\xFF\xFF\xFF\xFF\xFF\xFF\xFF\xFF\xD6\xFE\x85\x19" +
	"\x1A\x70\xBD\x4C\xF6\x6E\xF6\x6E\xF6\x4E\xF6\x4E\xF6\x4E\xF6\x4E\xF6\x4E\xEE\x6E\xF6\x6E\xF6\x6E\xF6\x6E\xEE\x6E\xF6\x6E\xF6\x6E" +
	"\xF6\x6E\xF6\x6E\xF6\x6E\xF6\x4E\xF6\x6E\xF6\x4E\xF6\x6E\x8C\xF0\x0A\x72\xA5\xDA\xAD\xFB\xAD\xFA\xAE\x1A\xB5\xFA\xB5\xFA\xAE\x1A" +
	"\xAE\x1B\xAE\x1B\xAD\xFA\xA6\x1B\xAD\xFA\xB6\x3B\xCE\xDC\xCE\xDC\xE7\x3D\xE7\x3D\xE7\x3D\xD6\xBC\xBE\x3A\xAD\xFA\x85\xDA\x75\x9A" +
	"\x5D\x5A\x65\x7A\x7D\x79\x65\x5A\x75\x7A\x6D\x79\x7D\x9A\x7D\x9A\xA5\xFA\x9D\xFA\xBE\x1A\xBE\x1A\xB6\x1A\xB6\x1A\xB6\x1A\xBE\x1A" +
	"\xB6\x1A\xAE\x1A\x85\xDA\x34\xF9\x04\x58\x04\x58\x04\x78\x1C\xB8\x2C\xD8\x5D\x39\x5D\x59\x7D\x79\x7D\x7A\x75\x7A\x75\x79\x75\x59" +
	"\x75\x7A\x75\x79\x75\x79\x7D\x79\x14\xB8\x04\x78\x2D\x37\x45\x56\x45\x36\x3D\x36\x45\x36\x45\x56\x45\x36\x45\x36\x45\x56\x45\x36" +
	"\x45\x56\x45\x56\x45\x56\x45\x56\x45\x56\x45\x56\x45\x56\x45\x56\x45\x56\x4D\x56\x45\x56\x45\x56\x45\x56\x45\x56\x4D\x56\x4D\x56" +
	"\x4D\x56\x4D\x56\x4D\x57\x4D\x56\x4D\x57\x4D\x56\x4D\x56\x4D\x56\x4D\x56\x4D\x56\x4D\x56\x45\x56\x4D\x56\x4D\x56\x65\x76\x7D\x75" +
	"\x9D\x74\xBD\x54\xCD\x53\xDD\x53\xDD\x33\xDD\x33\xDD\x53\xDD\x33\xDD\x33\xDD\x33\xDD\x32\xDD\x93\xE5\xD4\xE6\x15\xEE\xB7\xEF\x38" +
	"\xEF\x39\xEF\x19\xE6\xB8\xD6\xB8\xCE\x57\xB5\xD6\x9D\x95\x8D\x95\x7D\x95\x7D\x95\x7D\x95\x75\x95\x75\x96\x6D\x76\x65\x76\x65\x76" +
	"\x5D\x76\x5D\x96\x5D\x76\x55\x76\x55\x76\x55\x76\x4D\x76\x4D\x76\x4D\x76\x4D\x76\x4D\x76\x4D\x96\x4D\x76\x4D\x96\x45\x76\x25\x37" +
	"\x25\x37\x04\xF8\x04\xD8\x04\xB8\x04\xB8\x04\xD8\x04\xD9\x04\xB9\x0C\xB9\x0C\xB9\x0C\xB9\x0C\xB9\x0C\x99\x0C\xB9\x04\xD9\x05\x3A" +
	"\x05\x3A\x0C\xF9\x1D\xFA\x15\xDA\x0D\xDA\x1E\x3A\x36\x7A\x3E\x7A\x3E\x7A\x3E\x7A\x46\x7A\x46\x7A\x46\x7A\x46\x7A\x46\x7A\x3E\x7A" +
	"\x24\x58\x44\x99\x4C\xB9\x64\xD9\x6D\x1A\x12\xD3\xCF\x1E\xFF\xFF\x5C\x57\x84\xB0\xE6\x4F\x43\xF3\x44\x13\x23\x73\x1B\x53\x64\x32" +
	"\xD6\x10\xF6\x4E\x63\xEE\x43\xD6\xDF\x5E\xFF\xFF\xFF\xFF\xFF\xFF\xFF\xFF\xFF\xFF\xFF\xFF\xFF\xDF\xDF\x1E\xC6\x9D\x9D\xBB\x12\x72" +
	"\x53\xCE\xD5\xAC\xF6\x6E\xF6\x4E\xF6\x4E\xF6\x4E\xF6\x4E\xF6\x6E\xF6\x4E\xF6\x4E\xF6\x4E\xF6\x4E\xF6\x4E\xF6\x4E\xF6\x4E\xF6\x4E" +
	"\xF6\x4E\xF6\x4E\xF6\x4E\xF6\x6E\xF6\x6E\xF6\x6E\xF6\x4E\xF6\x6E\x33\x51\x5C\x77\xAE\x1B\xAD\xFB\xAD\xFA\xAD\xFA\xAD\xFA\xAD\xFB" +
	"\xAD\xFB\xB6\x1B\xBE\x3B\xD6\xDC\xDF\x1D\xEF\x5D\xEF\x3D\xD6\xDC\xB6\x5B\x6D\x9A\x4D\x39\x3C\xD9\x2C\xD9\x14\x78\x04\x38\x04\x38" +
	"\x04\x37\x04\x37\x04\x37\x04\x37\x04\x37\x04\x37\x04\x38\x04\x38\x04\x58\x04\x58\x35\x19\x55\x79\x7D\xBA\x7D\x9A\x65\x79\x45\x39" +
	"\x14\xB8\x14\x98\x04\x58\x04\x58\x14\x98\x24\xB8\x55\x39\x7D\x7A\x7D\x5A\x75\x5A\x75\x5A\x75\x79\x75\x79\x75\x79\x75\x79\x75\x79" +
	"\x75\x79\x75\x79\x75\x79\x7D\x7A\x34\xF9\x04\x58\x14\xD7\x45\x56\x3D\x56\x3D\x36\x3D\x36\x45\x56\x45\x36\x45\x36\x45\x36\x45\x36" +
	"\x45\x56\x45\x56\x45\x56\x45\x56\x45\x56\x45\x56\x45\x56\x45\x56\x45\x56\x45\x56\x4D\x57\x45\x56\x45\x56\x45\x56\x45\x56\x4D\x56" +
	"\x4D\x56\x4D\x56\x4D\x56\x4D\x57\x4D\x57\x4D\x56\x4D\x56\x45\x56\x4D\x56\x55\x56\x65\x56\x85\x55\xAD\x54\xC5\x54\xD5\x33\xDD\x33" +
	"\xE5\x33\xE5\x52\xE5\x33\xE5\x33\xE5\x33\xE5\x33\xE5\x33\xE5\x94\xEE\x36\xF6\xB8\xF6\xB8\xF7\x19\xF6\xF8\xF6\xF8\xEE\x97\xDD\xD4" +
	"\xD5\xB3\xC5\x53\xBD\x53\xB5\x74\xAD\x54\x9D\x75\x95\x75\x85\x95\x7D\x96\x7D\x96\x75\x96\x6D\x76\x6D\x76\x65\x76\x5D\x76\x55\x76" +
	"\x55\x76\x4D\x76\x4D\x76\x4D\x76\x4D\x76\x4D\x96\x4D\x76\x4D\x76\x4D\x76\x4D\x76\x4D\x96\x4D\x76\x4D\x96\x4D\x76\x4D\x76\x4D\x76" +
	"\x55\x96\x4D\x76\x45\x76\x25\x37\x0D\x18\x0D\x18\x04\xD8\x04\xB9\x04\xD9\x04\xD9\x04\xD9\x04\xD9\x0C\xB9\x14\xB9\x14\xB9\x0C\xB9" +
	"\x0C\xB9\x0C\xB9\x0C\xB9\x0C\xB9\x0C\xB9\x0C\xB9\x0C\xF9\x0D\x5A\x05\x1A\x0D\x5A\x15\x9A\x15\x9A\x16\x3B\x16\x1B\x1E\x3B\x3E\x7A" +
	"\x6C\xFA\x6C\xFA\x6C\xFA\x6C\xFA\x6D\x1A\x1B\x14\x9D\xBB\xD7\x1E\x64\xF9\x8D\x10\xA5\x91\x02\xB3\x02\xD4\x95\x79\xC6\x3A\x64\xB8" +
	"\x23\x34\xE6\x2F\xD5\xCD\x63\xEE\x12\xD3\x64\x98\x95\xBB\xCE\xDD\xCE\xDE\xD6\xFE\xBE\x5D\x95\xBB\x85\x5A\x74\xD9\x0A\x52\x43\x4F" +
	"\xA4\xEC\xE6\x2E\xF6\x6E\xF6\x4E\xF6\x4E\xF6\x4E\xF6\x4E\xF6\x4E\xF6\x4E\xF6\x4E\xF6\x4E\xF6\x4E\xF6\x4E\xF6\x4E\xF6\x4E\xF6\x4E" +
	"\xF6\x4E\xF6\x4E\xF6\x4E\xF6\x4E\xF6\x4E\xF6\x4E\xF6\x4E\xF6\x6E\xBD\x8F\x23\x14\xAE\x1B\xAD\xFB\xAD\xFB\xA5\xFB\xB6\x3B\xCE\xBC" +
	"\xD6\xDC\xE7\x3D\xE7\x5D\xB6\xDC\xA6\x7C\x55\x7A\x3C\xF9\x0C\x58\x04\x58\x04\x37\x04\x37\x04\x37\x04\x37\x04\x37\x04\x37\x04\x58" +
	"\x0C\x78\x04\x58\x1C\x98\x3C\xD9\x3C\xD9\x24\xB9\x14\x78\x14\x78\x04\x58\x04\x58\x04\x38\x04\x38\x04\x38\x04\x38\x04\x58\x04\x58" +
	"\x04\x58\x04\x58\x14\xB8\x3C\xF9\x75\x7A\x7D\x7A\x7D\x5A\x75\x5A\x75\x5A\x75\x5A\x75\x5A\x75\x5A\x75\x79\x75\x79\x75\x79\x75\x7A" +
	"\x75\x79\x75\x79\x75\x79\x75\x7A\x5D\x39\x04\x58\x04\xB8\x45\x57\x45\x36\x3D\x36\x3D\x56\x3D\x36\x45\x36\x45\x36\x45\x56\x45\x36" +
	"\x45\x56\x45\x56\x45\x56\x45\x56\x45\x56\x45\x56\x45\x56\x45\x56\x45\x56\x45\x56\x45\x56\x4D\x56\x45\x56\x45\x56\x45\x56\x45\x56" +
	"\x4D\x56\x4D\x56\x4D\x56\x45\x56\x4D\x56\x55\x56\x6D\x76\x8D\x55\xAD\x54\xCD\x54\xDD\x33\xE5\x33\xE5\x33\xE5\x33\xE5\x33\xE5\x33" +
	"\xE5\x33\xE5\x32\xED\x73\xED\xB4\xEE\x16\xF6\xD8\xF6\xD8\xF7\x19\xF7\x19\xF6\xB8\xEE\x36\xE5\xF5\xDD\x52\xDD\x52\xD5\x32\xCD\x52" +
	"\xC5\x53\xBD\x73\xB5\x73\xAD\x74\x9D\x75\x8D\x95\x7D\x96\x75\x96\x6D\x96\x65\x76\x5D\x76\x55\x76\x4D\x76\x4D\x76\x4D\x76\x4D\x76" +
	"\x4D\x76\x4D\x96\x4D\x76\x4D\x96\x4D\x96\x4D\x76\x4D\x96\x4D\x76\x4D\x76\x4D\x76\x4D\x76\x4D\x76\x4D\x96\x4D\x76\x4D\x76\x4D\x76" +
	"\x4D\x76\x4D\x76\x4D\x76\x55\x96\x55\x96\x55\x96\x35\x56\x25\x37\x15\x37\x04\xF8\x04\xD9\x04\xD9\x04\xD8\x04\xB9\x04\xD9\x0C\xB9" +
	"\x0C\xB9\x0C\xB9\x0C\xB9\x0C\xB9\x0C\xB9\x0C\xB9\x0C\xB9\x04\xB9\x04\xB9\x04\xB9\x04\xD9\x04\xD9\x04\xD9\x04\xD9\x04\xD9\x05\x5A" +
	"\x6C\xFA\x6C\xFA\x6C\xFA\x6C\xFA\x6C\xFA\x44\x17\x33\x75\xB6\x5C\x5C\x78\x74\x91\x33\xB4\x74\xD8\x95\x59\xE6\x9B\xDE\x7B\xEE\xBB" +
	"\x43\xF6\x74\xB2\xF6\x6E\xBD\x4C\x94\xAC\x1A\xB0\x02\x31\x1A\xD3\x1A\xD3\x1A\xB3\x1A\x92\x02\x31\x01\xF1\x12\x30\x84\x6E\xAD\x0B" +
	"\xD5\xCD\xF6\x6E\xF6\x6E\xF6\x6E\xF6\x4E\xF6\x4E\xF6\x4E\xF6\x4E\xF6\x4E\xF6\x4E\xF6\x4E\xF6\x4E\xF6\x4E\xF6\x4E\xF6\x4E\xF6\x4E" +
	"\xF6\x4E\xF6\x4E\xF6\x4E\xF6\x4E\xF6\x4E\xF6\x4E\xF6\x4E\xF6\x4E\xF6\x6E\x54\x31\x7D\x39\xB6\x3B\xC6\x9B\xCE\xFD\xCF\x3D\xB6\xFD" +
	"\x96\x7C\x65\xDB\x24\xB9\x04\x37\x04\x17\x04\x17\x04\x37\x04\x37\x04\x58\x0C\x58\x14\x78\x24\x98\x44\xF9\x44\xF9\x65\x19\x6D\x3A" +
	"\x75\x3A\x65\x3A\x75\x5A\x7D\x3A\x75\x5A\x75\x3A\x75\x3A\x75\x3A\x65\x3A\x3D\x19\x24\xB8\x2C\xB9\x04\x58\x14\x98\x04\x58\x1C\x98" +
	"\x3C\xF9\x45\x19\x7D\x5A\x7D\x5A\x75\x5A\x75\x59\x75\x5A\x75\x5A\x75\x5A\x75\x5A\x75\x5A\x75\x5A\x75\x5A\x75\x79\x75\x79\x75\x7A" +
	"\x75\x79\x75\x79\x75\x7A\x7D\x7A\x2C\xD9\x04\x58\x0C\xB7\x45\x56\x45\x36\x45\x36\x3D\x36\x45\x36\x3D\x56\x45\x36\x45\x36\x45\x36" +
	"\x45\x36\x45\x36\x45\x56\x45\x56\x45\x56\x45\x56\x45\x56\x45\x56\x45\x56\x45\x56\x45\x56\x45\x56\x4D\x56\x45\x56\x45\x56\x45\x56" +
	"\x45\x56\x55\x56\x65\x56\x85\x55\xAD\x55\xC5\x15\xCC\xD7\xD4\xD6\xE5\x33\xE5\x33\xE5\x33\xE5\x33\xE4\xF4\xED\x33\xED\x73\xED\xF5" +
	"\xF6\x36\xF6\x77\xF7\x19\xF6\xF9\xF6\xD8\xF6\x97\xEE\x57\xE5\x73\xE5\x73\xE5\x33\xDD\x33\xDD\x52\xDD\x52\xD5\x53\xCD\x53\xC5\x54" +
	"\xB5\x73\xA5\x74\x95\x75\x7D\x75\x6D\x76\x65\x76\x55\x76\x55\x76\x4D\x76\x4D\x76\x4D\x76\x4D\x76\x4D\x76\x4D\x76\x4D\x76\x4D\x76" +
	"\x4D\x76\x4D\x76\x4D\x96\x4D\x76\x4D\x76\x4D\x96\x4D\x76\x4D\x96\x4D\x76\x4D\x76\x4D\x76\x4D\x76\x4D\x96\x4D\x96\x4D\x76\x4D\x76" +
	"\x4D\x76\x4D\x76\x4D\x76\x4D\x76\x4D\x76\x4D\x96\x4D\x96\x4D\x96\x4D\x96\x45\x96\x3D\x76\x2D\x57\x04\xF8\x04\xD9\x04\xD9\x04\xD9" +
	"\x04\xD9\x0C\xB9\x0C\xB9\x0C\xB9\x0C\xB9\x0C\xB9\x0C\xB9\x04\xB9\x04\xD9\x04\xD9\x04\xD9\x04\xD9\x04\xD9\x04\xD9\x04\xD9\x04\xD9" +
	"\x6C\xFA\x6C\xFA\x6C\xFA\x6C\xFA\x6C\xFA\x6D\x1A\x23\x14\x22\xF3\x33\xB6\x54\x52\x23\x75\xDE\xBB\x8D\x79\x95\x59\xAD\xFA\x85\x39" +
	"\x43\xF6\x95\x32\xF6\x6E\xE6\x0D\xAC\xEB\x9C\xEC\x53\xAF\x22\xD0\x33\x10\x33\x50\x4B\x6F\x53\xCF\x63\xEE\xA4\xCC\xA4\xEB\xC5\x6C" +
	"\xF6\x6E\xF6\x4E\xF6\x4E\xF6\x4E\xF6\x4E\xF6\x4E\xF6\x4E\xF6\x4E\xF6\x4E\xF6\x4E\xF6\x4E\xF6\x4E\xF6\x4E\xF6\x4E\xF6\x4E\xF6\x4E" +
	"\xF6\x4E\xF6\x6E\xF6\x6E\xF6\x6E\xF6\x6E\xF6\x4E\xF6\x4E\xF6\x6E\xFE\xD3\xB6\x56\x9E\x5C\xC7\x1D\x96\xBD\x4D\x7B\x1C\xB9\x0C\x58" +
	"\x03\xF7\x04\x17\x04\x17\x04\x37\x04\x38\x1C\x78\x44\xF9\x4C\xF9\x6D\x3A\x75\x3A\x75\x3A\x75\x3A\x7D\x3A\x75\x3A\x75\x3A\x75\x3A" +
	"\x75\x3A\x75\x3A\x75\x3A\x75\x3A\x75\x3A\x75\x3A\x75\x3A\x75\x3A\x75\x3A\x75\x5A\x75\x5A\x7D\x5A\x65\x3A\x75\x5A\x65\x3A\x7D\x5A" +
	"\x7D\x5A\x7D\x5A\x75\x5A\x7D\x5A\x7D\x5A\x75\x5A\x75\x79\x75\x5A\x75\x5A\x75\x5A\x75\x5A\x75\x5A\x75\x5A\x75\x5A\x75\x79\x75\x7A" +
	"\x65\x59\x6D\x5A\x75\x7A\x75\x7A\x0C\x98\x04\x58\x14\xF7\x45\x56\x3D\x56\x45\x36\x3D\x36\x3D\x36\x3D\x36\x3D\x36\x45\x36\x45\x36" +
	"\x45\x36\x45\x36\x45\x56\x45\x56\x45\x56\x45\x56\x45\x56\x45\x56\x45\x56\x45\x56\x45\x56\x45\x56\x45\x56\x4D\x56\x5D\x76\x7D\x55" +
	"\xA5\x54\xC5\x54\xDD\x33\xDD\x14\xD4\xB7\xC4\x59\xCC\x59\xCC\x39\xD4\x78\xDC\xB8\xD4\x99\xDD\x19\xEE\x3B\xEE\x9A\xF7\x19\xF6\xF9" +
	"\xF6\xB8\xF6\x36\xED\xF5\xED\x73\xE5\x33\xE5\x33\xE5\x33\xE5\x33\xDD\x33\xDD\x33\xDD\x33\xD5\x33\xCD\x53\xB5\x54\x9D\x75\x85\x76" +
	"\x6D\x76\x5D\x76\x4D\x76\x4D\x76\x4D\x76\x4D\x76\x4D\x76\x4D\x76\x4D\x76\x4D\x76\x4D\x76\x4D\x76\x4D\x76\x4D\x76\x4D\x76\x4D\x76" +
	"\x4D\x76\x4D\x76\x4D\x76\x4D\x76\x4D\x76\x4D\x96\x4D\x76\x4D\x76\x4D\x76\x4D\x76\x4D\x76\x4D\x76\x4D\x76\x4D\x76\x4D\x96\x4D\x76" +
	"\x4D\x76\x4D\x76\x4D\x76\x4D\x76\x4D\x76\x4D\x76\x4D\x76\x4D\x96\x4D\x96\x4D\x96\x4D\x96\x4D\x76\x4D\x96\x3D\x76\x1D\x37\x04\xD8" +
	"\x04\xD8\x04\xD9\x04\xB9\x0C\xB9\x04\xB9\x04\xB9\x0C\xB9\x04\xB9\x04\xD9\x04\xB9\x04\xD9\x04\xD9\x04\xD9\x04\xD9\x04\xD9\x04\xD9" +
	"\x6C\xFA\x6C\xFA\x6C\xFA\x6C\xFA\x6C\xFA\x6C\xFA\x6C\xFA\x33\x75\x0A\x31\x5C\x11\x3B\xD3\x1B\x55\x0A\xD4\x23\xB6\x1B\xB6\x2B\x53" +
	"\x84\xB1\xEE\x6E\xF6\x6E\xF6\x6E\xE6\x0D\xBD\x6C\xB5\x0B\xAC\xEB\xAC\xEB\xAC\xEB\xAD\x0B\xAD\x0B\xB5\x0B\xBD\x6C\xD5\xCD\xF6\x4E" +
	"\xEE\x6E\xF6\x4E\xF6\x4E\xF6\x4E\xF6\x4E\xF6\x4E\xF6\x4E\xF6\x4E\xF6\x4E\xF6\x4E\xF6\x4E\xF6\x4E\xF6\x4E\xF6\x4E\xF6\x4E\xF6\x4E" +
	"\xF6\x4E\xF6\x6E\xF6\x4E\xEE\x4E\xF6\x6E\xF6\xD2\xF7\x16\xFF\x79\xFF\x7A\xDE\xD8\x5D\x19\x2C\xF9\x0C\x58\x0C\x37\x0C\x37\x1C\x78" +
	"\x34\xB9\x3C\xD9\x65\x19\x65\x1A\x6D\x3A\x75\x3A\x75\x3A\x75\x3A\x75\x3A\x75\x3A\x75\x3A\x75\x3A\x75\x3A\x75\x3A\x75\x3A\x75\x3A" +
	"\x75\x3A\x75\x3A\x75\x3A\x75\x3A\x75\x3A\x75\x3A\x75\x3A\x75\x3A\x75\x3A\x75\x3A\x75\x5A\x75\x5A\x75\x5A\x75\x5A\x75\x5A\x75\x5A" +
	"\x75\x5A\x75\x5A\x75\x5A\x75\x5A\x7D\x5A\x7D\x5A\x75\x5A\x75\x79\x75\x5A\x75\x5A\x75\x5A\x75\x5A\x75\x5A\x75\x5A\x75\x5A\x75\x5A" +
	"\x75\x5A\x75\x5A\x75\x5A\x75\x5A\x0C\x78\x04\x98\x3D\x57\x3D\x37\x3D\x36\x3D\x57\x45\x56\x45\x36\x3D\x36\x45\x56\x3D\x36\x45\x36" +
	"\x45\x36\x45\x36\x45\x36\x45\x56\x45\x57\x45\x56\x45\x56\x45\x56\x45\x56\x4D\x56\x5D\x56\x7D\x56\xA5\x55\xB4\xF7\xBC\xB8\xD4\xB7" +
	"\xD4\x97\xE5\x14\xE4\xD5\xD4\x59\xD4\x39\xD4\x58\xE5\x15\xE5\x59\xE6\x1A\xF6\xDB\xF6\xDB\xF6\xDA\xEE\x19\xE5\xDA\xDD\x19\xED\x53" +
	"\xED\x33\xED\x32\xE5\x33\xE5\x33\xE5\x33\xE5\x33\xDD\x33\xDD\x33\xCD\x34\xBD\x54\x9D\x75\x85\x75\x65\x76\x55\x76\x4D\x76\x45\x76" +
	"\x4D\x76\x4D\x76\x4D\x76\x4D\x76\x4D\x76\x4D\x76\x4D\x76\x4D\x76\x4D\x76\x4D\x76\x4D\x76\x4D\x76\x4D\x76\x4D\x76\x4D\x76\x4D\x76" +
	"\x4D\x76\x4D\x76\x4D\x96\x4D\x76\x4D\x76\x4D\x76\x4D\x96\x4D\x76\x4D\x76\x4D\x76\x4D\x76\x4D\x76\x4D\x76\x4D\x76\x4D\x76\x4D\x76" +
	"\x4D\x76\x4D\x76\x4D\x76\x4D\x76\x4D\x76\x4D\x76\x4D\x76\x4D\x96\x4D\x76\x4D\x96\x4D\x96\x4D\x76\x4D\x96\x4D\x96\x55\x96\x45\x76" +
	"\x0C\xF8\x04\xD9\x04\xD9\x04\xD9\x0C\xB9\x14\xB9\x0C\xB9\x0C\xB9\x04\xD9\x04\xD9\x04\xD9\x04\xD9\x04\xD9\x04\xD9\x04\xD9\x04\xD9" +
	"\x6C\xFA\x6C\xFA\x6C\xFA\x6C\xFA\x6C\xFA\x6C\xFA\x6C\xFA\x6D\x1A\x54\x78\x2A\xD0\xEE\x8F\x3C\x34\x7D\xFC\x85\xFB\x7D\x9A\x9D\x50" +
	"\xFE\x8E\xF6\x6E\xF6\x6E\xF6\x4E\xF6\x6E\xF6\x6E\xEE\x4E\xDE\x0D\xD5\xCD\xCD\x8D\xCD\xAD\xE6\x2E\xEE\x4E\xF6\x6E\xF6\x6E\xF6\x4E" +
	"\xF6\x4E\xF6\x4E\xF6\x4E\xF6\x4E\xF6\x4E\xF6\x4E\xF6\x4E\xF6\x4E\xF6\x4E\xF6\x4E\xF6\x4E\xF6\x4E\xF6\x4E\xF6\x6E\xF6\x4E\xEE\x4E" +
	"\xEE\x4D\xF6\x6F\xF6\xD2\xFF\x15\xFF\x79\xFF\x7A\xFF\x36\xF6\xD2\xF6\xB1\xAD\x2D\x02\x92\x24\x78\x4C\xD9\x75\x3A\x6D\x1A\x75\x3A" +
	"\x75\x3A\x75\x3A\x75\x3A\x75\x3A\x75\x3A\x6D\x3A\x75\x3A\x75\x3A\x75\x3A\x75\x3A\x75\x3A\x75\x3A\x75\x3A\x75\x3A\x75\x3A\x75\x3A" +
	"\x75\x3A\x75\x3A\x75\x3A\x75\x3A\x75\x3A\x75\x3A\x75\x3A\x75\x3A\x75\x3A\x75\x3A\x75\x3A\x75\x5A\x75\x5A\x75\x5A\x7D\x5A\x75\x5A" +
	"\x75\x5A\x75\x5A\x75\x5A\x75\x5A\x75\x5A\x75\x5A\x7D\x5A\x75\x5A\x75\x79\x75\x79\x75\x5A\x75\x5A\x75\x5A\x75\x5A\x75\x5A\x75\x5A" +
	"\x75\x5A\x75\x5A\x75\x5A\x65\x39\x04\x58\x0C\xD7\x45\x57\x3D\x37\x45\x36\x45\x36\x3D\x37\x45\x36\x45\x36\x3D\x36\x3D\x36\x3D\x56" +
	"\x45\x56\x45\x36\x45\x36\x45\x36\x45\x36\x45\x57\x55\x56\x6D\x56\x95\x55\xBD\x34\xD5\x33\xE5\x13\xD4\xB7\xC4\x59\xCC\x59\xCC\x59" +
	"\xD4\x39\xD4\x39\xD4\x99\xDD\x19\xED\xF9\xF6\xB8\xF7\x19\xF6\xF9\xF6\xD9\xEE\x17\xED\x74\xED\x33\xEC\xF4\xD4\x58\xCC\x59\xD4\x98" +
	"\xE5\x33\xE5\x53\xE5\x33\xDD\x33\xD5\x33\xBD\x54\x9D\x55\x7D\x56\x65\x56\x55\x57\x4D\x56\x4D\x76\x4D\x76\x4D\x76\x4D\x76\x4D\x76" +
	"\x4D\x76\x4D\x76\x4D\x76\x4D\x76\x4D\x76\x4D\x76\x4D\x76\x4D\x76\x4D\x76\x4D\x76\x4D\x76\x4D\x76\x4D\x76\x4D\x76\x4D\x76\x4D\x76" +
	"\x4D\x76\x4D\x96\x4D\x76\x4D\x96\x4D\x96\x4D\x76\x4D\x76\x4D\x76\x4D\x76\x4D\x76\x4D\x76\x4D\x76\x4D\x76\x4D\x76\x4D\x96\x4D\x76" +
	"\x4D\x76\x4D\x76\x4D\x76\x4D\x76\x4D\x76\x4D\x76\x4D\x76\x4D\x76\x4D\x76\x4D\x76\x4D\x76\x4D\x76\x4D\x96\x4D\x96\x4D\x96\x4D\x96" +
	"\x4D\x96\x2D\x57\x04\xD9\x04\xD9\x04\xD9\x04\xB9\x14\xB9\x0C\xB9\x04\xD9\x04\xD9\x04\xD9\x04\xD9\x04\xD9\x04\xD9\x04\xD9\x04\xD9" +
	"\x6C\xF9\x6C\xFA\x6C\xFA\x6C\xFA\x6C\xFA\x6C\xFA\x6C\xFA\x6C\xFA\x64\xF9\x12\x92\xD6\x2F\x5C\x72\x6D\x5A\x23\xB6\x3C\x99\x74\x71" +
	"\xF6\x6E\xF6\x6E\xF6\x4E\xF6\x4E\xF6\x4E\xF6\x4E\xF6\x4E\xF6\x6E\xF6\x6E\xF6\x6E\xF6\x6E\xF6\x4E\xF6\x6E\xF6\x4E\xF6\x6E\xF6\x4E" +
	"\xF6\x6E\xF6\x4E\xF6\x4E\xF6\x4E\xF6\x4E\xF6\x4E\xF6\x4E\xF6\x4E\xF6\x4E\xF6\x4E\xF6\x4E\xF6\x4E\xF6\x4E\xEE\x4E\xF6\x91\xF6\xF3" +
	"\xFF\x15\xFF\x79\xFF\x79\xFF\x37\xF6\xD3\xF6\x91\xEE\x4D\xEE\x4E\xF6\x6E\xAD\x2D\x12\xD3\x75\x3A\x75\x1A\x75\x1A\x75\x3A\x75\x1A" +
	"\x75\x1A\x75\x3A\x75\x3A\x75\x3A\x75\x3A\x75\x3A\x75\x3A\x75\x3A\x75\x3A\x75\x3A\x75\x3A\x75\x3A\x75\x3A\x75\x3A\x75\x3A\x75\x3A" +
	"\x75\x3A\x75\x3A\x75\x3A\x75\x3A\x75\x3A\x75\x3A\x75\x3A\x75\x3A\x65\x39\x75\x3A\x75\x3A\x6D\x3A\x75\x5A\x75\x5A\x75\x5A\x7D\x5A" +
	"\x75\x5A\x75\x5A\x75\x5A\x75\x5A\x75\x5A\x75\x5A\x75\x5A\x7D\x5A\x75\x5A\x75\x79\x75\x5A\x7D\x5A\x75\x5A\x75\x5A\x75\x5A\x75\x5A" +
	"\x75\x5A\x75\x5A\x75\x5A\x65\x3A\x04\x58\x0C\xB8\x3D\x57\x3D\x37\x3D\x57\x45\x36\x45\x36\x3D\x37\x45\x36\x45\x56\x3D\x56\x3D\x56" +
	"\x3D\x36\x45\x36\x4D\x56\x65\x56\x8D\x36\xAD\x35\xCD\x34\xDD\x33\xE5\x33\xE5\x33\xE5\x13\xD4\x78\xCC\x39\xD4\x78\xED\x54\xED\xB5" +
	"\xED\xD7\xEE\x5A\xF6\xDB\xF6\xFA\xF6\xD8\xF6\x37\xED\x94\xED\x33\xED\x33\xED\x13\xED\x33\xED\x33\xE5\x33\xE5\x33\xD4\xD7\xAC\x9A" +
	"\xA4\xB9\xBD\x54\x9D\x55\x7D\x56\x5D\x76\x55\x56\x4D\x57\x4D\x57\x4D\x57\x4D\x57\x4D\x57\x4D\x56\x4D\x76\x4D\x76\x4D\x76\x4D\x76" +
	"\x4D\x76\x4D\x76\x4D\x76\x4D\x76\x4D\x76\x4D\x76\x4D\x76\x4D\x76\x4D\x76\x4D\x76\x4D\x76\x4D\x76\x4D\x76\x4D\x76\x4D\x76\x4D\x76" +
	"\x4D\x76\x4D\x96\x4D\x76\x4D\x96\x4D\x96\x4D\x76\x4D\x76\x4D\x76\x4D\x76\x4D\x76\x4D\x76\x4D\x76\x4D\x76\x4D\x76\x4D\x76\x4D\x76" +
	"\x4D\x96\x4D\x76\x4D\x76\x4D\x76\x4D\x76\x4D\x76\x4D\x76\x4D\x76\x4D\x76\x4D\x76\x4D\x76\x4D\x76\x4D\x76\x4D\x76\x4D\x96\x4D\x96" +
	"\x4D\x96\x4D\x96\x45\x76\x15\x18\x04\xD9\x04\xD9\x04\xB9\x0C\xB9\x04\xD9\x04\xD9\x04\xD9\x04\xD9\x04\xB9\x04\xD9\x04\xD9\x04\xD9" +
	"\x64\xFA\x64\xFA\x6C\xFA\x6C\xFA\x6C\xFA\x6C\xFA\x6C\xFA\x6C\xFA\x6D\x1A\x23\x34\xBD\xB0\xCD\xEF\x33\xD3\x85\x32\xB5\xB0\xE6\x4E" +
	"\xF6\x6E\xF6\x6E\xF6\x4E\xF6\x4E\xF6\x4E\xF6\x4E\xF6\x4E\xF6\x4E\xF6\x4E\xF6\x4E\xF6\x4E\xF6\x4E\xF6\x4E\xF6\x4E\xF6\x4E\xF6\x4E" +
	"\xF6\x4E\xF6\x4E\xF6\x4E\xF6\x4E\xF6\x4E\xF6\x4E\xF6\x4E\xF6\x4E\xF6\x4E\xEE\x4E\xEE\x4E\xF6\x8F\xF6\xD2\xFF\x37\xFF\x9A\xFF\x79" +
	"\xFF\x16\xF6\xD3\xF6\x6F\xEE\x4D\xEE\x4E\xF6\x4E\xF6\x6E\xF6\x4E\xEE\x4E\x9C\xCC\x1A\xF2\x75\x3A\x6D\x3A\x75\x3A\x75\x1A\x75\x1A" +
	"\x6D\x1A\x75\x1A\x75\x3A\x75\x1A\x75\x3A\x75\x3A\x75\x3A\x75\x3A\x75\x3A\x75\x3A\x75\x3A\x75\x3A\x75\x3A\x75\x3A\x75\x3A\x75\x3A" +
	"\x75\x3A\x75\x3A\x75\x3A\x75\x3A\x7D\x3A\x75\x3A\x75\x3A\x6D\x3A\x75\x3A\x75\x3A\x75\x3A\x75\x3A\x75\x3A\x75\x5A\x75\x5A\x75\x5A" +
	"\x75\x5A\x75\x5A\x75\x5A\x75\x5A\x75\x5A\x75\x5A\x75\x5A\x75\x5A\x7D\x5A\x7D\x5A\x75\x5A\x75\x5A\x7D\x5A\x7D\x5A\x75\x5A\x75\x5A" +
	"\x75\x5A\x75\x5A\x75\x5A\x5D\x39\x04\x58\x04\x98\x35\x37\x3D\x57\x3D\x57\x45\x37\x45\x37\x3D\x36\x3D\x57\x45\x36\x45\x37\x55\x56" +
	"\x75\x56\x9D\x35\xC5\x34\xDD\x14\xE5\x13\xE5\x13\xE5\x13\xED\x13\xED\x13\xED\x13\xD4\x78\xDD\x1A\xEE\x19\xEE\x79\xF6\xF9\xF6\xF8" +
	"\xF6\xF9\xF6\x57\xED\x94\xED\x54\xED\x33\xED\x13\xED\x13\xED\x33\xE5\x33\xE5\x33\xE5\x33\xE5\x33\xD5\x33\xBD\x34\x9D\x55\x75\x57" +
	"\x55\x57\x4D\x56\x4D\x56\x45\x56\x4D\x56\x4D\x56\x4D\x56\x4D\x56\x4D\x56\x4D\x57\x4D\x56\x4D\x76\x4D\x76\x4D\x76\x4D\x76\x4D\x76" +
	"\x4D\x76\x4D\x76\x4D\x76\x4D\x76\x4D\x76\x4D\x76\x4D\x76\x4D\x76\x4D\x76\x4D\x76\x4D\x76\x4D\x76\x4D\x76\x4D\x76\x4D\x76\x4D\x76" +
	"\x4D\x76\x4D\x96\x4D\x76\x4D\x76\x4D\x76\x4D\x96\x4D\x76\x4D\x96\x4D\x76\x4D\x76\x4D\x76\x4D\x76\x4D\x76\x4D\x76\x4D\x76\x4D\x76" +
	"\x4D\x96\x4D\x76\x4D\x76\x4D\x76\x4D\x76\x4D\x76\x4D\x76\x4D\x76\x4D\x76\x4D\x96\x4D\x96\x4D\x96\x4D\x76\x4D\x76\x4D\x96\x4D\x96" +
	"\x4D\x96\x4D\x96\x4D\x96\x4D\x96\x35\x57\x04\xD8\x04\xD9\x04\xD9\x0C\xD9\x04\xD9\x04\xD9\x04\xD9\x04\xB9\x04\xD9\x04\xD9\x04\xB9" +
	"\x6C\xDA\x64\xFA\x64\xFA\x6C\xFA\x6C\xFA\x6C\xFA\x64\xFA\x6C\xFA\x6C\xFA\x4C\x58\x2B\x52\xF6\x6E\xF6\x6E\xF6\x6E\xF6\x6E\xF6\x4E" +
	"\xF6\x4E\xF6\x4E\xF6\x4E\xF6\x4E\xF6\x4E\xF6\x4E\xF6\x4E\xF6\x4E\xF6\x4E\xF6\x4E\xF6\x4E\xF6\x4E\xF6\x4E\xF6\x4E\xF6\x4E\xF6\x4E" +
	"\xF6\x4E\xF6\x4E\xF6\x4E\xF6\x4E\xF6\x6E\xF6\x6E\xEE\x4E\xEE\x4E\xF6\x90\xF6\xD3\xFF\x37\xFF\x7A\xFF\x79\xFF\x37\xF6\xD3\xF6\x6F" +
	"\xEE\x4E\xF6\x4E\xF6\x6E\xF6\x6E\xF6\x4E\xF6\x6E\xF6\x6E\xF6\x6E\xCD\xAC\x84\x8C\x12\x92\x75\x3A\x75\x1A\x6D\x1A\x75\x1A\x75\x3A" +
	"\x75\x3A\x6D\x1A\x75\x1A\x75\x1A\x75\x3A\x75\x3A\x75\x3A\x75\x3A\x75\x1A\x75\x1A\x75\x3A\x75\x3A\x6D\x1A\x75\x3A\x75\x3A\x75\x3A" +
	"\x75\x3A\x75\x3A\x75\x3A\x75\x3A\x75\x3A\x75\x3A\x75\x3A\x75\x3A\x75\x3A\x75\x3A\x75\x3A\x75\x3A\x75\x3A\x75\x3A\x75\x5A\x75\x5A" +
	"\x75\x5A\x75\x5A\x75\x5A\x75\x5A\x75\x5A\x75\x5A\x75\x5A\x75\x5A\x75\x5A\x75\x5A\x75\x5A\x75\x5A\x75\x5A\x7D\x5A\x75\x5A\x75\x5A" +
	"\x75\x5A\x75\x5A\x75\x5A\x75\x5A\x24\xD8\x04\x58\x04\x98\x3D\x57\x3D\x37\x3D\x37\x3D\x57\x45\x36\x5D\x36\x85\x36\xAD\x15\xCD\x14" +
	"\xDD\x13\xE5\x13\xE5\x13\xE5\x13\xE5\x13\xED\x13\xED\x54\xED\xB5\xF5\xF6\xF6\xB9\xEE\x9B\xF6\xFA\xF6\xD8\xF6\x36\xF5\xF6\xED\x33" +
	"\xED\x33\xED\x13\xED\x13\xED\x13\xE5\x33\xE5\x33\xE5\x13\xE5\x33\xD5\x33\xBD\x54\x9D\x55\x75\x56\x5D\x56\x4D\x57\x45\x56\x45\x57" +
	"\x4D\x57\x4D\x57\x4D\x57\x4D\x56\x4D\x56\x4D\x56\x4D\x56\x4D\x56\x4D\x56\x4D\x57\x4D\x56\x4D\x76\x45\x76\x4D\x76\x4D\x76\x4D\x76" +
	"\x4D\x76\x4D\x76\x4D\x76\x4D\x76\x4D\x76\x4D\x76\x4D\x76\x4D\x76\x4D\x76\x4D\x76\x4D\x76\x4D\x76\x4D\x76\x4D\x76\x4D\x76\x4D\x76" +
	"\x4D\x76\x4D\x96\x4D\x76\x4D\x76\x4D\x76\x4D\x96\x4D\x76\x4D\x96\x4D\x76\x4D\x76\x4D\x76\x4D\x76\x4D\x76\x4D\x76\x4D\x76\x4D\x76" +
	"\x4D\x96\x4D\x76\x4D\x76\x4D\x76\x4D\x76\x4D\x76\x4D\x76\x4D\x76\x4D\x76\x4D\x76\x4D\x76\x4D\x76\x4D\x76\x4D\x96\x4D\x96\x4D\x96" +
	"\x4D\x96\x4D\x96\x4D\x96\x4D\x96\x4D\x96\x3D\x76\x0C\xF8\x04\xB9\x04\xD9\x04\xD9\x04\xD9\x04\xB9\x04\xB9\x04\xD9\x04\xD9\x04\xD9" +
	"\x6C\xDA\x6C\xDA\x64\xFA\x6C\xF9\x64\xFA\x6C\xFA\x64\xF9\x6C\xFA\x6C\xFA\x6D\x1A\x23\x35\x9D\x30\xF6\x6E\xF6\x6E\xF6\x6E\xF6\x4E" +
	"\xF6\x4E\xF6\x4E\xF6\x4E\xF6\x4E\xF6\x4E\xF6\x4E\xF6\x4E\xF6\x4E\xF6\x4E\xF6\x4E\xF6\x4E\xF6\x4E\xF6\x6E\xF6\x4E\xF6\x4E\xF6\x4E" +
	"\xF6\x6E\xF6\x6E\xF6\x4E\xF6\x4E\xF6\x6E\xF6\x90\xF6\xF5\xFF\x37\xFF\x7A\xFF\x7A\xFF\x36\xF6\xD3\xF6\x6E\xEE\x4E\xEE\x4E\xF6\x4E" +
	"\xF6\x4E\xF6\x4E\xF6\x4E\xF6\x4E\xF6\x4E\xF6\x6E\xF6\x6E\xE6\x0D\xAC\xEB\x64\x2E\x12\xF4\x75\x3A\x75\x1A\x75\x1A\x6D\x1A\x75\x1A" +
	"\x75\x3A\x75\x1A\x75\x1A\x75\x3A\x75\x1A\x75\x3A\x75\x3A\x75\x3A\x75\x3A\x6D\x3A\x75\x3A\x75\x3A\x75\x3A\x75\x3A\x75\x3A\x75\x3A" +
	"\x75\x3A\x75\x3A\x75\x3A\x75\x3A\x75\x3A\x75\x3A\x75\x3A\x75\x3A\x75\x3A\x75\x3A\x75\x3A\x75\x3A\x75\x3A\x75\x3A\x75\x3A\x75\x5A" +
	"\x75\x5A\x75\x5A\x75\x5A\x75\x5A\x75\x5A\x75\x5A\x75\x5A\x75\x5A\x75\x5A\x75\x5A\x75\x5A\x75\x5A\x75\x5A\x75\x5A\x7D\x5A\x75\x5A" +
	"\x75\x5A\x75\x5A\x75\x5A\x7D\x5A\x75\x5A\x14\x98\x04\x58\x2D\x37\x4D\x37\x65\x37\x95\x36\xBD\x15\xD5\x14\xDD\x14\xE5\x13\xE5\x13" +
	"\xE5\x13\xE5\x13\xED\x34\xED\x94\xED\xD6\xF6\xB8\xFF\x1A\xF6\xF9\xFE\xF9\xED\xD9\xDC\xD9\xED\x55\xED\x13\xEC\xF3\xED\x13\xED\x13" +
	"\xE5\x13\xE5\x33\xE5\x33\xE5\x33\xDD\x34\xC5\x34\x9D\x55\x7D\x56\x5D\x56\x4D\x56\x45\x56\x45\x56\x45\x56\x4D\x57\x4D\x57\x4D\x56" +
	"\x4D\x56\x4D\x57\x4D\x57\x4D\x56\x4D\x76\x4D\x56\x4D\x56\x4D\x56\x4D\x56\x4D\x56\x4D\x56\x4D\x57\x4D\x76\x4D\x76\x4D\x76\x4D\x76" +
	"\x4D\x76\x4D\x76\x4D\x76\x4D\x76\x4D\x76\x4D\x76\x4D\x76\x4D\x76\x4D\x76\x4D\x76\x4D\x76\x4D\x76\x4D\x76\x4D\x76\x4D\x76\x4D\x76" +
	"\x4D\x76\x4D\x96\x4D\x76\x4D\x76\x4D\x76\x4D\x76\x4D\x76\x4D\x76\x4D\x76\x4D\x76\x4D\x76\x4D\x76\x4D\x76\x4D\x76\x4D\x96\x4D\x76" +
	"\x4D\x76\x4D\x96\x4D\x76\x4D\x76\x4D\x76\x4D\x76\x4D\x76\x4D\x76\x4D\x76\x4D\x76\x4D\x76\x4D\x76\x4D\x76\x4D\x76\x4D\x96\x4D\x96" +
	"\x4D\x96\x4D\x96\x4D\x96\x4D\x96\x4D\x96\x4D\x96\x45\x96\x0D\x18\x04\xD8\x04\xD9\x04\xB9\x04\xD9\x04\xB9\x04\xD9\x04\xD9\x04\xD9" +
	"\x6C\xFA\x6C\xFA\x64\xFA\x64\xF9\x6C\xFA\x6C\xFA\x6C\xFA\x6C\xFA\x6C\xFA\x6C\xFA\x5C\x98\x1A\xB2\xDE\x2F\xF6\x6E\xF6\x4E\xF6\x4E" +
	"\xF6\x4E\xF6\x4E\xF6\x4E\xF6\x4E\xF6\x4E\xF6\x4E\xF6\x4E\xF6\x4E\xF6\x4E\xF6\x4E\xF6\x4E\xF6\x4E\xF6\x4E\xF6\x4E\xF6\x4E\xF6\x4E" +
	"\xEE\x4E\xEE\x4E\xF6\x8F\xF6\xD3\xFF\x79\xFF\x7A\xFF\x38\xFF\x36\xF6\xD3\xF6\x90\xF6\x4E\xF6\x4E\xF6\x4E\xF6\x4E\xF6\x4E\xF6\x4E" +
	"\xF6\x4E\xF6\x4E\xF6\x4E\xF6\x6E\xF6\x4E\xEE\x4E\xF6\x6E\xBD\x4C\xAC\xEB\x23\x30\x33\xD6\x75\x3A\x75\x1A\x75\x1A\x75\x1A\x6D\x1A" +
	"\x75\x3A\x75\x1A\x6D\x1A\x6D\x1A\x75\x1A\x75\x3A\x75\x3A\x75\x3A\x75\x3A\x75\x3A\x6D\x3A\x75\x3A\x75\x1A\x75\x3A\x75\x3A\x75\x3A" +
	"\x75\x3A\x75\x3A\x75\x3A\x75\x3A\x75\x3A\x75\x3A\x75\x3A\x75\x3A\x75\x3A\x75\x3A\x75\x3A\x75\x3A\x75\x3A\x75\x3A\x75\x3A\x75\x3A" +
	"\x75\x3A\x75\x5A\x75\x5A\x75\x5A\x75\x5A\x75\x5A\x75\x5A\x75\x5A\x75\x5A\x75\x5A\x75\x5A\x75\x5A\x75\x5A\x75\x5A\x75\x5A\x7D\x5A" +
	"\x7D\x5A\x75\x5A\x75\x5A\x6D\x59\x6D\x5A\x2C\xB8\x2C\x78\x95\x16\xC5\x15\xD5\x14\xDD\x14\xE5\x14\xE5\x14\xE4\xF3\xE5\x14\xED\x14" +
	"\xED\xB5\xF6\x98\xF6\xF9\xF7\x19\xF6\xD9\xF6\x17\xED\x95\xED\x54\xED\x34\xE4\xD4\xCC\x39\xDC\x96\xED\x13\xE5\x13\xE5\x13\xE5\x13" +
	"\xDD\x33\xC5\x34\xA5\x55\x7D\x56\x5D\x56\x4D\x57\x45\x56\x45\x56\x45\x56\x4D\x56\x45\x56\x45\x56\x45\x56\x45\x57\x4D\x56\x4D\x56" +
	"\x4D\x56\x4D\x56\x4D\x57\x4D\x56\x4D\x56\x4D\x56\x4D\x56\x4D\x56\x4D\x56\x4D\x56\x4D\x56\x4D\x57\x4D\x76\x4D\x76\x4D\x76\x4D\x76" +
	"\x4D\x76\x4D\x76\x4D\x76\x4D\x76\x4D\x76\x4D\x76\x4D\x76\x4D\x76\x4D\x76\x4D\x76\x4D\x76\x4D\x76\x4D\x76\x4D\x76\x4D\x76\x4D\x76" +
	"\x4D\x76\x4D\x76\x4D\x96\x4D\x76\x4D\x76\x4D\x76\x4D\x76\x4D\x96\x4D\x96\x4D\x96\x4D\x96\x4D\x76\x4D\x96\x35\x57\x25\x57\x1D\x37" +
	"\x45\x76\x4D\x76\x4D\x76\x4D\x76\x4D\x76\x4D\x76\x4D\x76\x4D\x76\x4D\x76\x4D\x76\x4D\x76\x4D\x76\x4D\x76\x4D\x76\x4D\x76\x4D\x96" +
	"\x4D\x96\x4D\x96\x4D\x96\x4D\x96\x4D\x96\x4D\x96\x4D\x96\x45\x76\x15\x18\x04\xD9\x04\xD9\x04\xD9\x04\xD9\x04\xD9\x04\xD9\x04\xD9" +
	"\x5C\xD9\x54\xB9\x64\xD9\x4C\x99\x5C\xD9\x54\xD9\x44\x99\x44\x98\x54\xB9\x6C\xFA\x6C\xFA\x3B\xD6\x2B\x31\xDD\xED\xF6\x6E\xF6\x4E" +
	"\xF6\x4E\xF6\x4E\xF6\x4E\xF6\x4E\xF6\x4E\xF6\x4E\xF6\x4E\xF6\x4E\xF6\x4E\xF6\x4E\xF6\x4E\xF6\x4E\xF6\x4E\xEE\x4E\xF6\x6F\xF6\x90" +
	"\xF6\xF4\xFF\x37\xFF\x7A\xFF\x58\xFF\x16\xF6\xB1\xF6\x6E\xEE\x4D\xF6\x4E\xF6\x6E\xF6\x6E\xF6\x4E\xF6\x6E\xF6\x6E\xF6\x4E\xF6\x4E" +
	"\xF6\x4E\xF6\x4E\xF6\x4E\xF6\x4E\xF6\x4E\xF6\x6E\xC5\x6C\xA4\xEB\x94\xAC\x02\x71\x4C\x37\x5C\x78\x5C\x78\x6D\x1A\x75\x1A\x75\x1A" +
	"\x6D\x1A\x75\x1A\x75\x1A\x75\x1A\x6D\x1A\x75\x3A\x75\x1A\x75\x3A\x75\x3A\x75\x3A\x75\x3A\x75\x1A\x75\x3A\x75\x1A\x75\x3A\x6D\x3A" +
	"\x75\x3A\x75\x3A\x75\x3A\x75\x3A\x75\x3A\x75\x3A\x75\x3A\x75\x3A\x75\x3A\x75\x3A\x75\x3A\x75\x3A\x75\x3A\x75\x3A\x75\x3A\x75\x3A" +
	"\x75\x3A\x7D\x5A\x75\x5A\x75\x3A\x75\x3A\x75\x3A\x75\x5A\x75\x5A\x75\x5A\x75\x5A\x75\x5A\x75\x5A\x75\x5A\x75\x5A\x75\x5A\x75\x5A" +
	"\x75\x5A\x7D\x5A\x95\x5A\xA5\x39\x9C\xF8\x7C\x99\x94\x7A\xAC\x79\xD4\xB6\xE4\xF3\xE4\xF3\xE5\x34\xED\x75\xEE\x37\xF6\xD9\xF7\x19" +
	"\xF7\x19\xF6\x98\xF6\x57\xED\x74\xED\x13\xEC\xF3\xED\x13\xED\x13\xE5\x13\xE5\x13\xE5\x14\xE5\x13\xDD\x14\xC5\x34\xA5\x35\x85\x36" +
	"\x65\x36\x4D\x56\x45\x56\x45\x56\x45\x56\x45\x56\x45\x56\x45\x56\x45\x56\x4D\x56\x45\x56\x45\x56\x45\x56\x45\x56\x45\x56\x4D\x56" +
	"\x4D\x56\x4D\x56\x4D\x56\x4D\x57\x4D\x56\x4D\x56\x4D\x56\x4D\x56\x4D\x56\x4D\x56\x4D\x56\x4D\x57\x4D\x76\x4D\x76\x45\x76\x4D\x76" +
	"\x4D\x76\x4D\x76\x4D\x76\x4D\x76\x4D\x76\x4D\x76\x4D\x76\x4D\x76\x4D\x76\x4D\x76\x4D\x76\x4D\x76\x4D\x76\x4D\x76\x4D\x76\x4D\x76" +
	"\x4D\x76\x4D\x76\x4D\x76\x4D\x76\x4D\x76\x4D\x96\x4D\x76\x2D\x57\x25\x37\x2D\x57\x35\x57\x25\x37\x15\x18\x04\xB8\x04\xB8\x04\xB8" +
	"\x04\xD8\x2D\x57\x55\x96\x4D\x76\x4D\x76\x4D\x76\x4D\x76\x4D\x76\x4D\x76\x4D\x76\x4D\x76\x4D\x76\x4D\x76\x4D\x76\x4D\x76\x4D\x96" +
	"\x4D\x96\x4D\x96\x4D\x96\x4D\x96\x4D\x96\x4D\x96\x4D\x96\x4D\x96\x55\x96\x25\x57\x04\xD8\x04\xD8\x04\xD9\x04\xD9\x04\xB9\x04\xD9" +
	"\x0B\xD7\x0B\xB6\x13\xD7\x0B\xB6\x0B\xD7\x0B\xB7\x0B\xB6\x0B\xB7\x03\xB6\x24\x38\x54\xB9\x6C\xFA\x2B\x55\x43\x4F\xBD\x4C\xF6\x6E" +
	"\xF6\x6E\xF6\x6E\xF6\x6E\xF6\x4E\xF6\x6E\xF6\x4E\xF6\x4E\xF6\x4E\xF6\x4E\xF6\x4E\xF6\x4E\xF6\x4E\xF6\x90\xF6\xD3\xFF\x79\xFF\x9A" +
	"\xFF\x79\xF6\xF5\xF6\xD3\xF6\x6E\xF6\x4E\xF6\x4E\xF6\x6E\xF6\x4E\xEE\x6E\xF6\x4E\xF6\x4E\xF6\x6E\xF6\x4E\xF6\x6E\xF6\x6E\xF6\x4E" +
	"\xF6\x4E\xF6\x4E\xF6\x4E\xF6\x4E\xF6\x6E\xC5\x8C\xA4\xEB\xAC\xEB\x6C\x2E\x02\x31\x12\x72\x22\xF3\x2A\xD3\x12\xB2\x6C\xF9\x75\x1A" +
	"\x75\x1A\x6D\x1A\x75\x3A\x75\x1A\x75\x3A\x6D\x1A\x75\x1A\x75\x3A\x75\x3A\x75\x3A\x75\x3A\x75\x3A\x6D\x3A\x75\x3A\x75\x3A\x75\x3A" +
	"\x75\x3A\x75\x3A\x75\x3A\x75\x3A\x75\x3A\x75\x3A\x7D\x3A\x75\x3A\x75\x3A\x75\x3A\x7D\x3A\x75\x3A\x75\x3A\x75\x5A\x7D\x5A\x75\x3A" +
	"\x6D\x3A\x2C\xB8\x34\xD9\x6D\x3A\x75\x5A\x75\x3A\x7D\x5A\x75\x5A\x75\x5A\x7D\x5A\x7D\x5A\x75\x5A\x75\x5A\x6D\x5A\x7D\x5A\x7D\x3A" +
	"\xAD\x39\xBC\xF9\xAC\xB9\xBC\xB8\xB4\x99\xAC\x79\xAC\x59\xBC\x59\xC4\x9A\xE5\xD8\xEE\x37\xF6\xF9\xF7\x19\xF6\xD9\xEE\x17\xED\xB5" +
	"\xED\x75\xE4\xF3\xE4\xF3\xE5\x13\xE5\x13\xE5\x13\xE5\x13\xE5\x14\xDD\x14\xCD\x34\xAD\x35\x85\x36\x65\x56\x4D\x57\x45\x37\x45\x56" +
	"\x45\x56\x45\x56\x45\x56\x45\x56\x45\x56\x45\x56\x45\x57\x45\x56\x45\x56\x45\x56\x4D\x56\x45\x56\x45\x56\x45\x56\x45\x56\x45\x56" +
	"\x4D\x57\x4D\x56\x4D\x57\x4D\x56\x4D\x57\x4D\x56\x4D\x56\x4D\x56\x4D\x56\x4D\x56\x4D\x56\x4D\x56\x4D\x76\x4D\x76\x4D\x76\x4D\x76" +
	"\x4D\x76\x4D\x76\x4D\x76\x4D\x76\x4D\x76\x4D\x76\x4D\x76\x4D\x76\x4D\x76\x4D\x76\x4D\x76\x4D\x76\x4D\x76\x4D\x76\x4D\x76\x4D\x76" +
	"\x4D\x76\x4D\x76\x4D\x76\x4D\x76\x4D\x96\x1D\x17\x04\xD8\x04\xB8\x04\xB8\x04\xB8\x04\xB8\x04\xB8\x04\xB8\x04\xD8\x04\xF8\x04\xD8" +
	"\x04\xB8\x04\xB8\x2D\x37\x4D\x96\x4D\x76\x4D\x76\x4D\x76\x4D\x76\x4D\x76\x4D\x76\x4D\x76\x4D\x76\x4D\x76\x4D\x76\x4D\x76\x4D\x96" +
	"\x4D\x96\x4D\x96\x4D\x96\x4D\x96\x4D\x96\x4D\x96\x4D\x96\x4D\x96\x4D\x96\x4D\x96\x2D\x57\x04\xD9\x04\xD9\x04\xD9\x04\xB9\x04\xB9" +
	"\x0B\xB6\x13\xB6\x13\xB7\x13\xD6\x23\xD7\x23\xD7\x23\xD7\x1B\xD7\x1B\xD7\x03\xD7\x0B\xF7\x64\xD9\x6C\xFA\x2B\x75\x22\xD0\x94\xCD" +
	"\xDD\xED\xF6\x6E\xF6\x6E\xF6\x6E\xF6\x4E\xF6\x6E\xF6\x4E\xEE\x4E\xF6\x4E\xF6\x90\xF6\xD2\xFF\x58\xFF\x7A\xFF\x59\xF6\xF4\xF6\x90" +
	"\xF6\x6F\xE6\x2D\xEE\x2D\xE6\x0D\xE6\x0D\xE6\x2E\xEE\x2E\xF6\x4E\xF6\x6E\xF6\x6E\xF6\x4E\xF6\x4E\xF6\x6E\xF6\x4E\xF6\x6E\xF6\x4E" +
	"\xF6\x4E\xF6\x4E\xF6\x6E\xEE\x4E\xC5\x6C\xAC\xEB\xAC\xEB\x94\xCC\x13\x54\xAD\xDA\xC6\x3B\xDE\x7B\xD6\x7B\x12\x92\x54\x98\x75\x1A" +
	"\x75\x1A\x75\x1A\x6D\x1A\x75\x1A\x75\x1A\x75\x1A\x75\x1A\x75\x1A\x75\x1A\x75\x3A\x75\x3A\x75\x3A\x75\x3A\x75\x3A\x75\x3A\x75\x3A" +
	"\x75\x3A\x75\x3A\x7D\x3A\x7D\x3A\x65\x1A\x3C\xF9\x3C\xD9\x65\x1A\x65\x19\x44\xD9\x3C\xD9\x3C\xD9\x3C\xF9\x34\xD9\x14\x78\x14\x78" +
	"\x0C\x58\x04\x38\x04\x38\x0C\x58\x1C\x98\x3C\xF9\x34\xD9\x3C\xD9\x34\xD9\x24\xB9\x0C\x78\x1C\x98\x4C\xD9\x44\x99\x74\x9A\x7C\x79" +
	"\x9C\x99\x94\x79\xA4\x59\xAC\x59\xB4\x79\xC4\xFA\xD5\xBB\xE6\x7B\xEE\xBB\xEE\x9B\xEE\x7A\xEE\x18\xED\xB5\xE5\x13\xE4\xF3\xE4\xF3" +
	"\xE5\x13\xE5\x13\xE5\x14\xE5\x14\xDD\x14\xD5\x14\xB5\x15\x95\x36\x6D\x37\x55\x57\x45\x36\x3D\x36\x3D\x36\x45\x36\x45\x36\x45\x36" +
	"\x45\x36\x45\x36\x45\x56\x45\x56\x45\x56\x45\x56\x45\x56\x45\x56\x45\x56\x45\x56\x45\x56\x4D\x56\x45\x56\x45\x56\x45\x56\x45\x56" +
	"\x4D\x56\x4D\x56\x4D\x56\x4D\x57\x4D\x57\x4D\x57\x4D\x56\x4D\x76\x4D\x76\x3D\x57\x3D\x57\x45\x57\x4D\x76\x4D\x76\x45\x56\x25\x37" +
	"\x0C\xD8\x0C\xD8\x0C\xF8\x2D\x57\x4D\x76\x4D\x76\x4D\x76\x4D\x76\x4D\x76\x4D\x76\x4D\x76\x4D\x76\x4D\x76\x4D\x76\x4D\x76\x4D\x76" +
	"\x4D\x76\x4D\x76\x4D\x76\x4D\x96\x25\x37\x04\xB8\x04\xD8\x0C\xF8\x1D\x37\x25\x37\x15\x17\x15\x17\x25\x57\x35\x57\x4D\x76\x4D\x96" +
	"\x15\x18\x04\xB8\x15\x18\x55\x96\x4D\x76\x4D\x76\x4D\x76\x4D\x76\x4D\x76\x4D\x76\x4D\x76\x4D\x76\x4D\x76\x4D\x76\x4D\x76\x4D\x96" +
	"\x4D\x96\x4D\x96\x4D\x96\x4D\x96\x4D\x96\x4D\x96\x4D\x96\x4D\x96\x4D\x96\x4D\x96\x4D\x96\x1D\x37\x04\xB9\x04\xD9\x04\xD9\x04\xD9" +
	"\x2B\xF7\x23\xD7\x33\xF7\x3B\xF7\x3B\xF7\x3B\xF7\x3B\xF7\x3B\xF7\x2B\xF7\x03\xD7\x03\xD7\x03\xD7\x2C\x58\x5C\xD9\x3B\xF7\x12\x90" +
	"\x84\x8D\xC5\x6C\xE6\x0D\xF6\x6E\xF6\x6E\xEE\x4D\xF6\x6F\xFF\x15\xFF\x58\xFF\x9A\xFF\x7A\xFF\x15\xF6\x8F\xF6\x6E\xEE\x2D\xCD\xAD" +
	"\xB5\x0C\xA4\xEB\xA4\xEB\xA4\xEB\xA4\xEB\xA4\xEB\xAC\xEB\xB5\x2C\xD5\xCD\xEE\x4E\xF6\x6E\xF6\x6E\xF6\x6E\xF6\x6E\xF6\x6E\xF6\x6E" +
	"\xF6\x6E\xF6\x6E\xE6\x0D\xAD\x0B\xA4\xEB\xAC\xEB\xA4\xCB\x33\x72\x43\xF7\x9C\xFA\x8C\xBA\x84\xB9\x2B\x14\x12\x92\x75\x19\x75\x1A" +
	"\x75\x1A\x75\x1A\x75\x1A\x6D\x1A\x75\x1A\x75\x3A\x75\x1A\x75\x3A\x75\x1A\x75\x3A\x6D\x3A\x6D\x3A\x75\x3A\x75\x3A\x75\x3A\x6D\x3A" +
	"\x54\xF9\x34\xB9\x1C\x78\x1C\x78\x04\x38\x04\x38\x04\x37\x04\x37\x04\x37\x04\x37\x04\x37\x04\x37\x04\x37\x04\x37\x04\x37\x04\x37" +
	"\x04\x38\x04\x58\x04\x58\x04\x37\x04\x37\x04\x37\x04\x37\x04\x37\x04\x38\x1C\x58\x3C\x59\x5C\x79\x74\x79\x84\x79\x94\x79\x94\x79" +
	"\xA4\x59\xB4\xBA\xC5\x5A\xDE\x3C\xE6\x9C\xE6\xDC\xE6\xBC\xC5\x9B\xB5\x1A\xB4\x9A\xBC\x39\xC4\x58\xD4\xB6\xE4\xF4\xE5\x13\xE5\x13" +
	"\xE5\x14\xDD\x14\xC5\x15\x9D\x36\x75\x36\x55\x37\x45\x57\x3D\x37\x3D\x37\x45\x37\x45\x37\x3D\x56\x45\x57\x3D\x56\x45\x36\x45\x36" +
	"\x45\x36\x45\x36\x45\x56\x45\x56\x45\x56\x45\x56\x45\x56\x45\x56\x45\x56\x45\x56\x45\x56\x45\x56\x4D\x56\x45\x56\x45\x56\x45\x56" +
	"\x45\x56\x4D\x56\x4D\x56\x4D\x57\x4D\x56\x4D\x57\x45\x56\x1D\x17\x04\xB8\x04\x98\x04\x98\x04\xB8\x0C\xD8\x1C\xF7\x0C\xD7\x04\xB8" +
	"\x04\x98\x04\x98\x04\xB8\x04\x98\x15\x17\x4D\x76\x4D\x76\x4D\x76\x4D\x76\x4D\x76\x4D\x76\x4D\x76\x4D\x76\x4D\x76\x4D\x76\x4D\x76" +
	"\x4D\x76\x4D\x76\x4D\x76\x3D\x76\x04\xB8\x04\xD8\x45\x76\x4D\x96\x4D\x96\x4D\x76\x4D\x96\x4D\x76\x4D\x96\x4D\x76\x4D\x76\x4D\x76" +
	"\x4D\x96\x1D\x37\x3D\x76\x4D\x76\x4D\x76\x4D\x76\x4D\x76\x4D\x76\x4D\x76\x4D\x76\x4D\x76\x4D\x76\x4D\x76\x4D\x76\x4D\x76\x4D\x96" +
	"\x4D\x96\x4D\x96\x4D\x96\x4D\x96\x4D\x96\x4D\x96\x4D\x96\x4D\x96\x4D\x96\x4D\x96\x3D\x76\x04\xD9\x04\xD9\x04\xD8\x04\xD9\x04\xD9" +
	"\x33\xF7\x33\xF7\x33\xF7\x3B\xF7\x3B\xF7\x33\xF7\x2B\xF7\x0B\xD6\x0B\xD6\x0B\xD6\x24\x38\x24\x38\x03\xB6\x03\xD7\x0B\xD7\x03\x35" +
	"\x0A\x91\x74\x0D\xAC\xEB\xC5\x8E\xD6\x52\xF7\x16\xF7\x58\xF7\x58\xDE\x94\xBD\x6D\xBD\x4C\xBD\x4C\xBD\x4C\xBD\x4C\xAC\xEB\xA4\xCB" +
	"\xAC\xEB\xAC\xEB\xAC\xEB\xAC\xEB\xAC\xEB\xAC\xEB\xAC\xEB\xAC\xEB\xA4\xEB\xAC\xEB\xBD\x2C\xBD\x4C\xCD\xAD\xD5\xED\xCD\xAD\xBD\x4C" +
	"\xBD\x4C\xBD\x4C\xAC\xEB\xA4\xEB\xAC\xEB\xB5\x0B\x33\x50\x23\x55\x33\x75\x2A\xD3\x0A\x72\x02\x92\x02\xF3\x1C\x58\x75\x3A\x75\x3A" +
	"\x75\x1A\x75\x1A\x7D\x1A\x75\x1A\x6D\x3A\x75\x3A\x7D\x3A\x75\x3A\x75\x3A\x75\x3A\x75\x3A\x75\x3A\x75\x3A\x4C\xF9\x24\x98\x0C\x58" +
	"\x04\x17\x04\x17\x04\x37\x04\x37\x04\x37\x04\x38\x04\x38\x04\x58\x04\x58\x04\x58\x04\x58\x04\x58\x04\x58\x0C\x78\x0C\x78\x0C\x98" +
	"\x14\x99\x1C\x99\x1C\x99\x0C\x78\x04\x58\x14\x78\x24\x99\x3C\x99\x5C\xBA\x6C\xBA\x7C\xDA\x7C\xDA\x8C\x9A\x9D\x1A\xA5\x3B\xBE\x1C" +
	"\xCE\x5C\xDE\xDC\xDE\xBC\xCE\x3C\xBD\x9B\xAD\x3B\xA4\xDA\x9C\xBA\x9C\xBA\x9C\xDA\xA4\x9A\xAC\x79\xA4\x79\x9C\x7A\x9C\x98\x94\xF6" +
	"\x64\xD7\x4D\x17\x45\x37\x3D\x57\x3D\x57\x35\x57\x45\x56\x45\x57\x3D\x36\x45\x36\x45\x37\x45\x37\x3D\x56\x3D\x36\x3D\x36\x45\x36" +
	"\x45\x36\x45\x36\x45\x36\x45\x36\x45\x56\x45\x56\x45\x56\x45\x56\x45\x56\x45\x56\x45\x56\x45\x56\x45\x56\x4D\x56\x45\x56\x45\x56" +
	"\x45\x56\x4D\x56\x4D\x57\x4D\x56\x4D\x56\x4D\x56\x2D\x37\x04\x98\x04\x98\x04\x98\x0C\xB7\x04\xB7\x04\x98\x04\xB8\x04\xB8\x04\xB8" +
	"\x0C\xD6\x0C\xD6\x0C\xD7\x04\xB8\x04\xB8\x0C\xD7\x45\x55\x4D\x76\x4D\x76\x4D\x76\x4D\x76\x4D\x76\x4D\x76\x4D\x76\x4D\x76\x4D\x76" +
	"\x4D\x76\x4D\x76\x4D\x76\x45\x76\x15\x17\x25\x37\x4D\x96\x4D\x96\x4D\x76\x4D\x76\x4D\x76\x4D\x96\x4D\x76\x4D\x96\x4D\x76\x4D\x76" +
	"\x4D\x76\x4D\x96\x4D\x96\x4D\x96\x4D\x76\x4D\x76\x4D\x76\x4D\x76\x4D\x76\x4D\x76\x4D\x76\x4D\x76\x4D\x76\x4D\x76\x4D\x76\x4D\x76" +
	"\x4D\x96\x4D\x96\x4D\x96\x4D\x96\x4D\x96\x4D\x96\x4D\x96\x4D\x96\x4D\x96\x4D\x96\x4D\x96\x3D\x76\x15\x18\x04\xD9\x04\xD8\x04\xD9" +
	"\x3B\xF7\x3B\xF7\x3B\xF7\x33\xF7\x2B\xF7\x13\xD7\x0B\xB6\x03\xD6\x03\xB6\x2C\x58\x6C\xFA\x6C\xFA\x54\xB9\x24\x37\x13\xF7\x03\xF7" +
	"\x0B\xB6\x44\x37\x9D\xD8\xDE\xF8\xE7\x17\xCE\x52\xBD\x6E\xAD\x0C\xA4\xEB\xA4\xEB\xA4\xEB\xA4\xEB\xA4\xEB\xA4\xEB\xAC\xEB\xAC\xEB" +
	"\xAC\xEB\xAC\xEB\xAC\xEB\xAC\xEB\xAC\xEB\x6C\x30\x9D\x15\xB5\x2E\xAC\xEB\xAC\xEB\xAC\xEB\xA4\xEB\xA4\xEB\xA4\xEB\xA4\xEB\xAC\xEB" +
	"\xA4\xEB\xAC\xEB\xAC\xEB\xAD\x0B\xA4\xEC\x5B\x8E\x12\xB3\x02\xB3\x03\x14\x03\x75\x03\xF7\x04\x17\x04\x38\x04\x58\x14\x78\x2C\x78" +
	"\x2C\x98\x2C\x98\x24\x78\x14\x58\x14\x58\x1C\x78\x2C\x98\x34\xB8\x34\xB9\x54\xF9\x4C\xF9\x2C\x98\x24\x78\x0C\x38\x04\x17\x04\x17" +
	"\x04\x17\x0C\x58\x0C\x78\x0C\x78\x0C\x78\x1C\x99\x1C\x99\x1C\x99\x1C\x99\x1C\x99\x1C\x99\x1C\x99\x1C\x99\x1C\x99\x1C\x99\x1C\x99" +
	"\x14\x99\x1C\x99\x24\xB9\x3C\xB9\x4C\xDA\x5C\xDA\x6C\xDA\x74\xDA\x7C\xDA\x7C\xDA\x84\xFA\xA5\x9B\xBE\x3C\xDE\xDC\xDE\xDC\xDE\xDC" +
	"\xC6\x3C\xB5\xBB\x9C\xFA\x9C\xBA\x94\xBA\x94\xBA\x94\xDA\x94\xBA\x8C\xBA\x8C\xBA\x7C\xBA\x74\xBA\x5C\x99\x24\x78\x0C\x78\x04\x58" +
	"\x04\x58\x04\x58\x04\x78\x0C\x97\x04\x98\x04\x98\x0C\xB7\x25\x17\x3D\x57\x3D\x36\x3D\x37\x45\x57\x45\x37\x3D\x57\x3D\x36\x3D\x36" +
	"\x45\x36\x45\x36\x45\x36\x45\x36\x45\x36\x45\x56\x45\x56\x45\x56\x45\x57\x45\x56\x45\x56\x45\x56\x45\x56\x45\x57\x4D\x56\x3D\x56" +
	"\x25\x17\x0C\xD8\x0C\xB8\x0C\xD8\x0C\xD8\x14\xD8\x04\x98\x04\x98\x14\xD5\x24\xF4\x2D\x14\x2D\x14\x0C\xD6\x04\xB7\x04\xB8\x14\xF6" +
	"\x35\x14\x35\x13\x2D\x14\x14\xF6\x04\xB8\x04\xB8\x35\x14\x4D\x76\x4D\x76\x4D\x76\x4D\x76\x4D\x76\x4D\x76\x4D\x76\x4D\x76\x4D\x76" +
	"\x4D\x76\x4D\x76\x4D\x76\x4D\x76\x4D\x76\x4D\x76\x4D\x76\x4D\x96\x4D\x76\x4D\x76\x4D\x76\x4D\x96\x4D\x76\x4D\x76\x4D\x96\x4D\x76" +
	"\x4D\x76\x4D\x76\x4D\x76\x4D\x76\x4D\x76\x4D\x76\x4D\x76\x4D\x76\x4D\x76\x4D\x76\x4D\x76\x4D\x76\x4D\x76\x4D\x76\x4D\x76\x4D\x76" +
	"\x4D\x96\x4D\x96\x4D\x96\x4D\x96\x4D\x96\x4D\x96\x4D\x96\x4D\x96\x4D\x96\x4D\x96\x4D\x96\x4D\x96\x4D\x96\x0C\xF8\x04\xD9\x04\xD8" +
	"\x34\x38\x2C\x17\x13\xD7\x03\xD6\x03\xB6\x03\xB6\x0B\xD6\x2C\x58\x4C\xB9\x64\xDA\x6C\xDA\x64\xD9\x6C\xFA\x85\x5A\x8D\xBB\xAE\x5C" +
	"\xBE\xDD\xBE\xDD\x9E\x1C\x44\x37\x33\x71\x6C\x2D\xA4\xCB\xAD\x0B\xAD\x0B\xAC\xEB\xAC\xEB\xAC\xEB\xAC\xEB\xAC\xEC\xAC\xEB\xAC\xEB" +
	"\xAC\xEB\xAC\xEC\xAC\xEB\xAC\xEB\x9C\xEC\x1A\xF3\xCE\x3A\xC5\xFA\x94\xD3\xAC\xEB\xAC\xEB\xAC\xEB\xAC\xEB\xAC\xEB\xAC\xEB\xAC\xEB" +
	"\xAD\x0B\xA4\xEC\x7C\x6D\x4B\x4F\x12\x70\x02\xD3\x0C\x37\x04\x17\x04\x17\x0C\x37\x0C\x37\x24\x98\x04\x37\x04\x17\x04\x17\x04\x17" +
	"\x04\x17\x03\xF7\x04\x17\x04\x17\x04\x17\x04\x17\x04\x17\x04\x17\x04\x17\x04\x17\x04\x17\x04\x17\x04\x17\x04\x17\x04\x38\x0C\x58" +
	"\x14\x78\x24\x99\x1C\x99\x1C\x99\x1C\x99\x1C\x99\x1C\x99\x1C\x99\x1C\x99\x1C\x99\x1C\x99\x1C\x99\x1C\x99\x1C\x99\x1C\x99\x24\x99" +
	"\x3C\xB9\x4C\xBA\x5C\xDA\x64\xDA\x6C\xDA\x74\xDA\x74\xDA\x8D\x5B\xAD\xFC\xBE\x5C\xD6\xDC\xD6\xDC\xC6\x5C\xC6\x3C\x95\x1B\x95\x1A" +
	"\x8C\xDA\x8C\xDA\x8C\xFA\x8C\xDA\x8C\xDA\x84\xBA\x84\xDA\x74\xBA\x64\xBA\x4C\x99\x3C\x99\x2C\x78\x24\x78\x1C\x78\x1C\x78\x14\x78" +
	"\x14\x78\x04\x78\x04\x58\x04\x58\x04\x78\x04\x78\x04\x58\x04\x58\x14\xF7\x45\x57\x3D\x56\x3D\x37\x45\x37\x45\x37\x3D\x37\x3D\x36" +
	"\x3D\x56\x45\x36\x45\x56\x45\x36\x45\x36\x45\x56\x45\x56\x45\x57\x45\x56\x45\x57\x45\x56\x45\x56\x45\x56\x45\x56\x3D\x37\x04\xB8" +
	"\x04\x78\x04\x98\x04\x98\x04\x98\x04\x98\x04\x98\x04\x98\x14\xD6\x2C\xF3\x2C\xF4\x2C\xF3\x2C\xF4\x2D\x14\x2C\xF3\x2C\xF4\x34\xF3" +
	"\x2C\xF4\x2C\xF4\x2D\x14\x35\x14\x04\xD7\x04\x99\x1C\xF5\x45\x55\x4D\x76\x4D\x76\x4D\x76\x4D\x76\x4D\x76\x4D\x76\x4D\x76\x4D\x76" +
	"\x4D\x76\x4D\x76\x4D\x76\x4D\x76\x4D\x76\x4D\x76\x4D\x96\x4D\x76\x4D\x76\x4D\x76\x4D\x76\x4D\x96\x4D\x96\x4D\x76\x4D\x76\x4D\x76" +
	"\x4D\x76\x4D\x76\x4D\x96\x4D\x76\x4D\x76\x4D\x76\x4D\x76\x4D\x76\x4D\x76\x4D\x76\x4D\x76\x4D\x76\x4D\x76\x4D\x76\x4D\x76\x4D\x76" +
	"\x4D\x96\x4D\x96\x4D\x96\x4D\x96\x4D\x96\x4D\x96\x4D\x96\x4D\x96\x4D\x96\x4D\x96\x4D\x96\x4D\x96\x55\x96\x15\x18\x04\xD9\x04\xD9" +
	"\x0B\xD6\x03\xB6\x03\xB6\x0B\xD6\x13\xF7\x3C\x78\x64\xD9\x6C\xFA\x64\xDA\x6C\xDA\x75\x1A\x8D\x9B\xBE\xBC\xCE\xFD\xBE\xBC\xA6\x3C" +
	"\x8D\x9B\x7D\x3A\x6C\xFA\x6C\xFA\x54\x78\x02\x72\x1B\x12\x33\x70\x53\xCF\x6C\x2E\x8C\xAC\xA4\xEB\xAD\x0B\xAD\x0B\xAD\x0B\xAC\xEB" +
	"\xAC\xEB\xAD\x0B\xAC\xEB\xB5\x0B\x43\xD1\x5C\x77\xEE\x9B\x6C\x98\x23\x93\xB5\x4B\xA4\xEC\x9C\xEC\xA4\xEC\x94\xCC\x8C\x8C\x5B\xEE" +
	"\x3B\x4F\x0A\x71\x02\x52\x02\xF3\x03\xD6\x04\x17\x0C\x17\x1C\x58\x3C\xB8\x75\x1A\x44\xD9\x0C\x17\x04\x17\x04\x17\x14\x58\x1C\x78" +
	"\x1C\x78\x14\x78\x14\x58\x14\x78\x14\x58\x0C\x58\x0C\x58\x0C\x58\x0C\x58\x04\x38\x04\x38\x04\x58\x14\x78\x14\x98\x24\x99\x1C\x99" +
	"\x1C\x99\x1C\x99\x1C\x99\x1C\x99\x1C\x99\x1C\x99\x1C\x99\x1C\x99\x1C\x99\x1C\x99\x1C\x99\x1C\x99\x24\x99\x34\xB9\x4C\xB9\x54\xBA" +
	"\x64\xDA\x64\xDA\x6C\xDA\x74\xFA\x85\x3B\x9D\x9B\xC6\x7C\xD6\xDD\xCE\x9C\xBE\x3C\xAD\xDB\x8D\x1A\x84\xDA\x84\xDA\x8C\xFA\x8C\xFA" +
	"\x8C\xFA\x84\xFA\x84\xFA\x7C\xDA\x6C\xBA\x5C\xBA\x44\x99\x2C\x99\x24\x78\x24\x78\x24\x78\x24\x78\x24\x78\x24\x78\x24\x78\x24\x78" +
	"\x24\x78\x24\x78\x24\x78\x24\x78\x24\x78\x24\x78\x24\x78\x04\x78\x04\x58\x1C\xF7\x45\x57\x45\x56\x45\x57\x45\x57\x45\x37\x3D\x57" +
	"\x3D\x57\x3D\x57\x45\x56\x45\x56\x45\x36\x45\x36\x45\x56\x45\x56\x45\x56\x45\x56\x45\x56\x45\x56\x45\x56\x45\x57\x0C\xB8\x04\x98" +
	"\x04\xB7\x14\xF5\x2C\xF4\x24\xF4\x1C\xF5\x0C\xD6\x14\xD5\x2C\xF4\x2C\xF4\x2C\xF4\x2C\xF4\x2C\xF4\x2D\x14\x2D\x13\x2D\x13\x34\xF3" +
	"\x2D\x14\x2C\xF4\x2D\x14\x2C\xF4\x1C\xF5\x0C\xD6\x2D\x13\x35\x13\x45\x76\x4D\x76\x4D\x76\x4D\x76\x4D\x76\x4D\x76\x4D\x76\x4D\x76" +
	"\x4D\x76\x4D\x76\x4D\x76\x4D\x76\x4D\x76\x4D\x76\x4D\x76\x4D\x96\x4D\x76\x4D\x76\x4D\x76\x4D\x96\x4D\x96\x4D\x76\x4D\x96\x4D\x96" +
	"\x4D\x96\x4D\x76\x4D\x76\x4D\x96\x4D\x76\x4D\x76\x4D\x76\x4D\x76\x4D\x76\x4D\x76\x4D\x76\x4D\x76\x4D\x76\x4D\x76\x4D\x76\x4D\x76" +
	"\x4D\x96\x4D\x96\x4D\x96\x4D\x96\x4D\x96\x4D\x96\x4D\x96\x4D\x96\x4D\x96\x4D\x96\x4D\x96\x4D\x96\x4D\x96\x35\x76\x04\xD9\x04\xD9" +
	"\x03\xB6\x13\xF7\x34\x38\x5C\xB9\x64\xF9\x6C\xDA\x64\xDA\x6D\x1A\x85\x7B\xB6\x7C\xCE\xFD\xCE\xFD\xA6\x3C\x85\x9B\x6C\xFA\x64\xD9" +
	"\x64\xD9\x6C\xFA\x6C\xFA\x6C\xFA\x44\x17\x2B\x14\x84\xDA\x64\x99\x0A\x92\x23\x34\x0A\x72\x1A\xB1\x22\xB0\x22\xB0\x1A\xB0\x33\x6F" +
	"\x2B\x30\x33\x50\x43\x6F\x23\x30\x12\x92\xD6\x5A\xB5\x9A\x12\xD3\x02\x91\x22\xB0\x12\x90\x0A\x91\x12\x91\x0A\x72\x12\xB3\x1B\x35" +
	"\x2B\x75\x24\x17\x2C\x98\x3C\xB9\x54\xD9\x64\xF9\x6D\x1A\x6D\x1A\x75\x3A\x44\xD9\x04\x17\x03\xF7\x04\x17\x1C\x78\x24\x78\x24\x78" +
	"\x24\x78\x24\x78\x24\x78\x24\x78\x24\x78\x24\x99\x24\x98\x24\x98\x24\x98\x24\x98\x24\x98\x24\x98\x1C\x99\x1C\x99\x1C\x99\x1C\x98" +
	"\x1C\x98\x1C\x99\x1C\x99\x24\x99\x1C\x99\x24\x99\x24\x99\x24\x99\x1C\x99\x24\x99\x34\xB9\x44\xB9\x54\xDA\x5C\xDA\x5C\xDA\x64\xBA" +
	"\x6C\xFA\x8D\x5B\xB6\x3C\xC6\xBC\xCE\xDD\xCE\xBC\xAD\xFC\x8D\x3B\x7C\xFA\x7C\xDA\x84\xDA\x84\xFA\x84\xFA\x7C\xFA\x7C\xFA\x7C\xFA" +
	"\x6C\xFA\x64\xDA\x4C\xBA\x34\xB9\x24\x99\x24\x78\x24\x78\x24\x78\x24\x78\x24\x98\x24\x78\x24\x78\x24\x78\x24\x78\x24\x78\x24\x78" +
	"\x24\x78\x24\x78\x24\x78\x24\x78\x24\x78\x24\x78\x24\x78\x1C\x78\x04\x78\x04\x78\x0C\xB8\x14\xD7\x1D\x17\x3D\x37\x45\x57\x45\x37" +
	"\x3D\x57\x3D\x56\x3D\x57\x45\x36\x45\x36\x45\x36\x45\x56\x45\x56\x45\x56\x45\x56\x45\x56\x45\x56\x45\x56\x45\x57\x04\x98\x04\x98" +
	"\x24\xF4\x2C\xF4\x2C\xF4\x2C\xF4\x2C\xF4\x2C\xF4\x2C\xF4\x2C\xF4\x2C\xF4\x2C\xF4\x2C\xF4\x2C\xF4\x2C\xF4\x2C\xF4\x2D\x13\x2C\xF3" +
	"\x34\xF3\x2D\x14\x2D\x14\x2C\xF4\x2C\xF4\x34\xF4\x35\x13\x35\x13\x4D\x76\x4D\x76\x4D\x76\x4D\x76\x4D\x76\x4D\x76\x4D\x76\x4D\x76" +
	"\x4D\x76\x4D\x76\x4D\x76\x45\x76\x4D\x76\x4D\x76\x4D\x76\x4D\x96\x4D\x76\x4D\x76\x4D\x76\x4D\x76\x4D\x76\x4D\x96\x4D\x76\x4D\x76" +
	"\x4D\x76\x4D\x96\x4D\x76\x4D\x76\x4D\x76\x4D\x76\x4D\x76\x4D\x76\x4D\x76\x4D\x76\x4D\x76\x4D\x76\x4D\x76\x4D\x76\x4D\x76\x4D\x76" +
	"\x4D\x76\x4D\x96\x4D\x96\x4D\x96\x4D\x96\x4D\x96\x4D\x96\x4D\x96\x4D\x96\x4D\x96\x4D\x96\x4D\x96\x4D\x96\x4D\x96\x04\xF8\x04\xD8" +
	"\x4C\x99\x64\xD9\x6C\xDA\x64\xD9\x6C\xFA\x7D\x5A\xAE\x3C\xC6\xDD\xCE\xFD\xAE\x5C\x95\xDB\x7D\x3A\x6C\xDA\x64\xD9\x64\xF9\x6C\xFA" +
	"\x6C\xF9\x64\xFA\x6C\xFA\x6C\xFA\x12\xB3\x74\x58\x9D\x1A\x5B\xF7\x12\xB2\x6D\x1A\x6C\xFA\x5C\xB9\x54\x58\x54\x78\x54\x58\x54\x58" +
	"\x54\x38\x54\x78\x4C\x58\x12\xB2\x64\x77\xD6\x5B\x3B\x75\x12\x92\x54\x58\x54\x78\x54\x78\x54\x98\x54\x98\x64\xD9\x75\x1A\x6D\x1A" +
	"\x6D\x1A\x6D\x1A\x75\x1A\x6D\x1A\x6D\x1A\x6D\x1A\x75\x1A\x64\xF9\x24\x78\x04\x17\x03\xF7\x0C\x38\x24\x78\x24\x78\x24\x78\x24\x78" +
	"\x24\x78\x24\x78\x24\x78\x24\x78\x24\x78\x24\x78\x24\x98\x24\x98\x24\x98\x24\x98\x24\x98\x24\x98\x24\x78\x1C\x98\x1C\x99\x24\x78" +
	"\x24\x98\x1C\x98\x24\x98\x24\x78\x24\x98\x24\x99\x24\x99\x2C\x99\x3C\xB9\x4C\xB9\x54\xBA\x5C\xBA\x5C\xBA\x75\x3B\x85\x7B\xAE\x3C" +
	"\xC6\xDD\xCE\xDD\xBE\x9C\x9D\xDB\x7D\x1A\x7C\xDA\x7C\xDA\x7C\xFA\x7C\xFA\x7C\xFA\x7C\xFA\x74\xDA\x74\xDA\x64\xDA\x54\xDA\x3C\xB9" +
	"\x24\xB9\x0C\xB9\x14\x99\x14\x99\x1C\x99\x1C\x99\x24\x78\x24\x78\x24\x78\x24\x78\x24\x78\x24\x78\x24\x78\x24\x78\x24\x78\x24\x78" +
	"\x24\x78\x24\x78\x24\x78\x24\x78\x24\x78\x24\x78\x24\x78\x24\x78\x14\x78\x04\x58\x04\x58\x04\x58\x04\x58\x2D\x17\x3D\x36\x45\x57" +
	"\x45\x37\x3D\x37\x3D\x57\x3D\x36\x45\x36\x45\x36\x45\x36\x45\x56\x45\x56\x45\x56\x45\x56\x45\x56\x45\x56\x45\x56\x35\x37\x0C\xD6" +
	"\x24\xF4\x2C\xF4\x2C\xF4\x2C\xF4\x2C\xF4\x2C\xF4\x2C\xF4\x2C\xF4\x2C\xF4\x2C\xF4\x2C\xF4\x2C\xF3\x2D\x14\x2C\xF4\x2C\xF3\x2D\x13" +
	"\x2C\xF3\x34\xF4\x2C\xF4\x2C\xF4\x2C\xF4\x2C\xF4\x2C\xF4\x3D\x34\x4D\x76\x4D\x76\x4D\x76\x4D\x76\x4D\x76\x4D\x76\x4D\x76\x4D\x76" +
	"\x4D\x76\x4D\x76\x4D\x76\x4D\x76\x4D\x76\x4D\x76\x4D\x76\x4D\x96\x4D\x76\x4D\x76\x4D\x76\x4D\x76\x4D\x76\x4D\x96\x4D\x76\x4D\x76" +
	"\x4D\x76\x4D\x96\x4D\x76\x4D\x96\x4D\x76\x4D\x76\x4D\x76\x4D\x76\x4D\x76\x4D\x76\x4D\x76\x4D\x76\x4D\x76\x4D\x76\x4D\x76\x4D\x76" +
	"\x4D\x76\x4D\x96\x4D\x96\x4D\x96\x4D\x96\x4D\x96\x4D\x96\x4D\x96\x4D\x96\x4D\x96\x4D\x96\x4D\x96\x4D\x96\x55\x96\x15\x18\x04\xD9" +
	"\x64\xD9\x64\xD9\x75\x1A\xA6\x1C\xC6\xDD\xC6\xFD\xAE\x5C\x8D\x9B\x85\x5A\x64\xDA\x64\xD9\x6C\xDA\x6C\xDA\x6C\xDA\x64\xFA\x64\xF9" +
	"\x64\xF9\x64\xF9\x64\xF9\x6C\xFA\x1B\x14\x64\x77\x7C\xD8\x0A\x31\x54\x98\x6C\xFA\x6C\xF9\x6C\xFA\x6C\xFA\x6C\xFA\x6C\xFA\x6C\xFA" +
	"\x6C\xFA\x6C\xFA\x6D\x1A\x3B\xD6\x0A\x72\x0A\x92\x12\xD3\x6C\xD9\x6C\xFA\x6C\xFA\x6C\xF9\x6C\xFA\x6C\xFA\x6C\xFA\x6C\xFA\x6C\xFA" +
	"\x6C\xFA\x6C\xFA\x6C\xFA\x6C\xFA\x6C\xFA\x75\x1A\x54\xD9\x0C\x17\x03\xF7\x04\x17\x0C\x38\x24\x78\x24\x78\x24\x78\x24\x78\x24\x78" +
	"\x24\x78\x24\x78\x24\x78\x24\x78\x24\x78\x24\x78\x24\x78\x24\x98\x1C\x98\x24\x98\x24\x98\x24\x98\x24\x98\x24\x98\x24\x98\x24\x98" +
	"\x24\x79\x24\x78\x24\x78\x24\x99\x2C\x99\x34\x99\x44\xB9\x4C\xB9\x54\xB9\x5C\xDA\x7D\x5B\x95\xDC\xB6\x7C\xC6\xFD\xCE\xFD\xAE\x5C" +
	"\x8D\x7B\x7C\xFA\x74\xDA\x6C\xDA\x74\xDA\x74\xDA\x74\xDA\x74\xDA\x6C\xDA\x64\xDA\x5C\xDA\x4C\xD9\x34\xB9\x24\xB9\x14\x99\x14\x99" +
	"\x14\x99\x14\x99\x14\xB9\x14\x99\x1C\x99\x1C\x99\x24\x78\x24\x78\x24\x78\x24\x78\x24\x78\x24\x78\x24\x78\x24\x78\x24\x78\x24\x78" +
	"\x24\x78\x24\x78\x24\x78\x24\x78\x24\x78\x24\x78\x24\x78\x24\x78\x24\x78\x2C\x78\x14\x78\x04\x78\x1D\x17\x45\x56\x45\x57\x3D\x37" +
	"\x45\x37\x45\x57\x3D\x36\x3D\x56\x3D\x36\x45\x36\x45\x36\x45\x36\x45\x36\x45\x56\x45\x56\x45\x56\x45\x56\x45\x57\x3D\x36\x2C\xF3" +
	"\x24\xF4\x2C\xF4\x2C\xF4\x2C\xF4\x2C\xF4\x2C\xF4\x2C\xF4\x2C\xF4\x2C\xF4\x2C\xF4\x2C\xF4\x2C\xF3\x2C\xF3\x2C\xF4\x2C\xF3\x2D\x13" +
	"\x2D\x13\x35\x13\x2C\xF4\x2C\xF4\x2C\xF4\x2C\xF4\x2C\xF4\x3D\x35\x4D\x76\x4D\x76\x4D\x76\x4D\x76\x4D\x76\x4D\x76\x4D\x76\x4D\x76" +
	"\x4D\x76\x4D\x76\x4D\x76\x4D\x76\x4D\x76\x4D\x76\x4D\x76\x4D\x76\x4D\x76\x4D\x76\x4D\x96\x4D\x96\x4D\x76\x4D\x76\x4D\x76\x4D\x96" +
	"\x4D\x96\x4D\x76\x4D\x96\x4D\x96\x4D\x76\x4D\x76\x4D\x76\x4D\x76\x4D\x76\x4D\x76\x4D\x76\x4D\x76\x4D\x76\x4D\x76\x4D\x76\x4D\x76" +
	"\x4D\x76\x4D\x96\x4D\x96\x4D\x96\x4D\x96\x4D\x96\x4D\x96\x4D\x96\x4D\x96\x4D\x96\x4D\x96\x4D\x96\x4D\x96\x4D\x96\x2D\x57\x04\xD9" +
	"\x9E\x1B\xB6\x9C\xC6\xDD\xBE\xBD\xA6\x3C\x75\x3A\x64\xD9\x64\xD9\x6C\xDA\x6C\xDA\x6C\xDA\x64\xDA\x6C\xDA\x6C\xDA\x6C\xFA\x64\xF9" +
	"\x64\xF9\x6C\xF9\x6C\xFA\x6C\xFA\x5C\x98\x23\x34\x12\xD3\x43\xF7\x6D\x1A\x6C\xF9\x6C\xF9\x6C\xF9\x6C\xFA\x6C\xFA\x6C\xFA\x6C\xF9" +
	"\x6C\xFA\x6C\xFA\x6C\xFA\x6C\xFA\x64\xD9\x5C\xB9\x6C\xFA\x6C\xFA\x6C\xFA\x6C\xFA\x6C\xFA\x6C\xFA\x6C\xFA\x6C\xFA\x6C\xFA\x6C\xFA" +
	"\x6C\xFA\x6C\xFA\x6D\x19\x6D\x1A\x5C\xF9\x2C\x78\x04\x17\x03\xF7\x04\x17\x1C\x78\x24\x78\x24\x78\x24\x78\x24\x78\x24\x78\x24\x78" +
	"\x24\x78\x24\x78\x24\x78\x24\x78\x24\x78\x24\x78\x24\x78\x24\x78\x24\x98\x24\x78\x24\x78\x24\x78\x24\x79\x24\x98\x24\x98\x24\x78" +
	"\x24\x78\x24\x99\x2C\x99\x3C\x99\x44\x99\x4C\x99\x54\xB9\x6D\x1A\x8D\xDB\xB6\xBD\xC6\xFD\xB6\x9C\xA6\x1C\x85\x7B\x75\x1B\x64\xDA" +
	"\x64\xDA\x6C\xDA\x6C\xDA\x6C\xDA\x6C\xDA\x64\xDA\x5C\xDA\x54\xDA\x44\xB9\x2C\xB9\x24\xB9\x14\x99\x14\x99\x14\x99\x14\x99\x14\x99" +
	"\x14\x99\x14\x99\x14\x99\x14\x99\x14\x99\x1C\x99\x24\x99\x24\x78\x24\x78\x24\x78\x24\x78\x24\x78\x24\x78\x24\x78\x24\x78\x1C\x78" +
	"\x24\x78\x24\x78\x24\x78\x2C\x78\x24\x78\x24\x78\x24\x78\x24\x78\x24\x78\x24\x78\x04\x58\x04\x78\x35\x37\x3D\x37\x45\x57\x45\x37" +
	"\x3D\x56\x45\x37\x45\x37\x3D\x37\x3D\x56\x45\x56\x45\x36\x45\x36\x45\x36\x45\x56\x45\x56\x45\x56\x45\x56\x45\x56\x3D\x36\x24\xF4" +
	"\x24\xF4\x24\xF4\x2C\xF4\x2C\xF4\x2C\xF4\x2C\xF4\x2C\xF4\x2C\xF4\x2C\xF4\x2C\xF4\x2C\xF4\x2C\xF4\x2C\xF4\x2C\xF4\x2C\xF3\x2D\x13" +
	"\x2C\xF3\x2D\x13\x34\xF3\x2D\x14\x2C\xF4\x2C\xF4\x2C\xF3\x3D\x55\x4D\x76\x4D\x76\x4D\x76\x4D\x76\x4D\x76\x4D\x76\x4D\x76\x4D\x76" +
	"\x4D\x76\x4D\x76\x4D\x76\x4D\x76\x45\x76\x4D\x76\x4D\x76\x4D\x76\x4D\x76\x4D\x76\x4D\x76\x4D\x76\x4D\x96\x4D\x76\x4D\x76\x4D\x76" +
	"\x45\x56\x45\x76\x4D\x76\x4D\x76\x4D\x76\x4D\x76\x4D\x76\x4D\x76\x4D\x76\x4D\x76\x4D\x76\x4D\x76\x4D\x76\x4D\x76\x4D\x76\x4D\x76" +
	"\x4D\x76\x4D\x76\x4D\x96\x4D\x96\x4D\x96\x4D\x96\x4D\x96\x4D\x96\x4D\x96\x4D\x96\x4D\x96\x4D\x96\x4D\x96\x4D\x96\x15\x18\x04\xD9" +
	"\xB6\x9C\x95\xDB\x75\x3A\x6C\xFA\x64\xB9\x64\xD9\x64\xD9\x64\xD9\x6C\xF9\x6C\xDA\x6C\xDA\x64\xFA\x64\xFA\x6C\xDA\x6C\xDA\x6C\xFA" +
	"\x64\xF9\x6C\xFA\x6C\xF9\x6C\xF9\x6C\xF9\x6C\xFA\x6D\x1A\x6C\xFA\x6C\xF9\x6C\xF9\x6C\xF9\x6C\xF9\x6C\xF9\x6C\xFA\x6C\xFA\x6C\xFA" +
	"\x6C\xF9\x6C\xFA\x6C\xFA\x6C\xFA\x6C\xFA\x6C\xFA\x6C\xFA\x6C\xFA\x6C\xFA\x6C\xFA\x6C\xFA\x6C\xFA\x6C\xFA\x6C\xFA\x6C\xFA\x6C\xFA" +
	"\x6C\xFA\x6C\xFA\x75\x1A\x44\xB9\x04\x17\x03\xF7\x03\xF7\x0C\x37\x1C\x78\x24\x78\x24\x78\x24\x78\x24\x78\x24\x78\x24\x78\x24\x78" +
	"\x24\x78\x24\x78\x24\x78\x24\x78\x24\x78\x24\x78\x24\x78\x24\x78\x24\x78\x24\x78\x24\x78\x24\x78\x24\x78\x24\x78\x24\x78\x2C\x98" +
	"\x34\x99\x3C\x99\x3C\x99\x5D\x1A\x6D\x5B\x9E\x5C\xB6\xBD\xBE\xFD\xB6\xBD\x8D\xBB\x85\x9B\x64\xDA\x5C\xBA\x64\xBA\x64\xBA\x64\xDA" +
	"\x64\xBA\x64\xDA\x5C\xDA\x54\xDA\x4C\xB9\x3C\xB9\x2C\x99\x1C\x99\x1C\x99\x14\x99\x1C\x99\x1C\x99\x1C\x99\x14\x99\x14\x99\x14\x99" +
	"\x14\x99\x14\x99\x14\x99\x14\x99\x14\x99\x14\x99\x1C\x99\x24\x78\x24\x78\x2C\x78\x24\x78\x24\x78\x1C\x78\x1C\x78\x14\x78\x04\x58" +
	"\x04\x58\x04\x58\x0C\x78\x14\x78\x24\x78\x24\x78\x24\x78\x24\x78\x1C\x78\x04\x58\x04\x78\x35\x57\x45\x57\x3D\x57\x3D\x37\x45\x57" +
	"\x45\x37\x3D\x57\x45\x57\x45\x37\x3D\x56\x3D\x57\x45\x56\x45\x36\x45\x36\x45\x36\x45\x56\x45\x56\x45\x56\x45\x57\x3D\x36\x24\xF4" +
	"\x24\xF4\x24\xF4\x2C\xF4\x2C\xF4\x2C\xF4\x2C\xF4\x2C\xF4\x2C\xF4\x2C\xF4\x2C\xF4\x2C\xF4\x2C\xF4\x2C\xF4\x2C\xF4\x2C\xF4\x2D\x13" +
	"\x2C\xF3\x2D\x13\x2D\x13\x34\xF3\x2C\xF4\x2C\xF4\x2D\x14\x45\x56\x4D\x76\x4D\x76\x4D\x76\x4D\x76\x4D\x76\x4D\x76\x4D\x76\x4D\x76" +
	"\x4D\x76\x4D\x76\x4D\x76\x4D\x76\x45\x76\x4D\x76\x4D\x76\x4D\x76\x4D\x76\x4D\x76\x4D\x76\x4D\x96\x45\x76\x3D\x55\x3D\x35\x35\x14" +
	"\x35\x14\x35\x14\x3D\x34\x3D\x34\x45\x76\x4D\x76\x4D\x76\x4D\x76\x4D\x76\x4D\x76\x4D\x76\x4D\x76\x4D\x76\x4D\x76\x4D\x76\x4D\x76" +
	"\x4D\x76\x4D\x76\x4D\x96\x4D\x96\x4D\x96\x4D\x96\x4D\x96\x4D\x96\x4D\x96\x4D\x96\x4D\x96\x4D\x96\x4D\x96\x4D\x96\x04\xF8\x04\xD9" +
	"\x6C\xFA\x64\xD9\x64\xD9\x64\xD9\x64\xD9\x64\xD9\x64\xD9\x64\xD9\x64\xD9\x6C\xFA\x6C\xDA\x6C\xDA\x64\xDA\x6C\xDA\x6C\xDA\x6C\xDA" +
	"\x6C\xFA\x64\xF9\x64\xFA\x64\xF9\x6C\xFA\x6C\xFA\x6C\xFA\x6C\xFA\x6C\xFA\x6C\xF9\x6C\xF9\x6C\xF9\x6C\xF9\x6C\xF9\x6C\xF9\x6C\xFA" +
	"\x6C\xFA\x6C\xF9\x6C\xFA\x6C\xFA\x6C\xFA\x6C\xFA\x6C\xFA\x6C\xFA\x6C\xFA\x6C\xFA\x6C\xFA\x6C\xFA\x6C\xFA\x6C\xF9\x6C\xFA\x6C\xFA" +
	"\x6C\xFA\x6C\xFA\x24\x58\x03\xF7\x03\xF7\x0C\x17\x1C\x38\x2C\x78\x24\x78\x24\x78\x24\x78\x24\x78\x24\x78\x24\x78\x24\x78\x24\x78" +
	"\x24\x78\x24\x78\x24\x78\x24\x78\x24\x78\x24\x78\x24\x78\x24\x78\x24\x78\x24\x78\x24\x78\x24\x78\x24\x78\x2C\x98\x34\x79\x34\x99" +
	"\x44\xD9\x6D\x9B\xA6\x7D\xB6\xDD\xAE\xBD\x9E\x3C\x6D\x3A\x64\xFA\x64\xFA\x5C\xBA\x5C\xBA\x5C\xBA\x5C\xBA\x5C\xDA\x5C\xBA\x5C\xDA" +
	"\x54\xB9\x44\xB9\x34\xB9\x24\x99\x1C\x99\x1C\x99\x1C\x99\x1C\x99\x1C\x99\x1C\x99\x14\x99\x14\x99\x1C\x99\x1C\x99\x14\x99\x14\x99" +
	"\x14\x99\x14\x99\x14\x99\x14\x99\x14\x99\x14\x99\x1C\x98\x24\x78\x2C\x78\x0C\x58\x04\x58\x04\x58\x04\x58\x04\x58\x04\x58\x04\x58" +
	"\x04\x58\x04\x58\x04\x58\x04\x58\x04\x58\x1C\x78\x24\x78\x1C\x78\x04\x58\x04\x78\x14\xF7\x0C\xD7\x04\x98\x25\x17\x3D\x57\x3D\x57" +
	"\x3D\x57\x45\x36\x3D\x56\x45\x57\x45\x37\x3D\x57\x3D\x57\x45\x36\x45\x36\x45\x36\x45\x36\x45\x36\x45\x56\x45\x56\x45\x56\x35\x15" +
	"\x24\xF4\x24\xF4\x2C\xF4\x2C\xF4\x2C\xF4\x2C\xF4\x2C\xF4\x2C\xF4\x2C\xF4\x2C\xF4\x2C\xF4\x2C\xF4\x2C\xF4\x2C\xF4\x2C\xF4\x2D\x13" +
	"\x2D\x13\x2D\x13\x2D\x13\x2D\x13\x35\x13\x2D\x14\x3D\x35\x4D\x76\x4D\x76\x4D\x76\x4D\x76\x4D\x76\x4D\x76\x4D\x76\x4D\x76\x4D\x76" +
	"\x4D\x76\x4D\x76\x4D\x76\x4D\x76\x4D\x76\x4D\x76\x4D\x76\x4D\x76\x4D\x76\x4D\x76\x4D\x76\x45\x75\x3D\x34\x35\x14\x35\x14\x35\x14" +
	"\x3D\x34\x3D\x34\x3D\x14\x35\x14\x35\x14\x45\x55\x4D\x96\x4D\x76\x4D\x76\x4D\x76\x4D\x76\x4D\x76\x4D\x76\x4D\x76\x4D\x76\x4D\x76" +
	"\x4D\x76\x4D\x76\x4D\x96\x4D\x96\x4D\x96\x4D\x96\x4D\x96\x4D\x96\x4D\x96\x4D\x96\x4D\x96\x4D\x96\x4D\x96\x45\x76\x04\xD8\x15\x19" +
	"\x64\xD9\x64\xD9\x64\xD9\x64\xD9\x64\xD9\x64\xD9\x64\xD9\x64\xD9\x64\xD9\x64\xD9\x6C\xFA\x6C\xDA\x6C\xDA\x64\xDA\x6C\xDA\x6C\xDA" +
	"\x6C\xDA\x64\xFA\x64\xF9\x6C\xF9\x6C\xFA\x6C\xFA\x6C\xFA\x6C\xFA\x6C\xFA\x6C\xFA\x6C\xF9\x6C\xF9\x6C\xF9\x6C\xF9\x6C\xF9\x6C\xFA" +
	"\x6C\xFA\x6C\xFA\x6C\xFA\x6C\xFA\x6C\xFA\x6C\xFA\x6C\xFA\x6C\xFA\x6C\xFA\x6C\xFA\x6C\xFA\x6C\xFA\x6C\xFA\x6C\xF9\x6C\xFA\x64\xF9" +
	"\x34\x98\x04\x17\x03\xF7\x03\xF7\x0C\x37\x2C\x78\x2C\x78\x2C\x78\x2C\x78\x24\x78\x24\x78\x2C\x78\x24\x78\x2C\x78\x24\x78\x2C\x78" +
	"\x24\x78\x24\x78\x24\x78\x24\x78\x24\x78\x24\x78\x24\x78\x24\x98\x24\x78\x24\x78\x2C\x78\x2C\x78\x2C\x79\x44\xD9\x6D\x9B\x96\x5C" +
	"\xB6\xDD\xAE\xBD\x8D\xFC\x65\x3A\x54\xDA\x54\xB9\x54\xB9\x54\xB9\x54\xBA\x54\xBA\x5C\xBA\x54\xB9\x54\xBA\x4C\xB9\x3C\xB9\x34\x99" +
	"\x24\x99\x1C\x99\x1C\x98\x1C\x99\x1C\x99\x1C\x99\x1C\x99\x1C\x99\x1C\x99\x1C\x99\x1C\x99\x14\x99\x14\x99\x1C\x99\x1C\x99\x14\x99" +
	"\x14\x99\x14\x99\x14\x99\x14\x99\x14\x99\x0C\x78\x0C\x78\x0C\x58\x0C\x58\x04\x58\x04\x58\x04\x57\x04\x57\x04\x76\x04\x58\x0C\x93" +
	"\x1C\xD0\x14\xB1\x04\xB4\x04\x76\x04\x58\x04\x58\x04\x58\x04\x58\x04\x58\x04\xB4\x04\x78\x04\x58\x04\x58\x0C\xB8\x3D\x57\x3D\x57" +
	"\x3D\x37\x45\x57\x45\x57\x3D\x57\x45\x57\x3D\x37\x3D\x56\x3D\x36\x45\x36\x45\x36\x45\x36\x45\x36\x45\x56\x45\x56\x45\x56\x45\x57" +
	"\x35\x15\x24\xF4\x24\xF4\x24\xF4\x2C\xF4\x2C\xF4\x2C\xF4\x2C\xF4\x2C\xF4\x2C\xF4\x2C\xF4\x2C\xF4\x2C\xF4\x2C\xF4\x2C\xF4\x2C\xF3" +
	"\x2D\x13\x2C\xF3\x2D\x13\x2D\x13\x2C\xF3\x34\xF3\x45\x56\x4D\x76\x4D\x76\x4D\x76\x4D\x76\x4D\x76\x4D\x76\x4D\x76\x4D\x76\x4D\x76" +
	"\x4D\x76\x4D\x76\x4D\x76\x4D\x76\x4D\x76\x4D\x76\x4D\x76\x4D\x76\x45\x56\x45\x76\x45\x55\x35\x14\x3D\x14\x3D\x14\x3D\x14\x3D\x14" +
	"\x3D\x14\x3D\x34\x3D\x34\x3D\x34\x35\x14\x3D\x34\x4D\x76\x4D\x76\x4D\x96\x4D\x76\x4D\x76\x4D\x76\x4D\x76\x4D\x76\x4D\x76\x4D\x76" +
	"\x4D\x76\x4D\x76\x4D\x76\x4D\x96\x4D\x96\x4D\x96\x4D\x96\x4D\x96\x4D\x96\x4D\x96\x4D\x96\x4D\x96\x4D\x96\x45\x96\x04\xD8\x14\xF8" +
	"\x64\xD9\x64\xD9\x64\xD9\x64\xD9\x64\xD9\x64\xD9\x64\xD9\x64\xD9\x64\xD9\x64\xD9\x64\xD9\x6C\xDA\x6C\xDA\x6C\xDA\x64\xDA\x6C\xDA" +
	"\x6C\xDA\x6C\xDA\x64\xF9\x64\xF9\x64\xFA\x64\xFA\x64\xFA\x6C\xFA\x6C\xFA\x6C\xFA\x6C\xFA\x6C\xF9\x6C\xF9\x6C\xF9\x6C\xF9\x6C\xF9" +
	"\x6C\xFA\x6C\xFA\x6C\xFA\x6C\xF9\x6C\xFA\x6C\xFA\x6C\xFA\x6C\xFA\x6C\xFA\x74\xFA\x6C\xFA\x64\xF9\x6C\xFA\x5C\xD9\x2C\x98\x0C\x17" +
	"\x03\xF7\x03\xF7\x03\xF7\x1C\x58\x2C\x78\x2C\x78\x2C\x78\x2C\x78\x2C\x78\x2C\x78\x24\x78\x2C\x78\x24\x78\x2C\x78\x2C\x78\x2C\x78" +
	"\x2C\x78\x24\x78\x24\x78\x24\x78\x24\x78\x24\x78\x24\x78\x24\x78\x24\x58\x2C\x78\x44\xFA\x65\x7B\x8E\x3C\xAE\xDD\xA6\xBD\x8E\x1C" +
	"\x65\x3A\x4C\xB9\x4C\x99\x4C\x99\x54\x99\x54\xB9\x54\xB9\x54\xB9\x54\xB9\x4C\xB9\x44\xB9\x3C\x99\x2C\x99\x24\x99\x1C\x99\x24\x99" +
	"\x24\x99\x24\x99\x1C\x99\x1C\x99\x1C\x99\x1C\x99\x1C\x99\x1C\x99\x1C\x99\x1C\x99\x1C\x99\x1C\x98\x1C\x99\x1C\x99\x1C\x99\x1C\x99" +
	"\x1C\x99\x1C\x99\x1C\xB9\x14\x78\x04\x58\x04\x38\x04\x38\x04\x58\x04\x38\x04\x38\x04\x74\x14\xD0\x1C\xCF\x1C\xCF\x1C\xCF\x1C\xCF" +
	"\x1C\xCF\x24\xCF\x24\xCF\x1C\xCF\x04\x94\x04\x77\x04\x57\x04\x95\x14\xD0\x1C\xCF\x04\x95\x04\x76\x04\x58\x04\x58\x1C\xF7\x45\x57" +
	"\x3D\x37\x3D\x36\x45\x37\x45\x57\x3D\x57\x45\x37\x45\x37\x3D\x36\x3D\x57\x45\x36\x45\x36\x45\x36\x45\x56\x45\x56\x45\x56\x45\x56" +
	"\x45\x57\x3D\x36\x35\x35\x24\xF4\x24\xF4\x2C\xF4\x2C\xF4\x2C\xF4\x2C\xF4\x2C\xF4\x2C\xF4\x2C\xF4\x2C\xF4\x2C\xF4\x2C\xF4\x2C\xF4" +
	"\x2C\xF4\x2D\x13\x2C\xF3\x2C\xF3\x2D\x13\x34\xF3\x45\x56\x4D\x76\x4D\x76\x4D\x76\x4D\x76\x4D\x76\x4D\x76\x4D\x76\x4D\x76\x4D\x76" +
	"\x4D\x76\x4D\x77\x4D\x76\x4D\x76\x4D\x76\x4D\x76\x45\x55\x35\x34\x35\x14\x35\x14\x35\x14\x35\x14\x35\x14\x35\x14\x3D\x14\x3D\x14" +
	"\x3D\x14\x35\x13\x35\x14\x3D\x14\x35\x14\x3D\x35\x4D\x76\x4D\x76\x4D\x76\x4D\x76\x4D\x76\x4D\x76\x4D\x76\x4D\x76\x4D\x76\x4D\x76" +
	"\x4D\x76\x4D\x76\x4D\x76\x4D\x96\x4D\x96\x4D\x96\x4D\x96\x4D\x96\x4D\x96\x4D\x96\x4D\x96\x4D\x96\x4D\x96\x45\x96\x04\xF8\x14\xF8" +
	"\x64\xD9\x64\xD9\x64\xD9\x64\xD9\x64\xD9\x64\xD9\x64\xD9\x64\xD9\x64\xD9\x64\xD9\x64\xD9\x64\xF9\x6C\xDA\x6C\xDA\x6C\xDA\x64\xDA" +
	"\x6C\xDA\x6C\xDA\x6C\xDA\x64\xFA\x64\xFA\x6C\xFA\x6C\xF9\x64\xFA\x6C\xFA\x6C\xFA\x6C\xFA\x6C\xFA\x6C\xF9\x6C\xF9\x6C\xF9\x6C\xF9" +
	"\x6C\xF9\x6C\xFA\x6C\xFA\x6C\xFA\x6C\xFA\x6C\xFA\x5C\xD9\x5C\xF9\x4C\xD9\x2C\x78\x14\x17\x0B\xF7\x0C\x17\x03\xF7\x03\xD7\x03\xF7" +
	"\x03\xF7\x14\x38\x2C\x58\x2C\x78\x2C\x78\x2C\x78\x2C\x78\x2C\x78\x2C\x78\x2C\x58\x2C\x78\x24\x78\x24\x78\x24\x78\x24\x78\x24\x78" +
	"\x24\x78\x2C\x78\x2C\x78\x24\x78\x24\x78\x24\x58\x2C\x78\x44\xFA\x65\xBB\x8E\x5C\xA6\xBD\x8E\x5C\x7D\xFC\x65\x5A\x44\xB9\x3C\x99" +
	"\x44\x99\x4C\x99\x4C\x99\x4C\x99\x4C\x99\x4C\x99\x44\xB9\x44\x99\x34\x99\x2C\x99\x24\x99\x1C\x98\x24\x98\x24\x99\x1C\x99\x1C\x99" +
	"\x24\x99\x24\x99\x24\x99\x1C\x99\x1C\x99\x1C\x99\x1C\x99\x1C\x99\x1C\x99\x1C\x99\x1C\x99\x1C\x99\x1C\x98\x1C\x99\x1C\x99\x14\x98" +
	"\x04\x58\x0C\x78\x04\x58\x04\x38\x04\x38\x04\x57\x04\x76\x04\x76\x04\x75\x0C\x93\x1C\xCF\x24\xCF\x1C\xCF\x1C\xCF\x1C\xCF\x1C\xCF" +
	"\x1C\xCF\x1C\xCF\x24\xCF\x24\xCF\x1C\xCF\x1C\xCF\x1C\xCF\x1C\xCF\x1C\xCF\x1C\xCF\x24\xCF\x24\xEE\x04\xB5\x04\x58\x04\x98\x3D\x57" +
	"\x3D\x57\x3D\x57\x3D\x57\x45\x57\x3D\x56\x3D\x57\x45\x37\x3D\x37\x3D\x36\x3D\x56\x45\x36\x45\x36\x45\x36\x45\x36\x45\x56\x45\x56" +
	"\x45\x56\x45\x56\x45\x56\x3D\x36\x35\x15\x2C\xF4\x2C\xF4\x2C\xF4\x2C\xF4\x2C\xF4\x2C\xF4\x2C\xF4\x2C\xF4\x2C\xF4\x2C\xF4\x2C\xF4" +
	"\x2C\xF4\x2C\xF4\x2D\x13\x24\xF4\x14\xF5\x14\xF6\x45\x56\x4D\x76\x4D\x76\x4D\x76\x4D\x76\x4D\x76\x4D\x76\x4D\x76\x4D\x76\x4D\x76" +
	"\x4D\x76\x4D\x77\x4D\x77\x45\x56\x3D\x34\x35\x14\x35\x14\x35\x14\x35\x14\x35\x14\x35\x14\x35\x14\x35\x14\x3D\x14\x3D\x14\x3D\x14" +
	"\x3D\x14\x35\x14\x35\x14\x3D\x14\x35\x14\x3D\x55\x4D\x76\x4D\x96\x4D\x76\x4D\x96\x4D\x76\x4D\x76\x4D\x76\x4D\x76\x4D\x76\x4D\x76" +
	"\x4D\x76\x4D\x76\x4D\x76\x4D\x96\x4D\x96\x4D\x96\x4D\x96\x4D\x96\x4D\x96\x4D\x96\x4D\x96\x4D\x96\x4D\x96\x0D\x18\x04\xD9\x2D\x39" +
	"\x5C\xD9\x64\xD9\x64\xD9\x64\xD9\x64\xD9\x64\xD9\x64\xD9\x64\xD9\x64\xD9\x64\xD9\x64\xD9\x64\xD9\x6C\xDA\x6C\xDA\x6C\xDA\x64\xDA" +
	"\x64\xDA\x6C\xDA\x6C\xDA\x6C\xDA\x64\xFA\x64\xFA\x6C\xF9\x64\xFA\x6C\xFA\x6C\xFA\x6C\xFA\x6C\xFA\x6C\xFA\x6C\xF9\x6C\xF9\x6C\xF9" +
	"\x6C\xFA\x6C\xFA\x64\xF9\x34\x78\x1C\x38\x24\x58\x03\xF7\x03\xF7\x03\xF7\x03\xD6\x03\xD6\x03\xD6\x03\xF7\x03\xF7\x03\xF7\x14\x37" +
	"\x1C\x38\x2C\x78\x2C\x58\x2C\x58\x2C\x78\x2C\x78\x2C\x58\x2C\x78\x2C\x78\x2C\x78\x2C\x58\x2C\x78\x24\x78\x24\x78\x24\x78\x24\x78" +
	"\x24\x78\x24\x78\x24\x58\x24\x78\x34\xB9\x55\x5B\x86\x3C\xA6\xDD\x9E\x9D\x7D\xFC\x4C\xFA\x34\x78\x3C\x79\x3C\x99\x44\x99\x44\x99" +
	"\x44\x99\x44\x99\x44\xB9\x44\x99\x3C\x99\x34\x99\x2C\x99\x24\x98\x1C\x98\x1C\x99\x1C\x99\x1C\x99\x1C\x98\x1C\x98\x24\x99\x1C\x99" +
	"\x1C\x99\x1C\x99\x24\x99\x24\x99\x24\x99\x1C\x99\x24\x99\x1C\x99\x1C\x99\x1C\x99\x1C\x99\x1C\x99\x1C\x99\x14\x98\x04\x58\x04\x37" +
	"\x04\x38\x04\x38\x04\x38\x04\x38\x04\x75\x1C\xCF\x1C\xCE\x1C\xCE\x1C\xCE\x1C\xCE\x1C\xCF\x1C\xCF\x1C\xCF\x1C\xCF\x1C\xCF\x1C\xCF" +
	"\x1C\xCF\x1C\xCF\x1C\xCE\x1C\xCF\x24\xCF\x1C\xCF\x1C\xCF\x1C\xCF\x1C\xCF\x1C\xCF\x1C\xCF\x24\xCF\x1C\xCF\x04\x77\x04\x58\x25\x17" +
	"\x45\x57\x3D\x37\x3D\x57\x3D\x57\x45\x36\x45\x37\x3D\x37\x45\x37\x3D\x36\x3D\x56\x3D\x56\x45\x56\x45\x36\x45\x36\x45\x56\x45\x56" +
	"\x45\x57\x45\x56\x45\x57\x45\x57\x45\x57\x45\x56\x35\x15\x2C\xF4\x2C\xF4\x2C\xF4\x2C\xF4\x2C\xF4\x2C\xF4\x2C\xF4\x2C\xF4\x2C\xF4" +
	"\x2C\xF4\x2C\xF4\x14\xF5\x04\xB8\x04\x98\x04\x98\x04\xB8\x35\x37\x4D\x76\x4D\x76\x25\x37\x14\xF8\x04\xB8\x04\xD8\x15\x17\x1D\x37" +
	"\x35\x57\x3D\x56\x3D\x34\x35\x14\x35\x14\x35\x14\x35\x14\x35\x14\x35\x13\x35\x13\x35\x13\x35\x14\x35\x14\x3D\x14\x3D\x14\x3D\x14" +
	"\x3D\x14\x3D\x14\x3D\x14\x3D\x14\x3D\x14\x45\x76\x4D\x96\x4D\x76\x4D\x76\x4D\x96\x4D\x96\x4D\x76\x4D\x76\x4D\x76\x4D\x76\x4D\x76" +
	"\x4D\x76\x4D\x76\x4D\x76\x4D\x76\x4D\x96\x4D\x96\x4D\x96\x4D\x96\x4D\x96\x4D\x96\x3D\x96\x25\x57\x04\xF8\x04\xD9\x0C\xF9\x75\x98" +
	"\x13\xF7\x44\x78\x6C\xFA\x64\xD9\x64\xD9\x64\xD9\x64\xD9\x64\xD9\x64\xD9\x64\xD9\x64\xD9\x64\xD9\x64\xD9\x6C\xDA\x6C\xDA\x6C\xDA" +
	"\x64\xDA\x64\xFA\x6C\xDA\x6C\xDA\x6C\xDA\x64\xFA\x64\xFA\x64\xF9\x64\xFA\x64\xFA\x6C\xFA\x6C\xFA\x6C\xFA\x6C\xFA\x6C\xFA\x64\xF9" +
	"\x3C\x98\x14\x17\x03\xF7\x03\xD6\x03\xD6\x03\xD6\x03\xD7\x03\xF7\x0B\xF7\x14\x17\x14\x17\x24\x38\x1C\x38\x24\x58\x2C\x58\x2C\x78" +
	"\x2C\x58\x2C\x58\x2C\x58\x2C\x58\x2C\x58\x2C\x58\x2C\x78\x2C\x78\x2C\x78\x2C\x78\x2C\x78\x2C\x78\x2C\x78\x2C\x78\x2C\x78\x2C\x58" +
	"\x2C\x58\x34\x99\x55\x7B\x7E\x3C\x9E\xBD\x96\x9D\x7E\x1C\x44\xFA\x3C\x99\x34\x78\x34\x99\x3C\x99\x3C\x99\x3C\x99\x3C\x99\x3C\x99" +
	"\x3C\x99\x34\x99\x34\x99\x2C\x99\x24\x98\x24\x98\x24\x98\x24\x98\x24\x98\x1C\x98\x1C\x99\x1C\x98\x1C\x98\x1C\x98\x1C\x98\x24\x98" +
	"\x1C\x99\x1C\x99\x1C\x99\x24\x99\x24\x99\x24\x99\x24\x99\x1C\x99\x1C\x99\x1C\x99\x14\x78\x0C\x58\x04\x58\x04\x38\x04\x37\x04\x37" +
	"\x04\xB2\x04\x94\x04\x74\x04\x93\x14\xB0\x1C\xCF\x1C\xCF\x1C\xCF\x1C\xCF\x1C\xCF\x1C\xCF\x1C\xCF\x1C\xCF\x1C\xCF\x1C\xCF\x1C\xCF" +
	"\x1C\xCF\x1C\xCF\x1C\xCF\x1C\xCE\x1C\xCF\x24\xCF\x1C\xCF\x1C\xCF\x1C\xCF\x1C\xCF\x1C\xCF\x1C\xCF\x24\xCF\x0C\x95\x04\x58\x1C\xF7" +
	"\x45\x57\x3D\x37\x3D\x37\x3D\x36\x3D\x57\x45\x37\x3D\x57\x45\x37\x45\x57\x3D\x36\x3D\x57\x3D\x36\x45\x36\x45\x36\x45\x36\x45\x56" +
	"\x45\x56\x45\x56\x45\x56\x45\x56\x45\x56\x45\x56\x45\x56\x3D\x36\x3D\x35\x35\x14\x2C\xF4\x24\xF4\x2C\xF4\x2C\xF4\x2C\xF4\x2C\xF4" +
	"\x2D\x13\x1C\xF4\x04\x98\x04\xB8\x04\xD7\x04\xB7\x04\x98\x04\x98\x0C\xD8\x14\xF7\x04\xB8\x04\x98\x04\xB8\x04\xB8\x04\xB8\x04\xB8" +
	"\x04\xB8\x04\xB8\x0C\xD7\x25\x14\x35\x14\x35\x14\x35\x14\x35\x14\x35\x14\x35\x14\x35\x14\x35\x14\x35\x14\x3D\x14\x3D\x14\x3D\x14" +
	"\x3D\x14\x3D\x14\x3D\x14\x35\x14\x45\x55\x4D\x96\x4D\x96\x4D\x76\x4D\x76\x4D\x76\x4D\x76\x4D\x76\x4D\x76\x4D\x76\x4D\x76\x4D\x76" +
	"\x4D\x76\x4D\x76\x4D\x76\x4D\x76\x4D\x96\x4D\x96\x45\x76\x3D\x76\x25\x37\x15\x18\x04\xD9\x04\xD9\x04\xD8\x14\xF9\x6D\x99\x7D\xB8" +
	"\x0B\xB6\x0B\xB6\x2C\x37\x54\xB9\x6C\xDA\x64\xD9\x64\xD9\x64\xD9\x64\xD9\x64\xD9\x64\xD9\x64\xD9\x64\xD9\x64\xD9\x6C\xF9\x6C\xDA" +
	"\x6C\xDA\x64\xDA\x64\xFA\x6C\xDA\x6C\xDA\x6C\xDA\x64\xF9\x6C\xFA\x6C\xF9\x6C\xFA\x6C\xFA\x6C\xFA\x6C\xFA\x44\x99\x1C\x17\x0B\xF7" +
	"\x03\xD6\x03\xD6\x03\xD7\x03\xF7\x0B\xF7\x14\x17\x24\x38\x2C\x58\x34\x58\x34\x58\x34\x58\x34\x58\x34\x58\x34\x58\x2C\x58\x2C\x58" +
	"\x2C\x58\x2C\x58\x2C\x58\x2C\x58\x2C\x58\x2C\x58\x2C\x58\x2C\x78\x2C\x78\x2C\x78\x2C\x78\x2C\x78\x2C\x58\x2C\x58\x34\x99\x55\x5A" +
	"\x7E\x3C\x96\x9D\x8E\x7D\x75\xFC\x44\xF9\x34\x99\x2C\x78\x34\x78\x34\x79\x34\x78\x34\x79\x34\x99\x3C\x99\x3C\x98\x34\x79\x34\x79" +
	"\x34\x78\x2C\x78\x24\x78\x24\x78\x24\x98\x24\x98\x24\x98\x24\x98\x24\x99\x24\x99\x1C\x99\x1C\x98\x1C\x99\x1C\x99\x1C\x99\x1C\x99" +
	"\x24\x99\x24\x98\x1C\x98\x1C\x99\x24\x98\x24\x99\x24\x99\x1C\x99\x1C\x99\x04\x37\x04\x17\x04\x37\x04\x38\x04\x38\x04\x38\x0C\x92" +
	"\x1C\xCE\x1C\xCF\x1C\xCF\x1C\xCF\x1C\xCF\x14\xCF\x1C\xCF\x1C\xCF\x1C\xCF\x1C\xCF\x1C\xCF\x1C\xCF\x1C\xCF\x1C\xCF\x1C\xCF\x24\xCF" +
	"\x1C\xCF\x1C\xCF\x1C\xCF\x1C\xCF\x1C\xCE\x24\xCF\x24\xCF\x1C\xCF\x1C\xCF\x1C\xCF\x1C\xCF\x1C\xCF\x24\xCF\x04\x95\x04\x58\x1D\x17" +
	"\x3D\x57\x3D\x37\x3D\x57\x3D\x36\x3D\x37\x3D\x57\x45\x36\x3D\x36\x45\x37\x45\x37\x3D\x57\x3D\x57\x45\x56\x45\x36\x45\x36\x45\x36" +
	"\x45\x56\x45\x56\x45\x56\x45\x56\x45\x56\x45\x56\x45\x56\x45\x56\x45\x57\x4D\x56\x3D\x35\x35\x15\x35\x15\x35\x15\x35\x15\x2D\x14" +
	"\x2D\x14\x14\xD6\x04\x98\x14\xD5\x2C\xF3\x25\x13\x1C\xF5\x04\xB8\x04\x98\x04\x98\x04\xB8\x0C\xD6\x14\xD6\x1D\x15\x04\xD7\x04\xB8" +
	"\x04\xB8\x04\xB8\x04\xB8\x04\xB8\x04\xD8\x04\xD7\x2D\x14\x35\x14\x3D\x14\x35\x14\x3D\x14\x3D\x14\x3D\x14\x35\x13\x3D\x13\x3D\x14" +
	"\x3D\x14\x35\x14\x35\x14\x3D\x34\x4D\x76\x4D\x96\x4D\x76\x4D\x76\x4D\x76\x4D\x76\x4D\x76\x4D\x96\x4D\x96\x4D\x96\x4D\x76\x4D\x76" +
	"\x4D\x76\x55\x76\x55\x96\x2D\x57\x2D\x57\x15\x18\x04\xF8\x04\xD8\x04\xD9\x04\xB9\x0C\xF9\x25\x39\x0C\xF9\x7D\x98\x7D\xB8\x7D\xB8" +
	"\x1B\xD7\x0B\xB6\x0B\xB6\x13\xD7\x4C\x99\x5C\xD9\x6C\xFA\x64\xD9\x64\xD9\x64\xD9\x64\xD9\x64\xD9\x64\xD9\x64\xD9\x64\xF9\x6C\xDA" +
	"\x6C\xDA\x6C\xDA\x64\xDA\x64\xDA\x6C\xDA\x6C\xFA\x6C\xFA\x64\xF9\x64\xF9\x6C\xF9\x6C\xFA\x64\xF9\x2C\x58\x03\xD7\x03\xD6\x03\xD7" +
	"\x0B\xF7\x1C\x38\x24\x38\x34\x58\x34\x58\x34\x58\x34\x58\x34\x58\x34\x58\x34\x58\x34\x58\x34\x58\x34\x58\x34\x58\x34\x58\x2C\x58" +
	"\x2C\x58\x2C\x58\x2C\x58\x2C\x58\x2C\x58\x2C\x58\x2C\x58\x2C\x58\x2C\x78\x2C\x78\x2C\x58\x2C\x78\x45\x1A\x7E\x3C\x96\x9D\x96\x9D" +
	"\x76\x1C\x55\x5B\x2C\x78\x2C\x58\x2C\x78\x2C\x78\x34\x78\x34\x78\x34\x78\x34\x78\x34\x78\x34\x78\x34\x99\x34\x99\x2C\x79\x2C\x78" +
	"\x24\x78\x24\x78\x24\x78\x24\x78\x24\x78\x24\x98\x24\x98\x24\x98\x24\x99\x24\x99\x24\x99\x1C\x99\x1C\x98\x1C\x99\x1C\x98\x1C\x99" +
	"\x1C\x99\x24\x98\x24\x98\x1C\x99\x1C\x99\x24\x99\x14\x78\x04\x38\x04\x37\x04\x17\x04\x37\x04\x55\x0C\x92\x04\x93\x04\x93\x1C\xAF" +
	"\x1C\xAF\x1C\xAF\x14\xCF\x14\xCF\x1C\xCF\x1C\xCF\x14\xCF\x1C\xAF\x1C\xAF\x1C\xCF\x1C\xCF\x1C\xCF\x1C\xCE\x1C\xCF\x1C\xCF\x14\xB1" +
	"\x0C\x92\x14\xD0\x1C\xCF\x1C\xCF\x1C\xCF\x1C\xCE\x24\xCF\x1C\xCF\x0C\xB2\x14\xD0\x14\xD0\x1C\xD0\x0C\xD2\x04\x78\x04\x58\x1D\x17" +
	"\x3D\x57\x3D\x37\x3D\x57\x3D\x57\x3D\x36\x3D\x57\x45\x37\x45\x56\x3D\x36\x45\x37\x45\x37\x3D\x37\x3D\x57\x45\x36\x45\x36\x45\x36" +
	"\x45\x36\x45\x56\x45\x56\x45\x56\x45\x57\x45\x56\x45\x56\x45\x56\x45\x56\x45\x56\x4D\x57\x45\x56\x45\x56\x45\x56\x45\x57\x4D\x57" +
	"\x45\x56\x2D\x36\x0C\xB7\x1C\xF5\x2C\xF4\x2C\xF4\x2D\x13\x25\x14\x0C\xD6\x14\xF5\x24\xF4\x35\x13\x35\x13\x35\x13\x35\x13\x2D\x14" +
	"\x2D\x14\x1C\xF5\x14\xF6\x04\xD8\x04\xB8\x04\xD8\x25\x14\x35\x14\x35\x14\x35\x13\x35\x13\x35\x13\x35\x13\x35\x13\x3D\x13\x35\x13" +
	"\x3D\x14\x3D\x14\x3D\x34\x4D\x76\x4D\x76\x4D\x76\x4D\x76\x4D\x76\x4D\x76\x4D\x76\x4D\x76\x4D\x76\x4D\x76\x4D\x76\x4D\x76\x55\x76" +
	"\x4D\x76\x1D\x37\x0D\x18\x04\xD9\x04\xB9\x04\xB9\x04\xD9\x2D\x59\x2D\x59\x6D\xD9\xC6\x58\x35\x59\x04\xD8\x6D\x98\x7D\xB8\x7D\xB8" +
	"\x34\x38\x2C\x38\x0B\xB6\x13\xB6\x0B\xB6\x13\xD7\x24\x17\x54\xB9\x64\xDA\x64\xD9\x64\xD9\x64\xD9\x64\xD9\x64\xD9\x64\xD9\x64\xD9" +
	"\x6C\xDA\x6C\xDA\x6C\xDA\x64\xDA\x64\xDA\x6C\xDA\x6C\xDA\x64\xDA\x64\xF9\x64\xF9\x44\x99\x0B\xF7\x03\xD7\x03\xD6\x0B\xF7\x24\x38" +
	"\x34\x58\x34\x58\x34\x58\x34\x58\x2C\x58\x34\x58\x34\x58\x34\x58\x34\x58\x34\x58\x34\x58\x34\x58\x34\x58\x34\x58\x34\x58\x34\x58" +
	"\x34\x58\x2C\x58\x2C\x58\x2C\x58\x2C\x58\x2C\x58\x2C\x58\x2C\x58\x2C\x58\x34\x99\x5D\x9B\x86\x5D\x96\xBD\x75\xFC\x3C\xF9\x2C\x78" +
	"\x2C\x58\x2C\x58\x2C\x78\x2C\x78\x2C\x78\x2C\x78\x2C\x78\x34\x78\x34\x78\x34\x78\x2C\x78\x2C\x78\x2C\x78\x24\x78\x24\x78\x24\x78" +
	"\x24\x78\x24\x78\x24\x98\x24\x78\x24\x78\x24\x98\x24\x98\x24\x99\x24\x99\x24\x99\x24\x99\x24\x98\x24\x98\x1C\x99\x1C\x99\x1C\x99" +
	"\x1C\x99\x1C\x99\x24\x98\x24\x98\x24\x99\x0C\x78\x04\x17\x04\x17\x04\x17\x04\x17\x04\x37\x14\xAF\x14\xAF\x14\xAF\x14\xAF\x14\xAF" +
	"\x14\xAF\x1C\xAF\x1C\xAF\x1C\xCF\x14\xCF\x1C\xCF\x1C\xCF\x1C\xCF\x1C\xCF\x1C\xCF\x1C\xCF\x14\xD0\x14\xB1\x14\xD0\x04\x75\x04\x58" +
	"\x04\x38\x04\x58\x04\x77\x04\x94\x04\x57\x04\x75\x04\x94\x04\x57\x04\x58\x04\x58\x04\x58\x04\x58\x04\x58\x04\x58\x04\x78\x2D\x37" +
	"\x3D\x37\x3D\x37\x3D\x36\x3D\x57\x3D\x36\x3D\x37\x3D\x57\x45\x37\x45\x57\x3D\x57\x45\x57\x45\x37\x3D\x56\x3D\x56\x45\x56\x45\x36" +
	"\x45\x36\x45\x36\x45\x36\x45\x56\x45\x56\x45\x56\x45\x56\x45\x56\x45\x56\x45\x56\x45\x56\x4D\x56\x45\x56\x45\x56\x45\x56\x45\x56" +
	"\x4D\x57\x4D\x56\x3D\x35\x2D\x14\x2D\x13\x2C\xF3\x2D\x13\x2C\xF3\x34\xF3\x35\x13\x35\x13\x35\x13\x35\x13\x35\x13\x35\x13\x35\x13" +
	"\x35\x13\x35\x13\x35\x13\x35\x14\x2D\x14\x35\x14\x35\x14\x35\x14\x35\x14\x35\x14\x35\x13\x35\x13\x35\x13\x35\x13\x3D\x13\x35\x13" +
	"\x35\x13\x3D\x34\x4D\x76\x4D\x76\x4D\x76\x4D\x76\x4D\x76\x4D\x76\x4D\x76\x4D\x76\x4D\x76\x4D\x76\x4D\x76\x55\x96\x35\x76\x25\x37" +
	"\x04\xF8\x04\xB8\x04\xB8\x0C\xF9\x55\xB9\x85\xF8\x8D\xF9\xC6\x58\xC6\x58\xCE\x58\x6D\xD9\x04\xB9\x35\x38\x85\xB8\x7D\xB8\x7D\xB8" +
	"\x34\x38\x34\x38\x2C\x18\x23\xF7\x13\xD7\x13\xB6\x0B\xB6\x0B\xB6\x13\xD7\x44\x78\x64\xD9\x64\xD9\x64\xD9\x64\xD9\x64\xD9\x64\xD9" +
	"\x6C\xF9\x6C\xDA\x6C\xDA\x6C\xDA\x64\xDA\x64\xDA\x6C\xFA\x6C\xFA\x5C\xD9\x14\x17\x03\xD6\x03\xD6\x03\xD7\x24\x17\x34\x58\x34\x58" +
	"\x34\x58\x34\x58\x34\x58\x34\x58\x34\x58\x34\x58\x34\x58\x34\x58\x34\x58\x34\x58\x34\x58\x34\x58\x34\x58\x34\x58\x34\x58\x34\x58" +
	"\x34\x58\x34\x58\x2C\x58\x2C\x58\x34\x58\x2C\x58\x34\x78\x34\xB9\x7E\x3C\x96\x9D\x86\x3C\x5D\x5B\x3C\xD9\x2C\x58\x2C\x58\x2C\x78" +
	"\x2C\x78\x2C\x58\x2C\x78\x2C\x78\x2C\x78\x2C\x78\x2C\x78\x2C\x78\x2C\x78\x2C\x78\x2C\x78\x24\x78\x24\x78\x24\x78\x24\x98\x24\x78" +
	"\x24\x78\x24\x78\x24\x78\x24\x78\x24\x78\x24\x78\x24\x78\x24\x99\x24\x99\x24\x99\x24\x99\x24\x98\x24\x99\x24\x98\x1C\x99\x1C\x99" +
	"\x1C\x98\x1C\x99\x1C\x99\x14\x78\x0C\x58\x04\x38\x04\x17\x04\x37\x04\x73\x04\x38\x04\x56\x1C\xAF\x1C\xAF\x14\xAF\x0C\xAF\x14\xAF" +
	"\x14\xAF\x14\xAF\x1C\xAF\x1C\xAF\x1C\xCF\x14\xCF\x1C\xCF\x1C\xCF\x1C\xCF\x14\xB0\x04\x56\x04\x37\x04\x38\x04\x57\x04\x38\x04\x58" +
	"\x04\x58\x04\x38\x04\x38\x04\x38\x04\x38\x04\x38\x04\x38\x04\x58\x04\x78\x04\x58\x04\x58\x04\x58\x04\x78\x04\x78\x25\x17\x3D\x37" +
	"\x3D\x37\x3D\x37\x3D\x37\x3D\x57\x3D\x57\x3D\x37\x3D\x37\x3D\x57\x3D\x37\x3D\x37\x3D\x57\x45\x37\x3D\x37\x3D\x57\x3D\x37\x45\x56" +
	"\x45\x36\x45\x36\x45\x56\x45\x56\x45\x56\x45\x56\x45\x56\x45\x56\x45\x56\x45\x56\x45\x56\x4D\x57\x45\x56\x45\x56\x45\x56\x45\x56" +
	"\x45\x56\x4D\x56\x4D\x57\x45\x56\x2D\x14\x2D\x13\x34\xF3\x2C\xF3\x2C\xF3\x2C\xF3\x2C\xF3\x2C\xF3\x34\xF3\x35\x14\x45\x55\x45\x56" +
	"\x4D\x76\x45\x76\x45\x56\x45\x76\x45\x55\x45\x55\x35\x14\x35\x14\x3D\x34\x35\x14\x35\x13\x35\x13\x3D\x13\x35\x13\x3D\x13\x3D\x34" +
	"\x3D\x35\x4D\x76\x4D\x76\x4D\x76\x4D\x76\x4D\x76\x4D\x76\x4D\x96\x4D\x76\x4D\x76\x4D\x76\x4D\x76\x35\x56\x1D\x17\x04\xB8\x04\xB9" +
	"\x04\xB8\x35\x59\x7D\xF9\xB6\x38\xC6\x58\xBE\x58\xBE\x58\xBE\x58\xC6\x58\x8E\x18\x0C\xD9\x04\xF9\x75\xB8\x7D\xB8\x7D\xB8\x7D\xB8" +
	"\x34\x38\x34\x38\x34\x38\x34\x38\x34\x58\x34\x38\x23\xF7\x13\xD6\x13\xB6\x0B\xB6\x13\xF7\x5C\xD9\x64\xD9\x64\xD9\x64\xD9\x64\xD9" +
	"\x64\xD9\x6C\xDA\x6C\xDA\x6C\xDA\x6C\xDA\x64\xFA\x5C\xD9\x24\x38\x0B\xD7\x03\xD6\x0B\xD7\x13\xF7\x2C\x38\x34\x58\x34\x58\x34\x38" +
	"\x34\x38\x34\x38\x34\x58\x34\x58\x34\x58\x34\x58\x34\x58\x2C\x58\x34\x58\x34\x58\x34\x58\x34\x58\x34\x58\x34\x58\x34\x58\x2C\x58" +
	"\x34\x58\x34\x58\x34\x58\x2C\x58\x2C\x58\x55\x3A\x7E\x3C\x96\x9D\x6D\xBB\x34\xB9\x2C\x58\x2C\x58\x2C\x58\x2C\x58\x2C\x58\x2C\x58" +
	"\x2C\x78\x2C\x58\x2C\x78\x2C\x78\x2C\x78\x2C\x78\x2C\x58\x2C\x78\x2C\x78\x2C\x78\x2C\x78\x24\x78\x24\x98\x24\x78\x24\x78\x24\x98" +
	"\x24\x98\x24\x78\x24\x78\x24\x78\x24\x78\x24\x78\x24\x78\x24\x98\x24\x98\x24\x99\x24\x98\x24\x98\x24\x98\x24\x98\x24\x78\x1C\x99" +
	"\x1C\x99\x1C\x99\x04\x37\x04\x17\x04\x17\x04\x17\x04\x17\x04\x18\x0C\x91\x14\xB0\x14\xAF\x14\xAF\x1C\xAF\x1C\xAF\x1C\xAF\x14\xCF" +
	"\x14\xAF\x14\xB0\x0C\xB1\x14\xAF\x1C\xCF\x1C\xCF\x14\xCF\x1C\xCF\x0C\xB2\x04\x57\x04\x37\x04\x37\x04\x58\x04\x37\x04\x38\x0C\xB7" +
	"\x35\x37\x25\x17\x04\x98\x04\x58\x0C\xB7\x14\xD7\x0C\xB7\x1C\xF7\x35\x37\x2D\x37\x25\x17\x1D\x17\x3D\x57\x45\x57\x3D\x57\x3D\x37" +
	"\x3D\x37\x3D\x37\x3D\x37\x3D\x36\x3D\x57\x3D\x57\x3D\x37\x3D\x37\x3D\x57\x45\x57\x3D\x37\x3D\x57\x45\x37\x3D\x37\x3D\x36\x3D\x36" +
	"\x45\x36\x45\x56\x45\x56\x45\x56\x45\x56\x45\x56\x45\x56\x45\x56\x4D\x56\x4D\x56\x45\x56\x45\x56\x45\x56\x45\x56\x45\x56\x4D\x56" +
	"\x4D\x56\x4D\x56\x4D\x56\x4D\x56\x4D\x56\x45\x56\x45\x56\x3D\x35\x3D\x35\x3D\x35\x3D\x34\x35\x14\x3D\x14\x4D\x76\x4D\x76\x4D\x76" +
	"\x4D\x76\x4D\x76\x4D\x76\x4D\x76\x4D\x76\x4D\x76\x4D\x76\x4D\x76\x4D\x76\x4D\x76\x45\x56\x45\x76\x4D\x76\x45\x75\x45\x76\x4D\x96" +
	"\x4D\x96\x4D\x96\x4D\x96\x4D\x96\x4D\x76\x4D\x76\x4D\x76\x4D\x76\x4D\x76\x55\x96\x45\x76\x0C\xF8\x04\xB8\x04\xB8\x04\xD9\x4D\x99" +
	"\x7D\xF9\xBE\x58\xB6\x59\xB6\x59\xB6\x59\xBE\x59\xBE\x58\xBE\x58\x85\xF8\x04\xD8\x0C\xD9\x4D\x59\x7D\xB8\x7D\xB8\x7D\xB8\x7D\xB8" +
	"\x34\x38\x34\x38\x34\x38\x34\x38\x34\x38\x34\x38\x34\x58\x34\x38\x24\x17\x13\xB6\x13\xB6\x13\xF7\x5C\xD9\x64\xDA\x64\xD9\x64\xD9" +
	"\x64\xD9\x64\xD9\x6C\xDA\x6C\xDA\x6C\xFA\x5C\xB9\x0B\xD7\x03\xB6\x03\xB6\x13\xD7\x34\x38\x34\x58\x34\x58\x34\x38\x34\x38\x34\x38" +
	"\x34\x38\x34\x38\x34\x38\x34\x58\x34\x58\x34\x58\x34\x58\x34\x58\x2C\x58\x34\x58\x34\x58\x34\x58\x34\x58\x34\x58\x34\x58\x34\x58" +
	"\x34\x58\x34\x58\x2C\x38\x44\xF9\x7E\x3C\x8E\x9D\x6D\xDC\x3C\xB9\x2C\x58\x2C\x58\x2C\x58\x2C\x58\x2C\x58\x2C\x58\x2C\x58\x2C\x58" +
	"\x2C\x58\x2C\x78\x2C\x78\x2C\x78\x2C\x78\x2C\x78\x2C\x78\x2C\x78\x2C\x78\x2C\x78\x2C\x78\x2C\x78\x2C\x78\x24\x78\x24\x78\x24\x78" +
	"\x24\x78\x24\x78\x24\x78\x24\x78\x24\x78\x24\x78\x24\x78\x24\x78\x24\x98\x24\x98\x24\x99\x24\x98\x24\x98\x24\x98\x24\x98\x24\x78" +
	"\x14\x78\x14\x78\x04\x17\x04\x17\x04\x36\x04\x54\x04\x54\x04\x74\x14\xAF\x14\xAF\x14\xAF\x14\xAF\x14\xAF\x1C\xAF\x14\xB0\x04\x56" +
	"\x04\x37\x04\x37\x04\x38\x04\x56\x04\x74\x14\xB0\x1C\xCE\x0C\xB0\x04\x38\x04\x37\x04\x38\x75\x9A\x8D\xDA\x45\x19\x55\x59\x24\xF9" +
	"\x0C\x97\x3D\x37\x35\x17\x35\x37\x3D\x37\x3D\x37\x3D\x37\x3D\x37\x3D\x37\x35\x37\x3D\x37\x3D\x37\x3D\x37\x3D\x37\x3D\x37\x3D\x37" +
	"\x3D\x37\x3D\x37\x3D\x37\x3D\x37\x3D\x37\x3D\x36\x3D\x57\x3D\x36\x3D\x36\x3D\x36\x45\x37\x3D\x57\x3D\x57\x45\x37\x3D\x57\x45\x56" +
	"\x45\x57\x45\x56\x45\x56\x45\x56\x45\x56\x45\x56\x45\x56\x45\x56\x45\x56\x4D\x56\x45\x56\x45\x56\x45\x56\x45\x56\x4D\x56\x4D\x56" +
	"\x4D\x56\x4D\x56\x4D\x56\x4D\x56\x4D\x56\x4D\x76\x4D\x56\x4D\x56\x4D\x56\x4D\x76\x4D\x76\x4D\x76\x4D\x76\x4D\x76\x4D\x76\x4D\x76" +
	"\x4D\x76\x4D\x76\x4D\x76\x4D\x76\x4D\x76\x4D\x76\x4D\x76\x4D\x76\x4D\x76\x4D\x76\x4D\x76\x4D\x76\x4D\x76\x4D\x96\x4D\x76\x4D\x96" +
	"\x4D\x96\x4D\x96\x4D\x96\x4D\x76\x4D\x96\x4D\x76\x4D\x76\x4D\x96\x4D\x76\x15\x17\x04\xD8\x04\xB8\x04\xB8\x4D\x99\x9E\x39\xBE\x58" +
	"\xB6\x58\xB6\x59\xB6\x59\xB6\x59\xB6\x58\xC6\x58\x8E\x19\x3D\x79\x04\xB9\x04\xD8\x6D\x98\x85\xB8\x7D\xB8\x7D\xB8\x7D\xB8\x7D\xB8" +
	"\x34\x38\x34\x38\x34\x38\x34\x38\x34\x38\x34\x38\x34\x38\x34\x38\x34\x38\x2C\x38\x13\xD6\x13\xB6\x13\xD7\x44\x98\x6C\xFA\x64\xD9" +
	"\x64\xD9\x64\xD9\x64\xD9\x64\xDA\x44\x99\x1B\xF7\x13\xB6\x0B\xD6\x24\x17\x2C\x38\x34\x38\x34\x38\x34\x58\x34\x38\x34\x38\x34\x38" +
	"\x34\x38\x34\x38\x34\x38\x34\x38\x34\x58\x34\x58\x34\x58\x34\x58\x34\x58\x34\x58\x34\x58\x34\x58\x34\x58\x34\x58\x34\x58\x34\x58" +
	"\x34\x58\x2C\x58\x75\xFC\x8E\x9D\x75\xFC\x3C\x99\x2C\x58\x2C\x58\x34\x58\x34\x58\x2C\x78\x2C\x58\x2C\x58\x2C\x58\x2C\x58\x2C\x58" +
	"\x2C\x58\x2C\x58\x2C\x58\x2C\x78\x2C\x78\x2C\x78\x2C\x78\x2C\x78\x2C\x78\x2C\x78\x2C\x78\x2C\x78\x2C\x78\x2C\x78\x24\x78\x24\x78" +
	"\x24\x78\x24\x78\x24\x78\x24\x78\x24\x78\x24\x78\x24\x78\x24\x78\x24\x78\x24\x78\x24\x98\x24\x98\x24\x98\x24\x98\x1C\x78\x04\x37" +
	"\x04\x17\x04\x17\x04\x17\x04\x17\x14\xB0\x1C\xAF\x14\xAF\x1C\xAF\x1C\xAF\x1C\xAF\x14\xAF\x14\xAF\x1C\xAF\x04\x73\x04\x37\x04\x17" +
	"\x04\x17\x04\x17\x04\x17\x04\x17\x04\x38\x04\x57\x04\x56\x04\x37\x04\x38\x04\x37\x5D\x5A\xB6\x1A\xAE\x1A\xB6\x1A\xBE\x1A\x55\x59" +
	"\x04\x38\x0C\x97\x3D\x37\x3D\x17\x3D\x17\x3D\x37\x35\x37\x35\x37\x3D\x37\x3D\x37\x35\x37\x35\x37\x3D\x37\x3D\x37\x3D\x37\x3D\x37" +
	"\x3D\x37\x3D\x37\x3D\x37\x3D\x37\x3D\x37\x3D\x37\x3D\x37\x3D\x57\x3D\x57\x3D\x57\x3D\x57\x3D\x37\x3D\x57\x3D\x57\x45\x36\x45\x36" +
	"\x45\x36\x45\x36\x45\x56\x45\x56\x45\x56\x45\x56\x45\x56\x45\x56\x45\x56\x45\x56\x4D\x56\x45\x56\x45\x56\x45\x56\x45\x56\x4D\x56" +
	"\x4D\x56\x4D\x56\x4D\x57\x4D\x56\x4D\x57\x4D\x56\x4D\x56\x4D\x56\x4D\x56\x4D\x56\x4D\x76\x4D\x76\x4D\x76\x4D\x76\x4D\x76\x4D\x76" +
	"\x4D\x76\x4D\x76\x4D\x76\x4D\x76\x4D\x76\x4D\x76\x4D\x76\x4D\x76\x4D\x76\x4D\x76\x4D\x76\x4D\x76\x4D\x76\x4D\x76\x4D\x76\x4D\x96" +
	"\x4D\x76\x4D\x96\x4D\x76\x4D\x76\x4D\x96\x4D\x96\x45\x76\x1D\x37\x0C\xD8\x04\xB8\x0C\xF9\x4D\x99\x8E\x19\xB6\x58\xB6\x59\xB6\x59" +
	"\xB6\x59\xB6\x59\xB6\x59\xBE\x58\x7D\xF9\x45\x79\x04\xD8\x04\xB9\x25\x19\x75\x99\x85\x99\x7D\x99\x7D\x99\x7D\xB8\x7D\xB8\x7D\xB8" +
	"\x34\x38\x34\x38\x34\x38\x34\x38\x34\x38\x34\x38\x34\x38\x34\x38\x34\x38\x34\x38\x34\x38\x1B\xD7\x13\xB6\x13\xD7\x34\x78\x64\xD9" +
	"\x6C\xDA\x64\xDA\x64\xD9\x3C\x78\x03\xB6\x0B\xB6\x1B\xD7\x34\x38\x34\x38\x34\x38\x34\x38\x34\x38\x34\x38\x34\x58\x34\x38\x34\x38" +
	"\x34\x38\x34\x38\x34\x38\x34\x38\x34\x38\x34\x58\x34\x58\x34\x58\x34\x58\x34\x58\x34\x58\x34\x58\x34\x58\x34\x58\x34\x58\x34\x58" +
	"\x34\x58\x34\x58\x55\x3A\x3C\xB9\x2C\x38\x34\x58\x34\x58\x34\x58\x34\x58\x34\x58\x34\x58\x2C\x58\x2C\x58\x2C\x58\x2C\x58\x2C\x58" +
	"\x2C\x58\x2C\x58\x2C\x58\x2C\x78\x2C\x78\x2C\x78\x2C\x78\x2C\x78\x2C\x78\x2C\x78\x2C\x78\x2C\x78\x2C\x78\x2C\x78\x2C\x78\x2C\x78" +
	"\x24\x78\x24\x98\x24\x98\x24\x78\x24\x78\x24\x78\x24\x78\x24\x78\x24\x78\x24\x78\x24\x78\x24\x98\x24\x98\x1C\x99\x04\x17\x04\x17" +
	"\x04\x36\x04\x17\x04\x17\x04\x35\x14\xAF\x1C\xAF\x1C\xAF\x14\xAF\x14\xAF\x1C\xAF\x1C\xAF\x14\xAF\x14\xAF\x04\x37\x04\x17\x14\x58" +
	"\x45\x19\x6D\x7A\x75\x9A\x3D\x19\x14\x78\x04\x17\x04\x17\x04\x17\x04\x37\x34\xD9\xB6\x1A\xAE\x1B\xAE\x1A\xAE\x1A\xAE\x1A\xB6\x1A" +
	"\x2C\xD8\x04\x37\x0C\x98\x2D\x17\x3D\x37\x3D\x17\x3D\x37\x35\x37\x35\x37\x3D\x37\x3D\x37\x35\x37\x3D\x37\x3D\x37\x3D\x37\x3D\x37" +
	"\x3D\x37\x3D\x37\x3D\x37\x3D\x37\x3D\x37\x3D\x37\x3D\x37\x3D\x57\x3D\x37\x3D\x57\x3D\x37\x3D\x57\x3D\x57\x3D\x36\x3D\x36\x45\x36" +
	"\x45\x36\x45\x36\x45\x56\x45\x56\x45\x56\x45\x56\x45\x56\x45\x56\x45\x56\x45\x56\x45\x56\x4D\x56\x45\x56\x45\x56\x45\x56\x45\x56" +
	"\x4D\x56\x4D\x56\x4D\x56\x4D\x56\x4D\x56\x4D\x56\x4D\x56\x4D\x56\x4D\x56\x4D\x56\x4D\x56\x4D\x76\x4D\x76\x4D\x76\x4D\x76\x4D\x76" +
	"\x4D\x76\x4D\x76\x4D\x76\x4D\x76\x4D\x76\x4D\x76\x4D\x76\x4D\x76\x4D\x76\x45\x76\x4D\x76\x4D\x76\x4D\x76\x4D\x76\x4D\x76\x4D\x76" +
	"\x4D\x96\x4D\x96\x4D\x76\x4D\x96\x4D\x76\x2D\x57\x04\xD8\x04\xB8\x04\xB8\x2D\x39\x9E\x19\xBE\x58\xB6\x59\xB6\x59\xB6\x59\xB6\x59" +
	"\xB6\x59\xB6\x58\xB6\x38\x3D\x59\x04\xB8\x04\xB8\x1D\x18\x55\x78\x85\xB9\x85\x98\x7D\x98\x7D\x98\x7D\xB8\x7D\x98\x7D\x98\x7D\xB8" +
	"\x34\x38\x34\x38\x34\x38\x34\x38\x34\x38\x34\x38\x34\x38\x34\x38\x34\x38\x34\x38\x34\x38\x34\x38\x1B\xD7\x13\xB6\x0B\xB6\x1C\x17" +
	"\x2C\x37\x24\x17\x13\xD7\x0B\xB6\x03\xB6\x13\xF7\x2C\x38\x34\x38\x34\x38\x34\x38\x34\x38\x34\x38\x34\x38\x34\x38\x34\x38\x34\x38" +
	"\x34\x38\x34\x38\x34\x38\x34\x38\x34\x38\x34\x38\x34\x38\x34\x38\x34\x38\x34\x38\x34\x38\x34\x58\x34\x58\x34\x58\x34\x58\x34\x58" +
	"\x34\x58\x34\x58\x2C\x38\x34\x58\x34\x58\x34\x58\x34\x58\x34\x58\x34\x58\x34\x58\x34\x58\x2C\x58\x2C\x58\x2C\x58\x2C\x58\x2C\x58" +
	"\x2C\x58\x2C\x58\x2C\x58\x2C\x58\x2C\x78\x2C\x78\x2C\x78\x2C\x78\x2C\x78\x2C\x78\x2C\x78\x2C\x78\x2C\x78\x2C\x78\x2C\x78\x2C\x78" +
	"\x2C\x78\x24\x78\x24\x78\x24\x78\x24\x78\x24\x78\x24\x78\x24\x78\x24\x98\x24\x78\x2C\x78\x24\x78\x04\x37\x04\x37\x04\x17\x03\xF7" +
	"\x04\x53\x0C\x90\x0C\x90\x14\x8F\x14\xAF\x14\xAF\x1C\xAF\x1C\xAF\x14\xAF\x14\xAF\x14\xAF\x1C\xAF\x04\x74\x04\x17\x14\x78\x9D\xDA" +
	"\xB6\x1B\xAE\x1B\xB5\xFA\xB6\x1B\xA5\xFB\x75\x7A\x65\x39\x5D\x59\x85\xBA\xAD\xFA\xAD\xFA\xA6\x1A\xAE\x1A\xAD\xFA\xAE\x1A\xAE\x1A" +
	"\xAD\xFA\x34\xF9\x04\x38\x04\x58\x14\xD7\x35\x37\x3D\x37\x3D\x37\x35\x37\x35\x37\x3D\x37\x3D\x37\x35\x37\x3D\x37\x3D\x37\x3D\x37" +
	"\x3D\x37\x3D\x37\x3D\x37\x3D\x37\x3D\x37\x3D\x37\x3D\x37\x3D\x37\x3D\x57\x45\x57\x45\x56\x3D\x56\x45\x36\x3D\x36\x3D\x36\x3D\x36" +
	"\x45\x36\x45\x36\x45\x36\x45\x56\x45\x56\x45\x56\x45\x56\x45\x56\x45\x56\x45\x56\x45\x56\x45\x56\x4D\x56\x45\x56\x45\x56\x45\x56" +
	"\x45\x56\x4D\x56\x4D\x56\x4D\x56\x4D\x56\x4D\x56\x4D\x56\x4D\x56\x4D\x56\x4D\x56\x4D\x56\x4D\x56\x4D\x76\x4D\x76\x4D\x76\x4D\x76" +
	"\x4D\x76\x4D\x76\x4D\x76\x4D\x76\x4D\x76\x4D\x76\x4D\x76\x4D\x76\x4D\x76\x4D\x76\x4D\x76\x4D\x76\x4D\x76\x4D\x76\x4D\x76\x4D\x76" +
	"\x4D\x76\x4D\x76\x45\x76\x2D\x57\x0C\xF8\x04\xB8\x04\xB8\x25\x39\x85\xF9\xBE\x58\xB6\x59\xBE\x58\xBE\x58\xB6\x59\xB6\x58\xB6\x59" +
	"\x96\x19\x2D\x39\x0C\xD9\x04\xB8\x25\x18\x65\x79\x85\xB9\x85\x99\x7D\x98\x7D\x99\x7D\x98\x7D\x99\x7D\x98\x7D\x98\x7D\xB9\x7D\xB8" +
	"\x34\x38\x34\x38\x34\x38\x34\x38\x34\x38\x34\x38\x34\x38\x34\x38\x34\x38\x34\x38\x34\x38\x34\x38\x34\x38\x1B\xD7\x13\xB6\x13\xB6" +
	"\x0B\xB6\x13\xB6\x13\xB6\x13\xD6\x23\xF7\x34\x38\x34\x38\x34\x38\x34\x38\x34\x38\x34\x38\x34\x38\x34\x38\x34\x38\x34\x38\x34\x38" +
	"\x34\x38\x34\x38\x34\x38\x34\x38\x34\x58\x34\x38\x34\x38\x34\x38\x34\x38\x34\x38\x34\x38\x34\x38\x34\x58\x34\x58\x34\x58\x34\x58" +
	"\x34\x58\x34\x58\x34\x58\x34\x58\x34\x58\x34\x58\x34\x58\x34\x58\x34\x58\x34\x58\x2C\x58\x2C\x58\x2C\x58\x2C\x58\x2C\x58\x2C\x58" +
	"\x2C\x58\x2C\x58\x2C\x58\x2C\x78\x2C\x78\x2C\x78\x2C\x78\x2C\x78\x2C\x78\x2C\x78\x2C\x78\x2C\x78\x2C\x78\x2C\x78\x2C\x78\x2C\x78" +
	"\x2C\x78\x2C\x78\x24\x78\x24\x78\x24\x78\x24\x78\x24\x78\x24\x78\x24\x78\x24\x98\x1C\x58\x04\x17\x03\xF7\x04\x17\x04\x17\x04\x17" +
	"\x04\x36\x14\xAF\x14\xAF\x14\x8F\x14\xAF\x14\x8F\x14\xAF\x14\xAF\x1C\xAF\x1C\xAF\x14\xAF\x14\xB0\x04\x37\x04\x17\x6D\x7A\xB5\xFA" +
	"\xAD\xFB\xAD\xFB\xAD\xFB\xAE\x1A\xAD\xFA\xAE\x1B\xAE\x1A\xB6\x1B\xAE\x1A\xAD\xFB\xB5\xFA\xAD\xFA\xA6\x1A\xAE\x1A\xAE\x1A\xAE\x1A" +
	"\xAE\x1A\xB6\x1A\x8D\xBA\x0C\x58\x04\x38\x04\x58\x14\xD7\x2D\x17\x2D\x17\x2D\x37\x35\x37\x3D\x37\x3D\x37\x35\x37\x3D\x37\x3D\x37" +
	"\x3D\x37\x35\x37\x3D\x37\x25\x17\x1C\xF7\x2D\x17\x2D\x17\x2D\x37\x1C\xF7\x14\xF7\x1C\xF7\x2D\x17\x2D\x37\x3D\x57\x45\x56\x45\x56" +
	"\x45\x56\x45\x36\x45\x36\x45\x36\x45\x36\x45\x56\x45\x56\x45\x56\x45\x56\x45\x56\x45\x56\x45\x56\x45\x56\x4D\x56\x45\x56\x45\x56" +
	"\x45\x56\x45\x56\x4D\x56\x4D\x56\x4D\x56\x4D\x56\x4D\x56\x4D\x56\x4D\x56\x4D\x56\x4D\x56\x4D\x56\x4D\x56\x4D\x76\x4D\x76\x4D\x76" +
	"\x4D\x76\x4D\x76\x4D\x76\x4D\x76\x4D\x76\x4D\x76\x4D\x76\x4D\x76\x4D\x76\x4D\x76\x4D\x76\x4D\x76\x4D\x76\x4D\x76\x4D\x76\x4D\x76" +
	"\x3D\x76\x0C\xF8\x04\xD8\x04\xB8\x04\xB8\x14\xF9\x6D\xD9\xB6\x58\xB6\x59\xB6\x59\xB6\x59\xB6\x59\xBE\x58\xAE\x39\x8D\xF9\x3D\x79" +
	"\x04\xB8\x04\xB8\x2D\x19\x65\x79\x85\x99\x7D\x99\x7D\x99\x7D\x99\x7D\x98\x7D\x98\x7D\x98\x7D\x98\x7D\x99\x7D\xB8\x7D\xB8\x7D\xB8" +
	"\x34\x38\x34\x38\x34\x38\x34\x38\x34\x38\x34\x38\x34\x38\x34\x38\x34\x38\x34\x38\x34\x38\x34\x38\x34\x38\x34\x38\x2C\x17\x23\xF7" +
	"\x1B\xF7\x23\xF7\x34\x38\x34\x38\x34\x38\x34\x38\x34\x38\x34\x38\x34\x38\x34\x38\x34\x38\x34\x38\x34\x38\x34\x38\x34\x38\x34\x38" +
	"\x34\x38\x34\x38\x34\x38\x34\x38\x34\x38\x34\x58\x34\x38\x34\x38\x34\x38\x34\x38\x34\x38\x34\x38\x34\x38\x34\x58\x34\x58\x34\x58" +
	"\x34\x58\x34\x58\x34\x58\x34\x58\x34\x58\x34\x58\x34\x58\x34\x58\x2C\x58\x2C\x58\x2C\x58\x2C\x58\x34\x58\x34\x58\x2C\x58\x2C\x58" +
	"\x2C\x58\x2C\x78\x2C\x78\x2C\x78\x2C\x78\x2C\x78\x2C\x58\x2C\x78\x2C\x78\x2C\x78\x2C\x78\x2C\x78\x2C\x78\x2C\x78\x2C\x78\x2C\x78" +
	"\x2C\x78\x2C\x78\x2C\x78\x2C\x78\x24\x78\x24\x78\x24\x78\x24\x78\x24\x78\x2C\x78\x14\x58\x03\xF7\x04\x35\x04\x72\x04\x54\x04\x73" +
	"\x0C\x91\x14\x8F\x14\x8F\x14\xAF\x14\xAF\x14\x8F\x14\xAF\x14\xAF\x14\xAF\x0C\x91\x04\x74\x04\x56\x04\x17\x14\x58\xAD\xFB\xAD\xFB" +
	"\xAD\xFA\xAD\xFA\xAD\xFB\xAD\xFB\xAD\xFA\xAE\x1B\xA6\x1B\xAD\xFA\xAD\xFA\xAD\xFB\xAD\xFA\xB5\xFA\xAD\xFA\xAE\x1A\xAE\x1A\xAD\xFA" +
	"\xAE\x1A\xAE\x1A\xB6\x1A\x9D\xFA\x5D\x59\x1C\xB8\x04\x38\x04\x38\x04\x38\x04\x58\x04\x78\x04\x77\x04\x78\x04\x78\x04\x98\x04\x78" +
	"\x04\x78\x04\x78\x04\x78\x04\x58\x04\x58\x04\x58\x04\x58\x04\x58\x04\x58\x04\x58\x04\x58\x04\x58\x04\x78\x04\x98\x04\x98\x04\xB8" +
	"\x0C\xD7\x2D\x17\x3D\x36\x45\x57\x45\x56\x45\x36\x45\x56\x45\x56\x45\x56\x45\x56\x45\x56\x45\x56\x45\x56\x45\x56\x4D\x56\x45\x56" +
	"\x45\x56\x45\x56\x45\x56\x4D\x56\x4D\x56\x4D\x76\x4D\x56\x4D\x56\x4D\x56\x4D\x56\x4D\x56\x4D\x56\x4D\x56\x4D\x56\x4D\x76\x4D\x76" +
	"\x4D\x76\x4D\x76\x4D\x76\x4D\x76\x4D\x76\x4D\x76\x4D\x76\x4D\x76\x4D\x76\x4D\x77\x4D\x76\x4D\x76\x4D\x76\x45\x76\x2D\x37\x04\xD8" +
	"\x04\xB8\x04\xB8\x0C\xD9\x25\x39\x8D\xF8\xB6\x58\xB6\x59\xB6\x59\xB6\x59\xB6\x59\xB6\x58\x96\x19\x5D\xB9\x14\xF9\x04\xB8\x04\xB8" +
	"\x25\x18\x65\x79\x85\xB8\x85\x98\x7D\x98\x7D\x98\x7D\x99\x7D\x98\x7D\x98\x7D\x99\x7D\x99\x7D\x99\x7D\xB8\x7D\xB8\x7D\xB8\x7D\xB8" +
	"\x34\x38\x34\x38\x34\x38\x34\x38\x34\x38\x34\x38\x34\x38\x34\x38\x34\x38\x34\x38\x34\x38\x34\x38\x34\x38\x34\x38\x34\x38\x34\x38" +
	"\x34\x38\x34\x38\x34\x38\x34\x38\x34\x38\x34\x38\x34\x38\x34\x38\x34\x38\x34\x38\x34\x38\x34\x38\x34\x38\x34\x38\x34\x38\x34\x38" +
	"\x34\x38\x34\x38\x34\x38\x34\x38\x34\x38\x34\x38\x34\x58\x34\x38\x34\x38\x34\x38\x34\x38\x34\x38\x34\x38\x34\x38\x34\x38\x34\x58" +
	"\x34\x58\x34\x58\x34\x58\x34\x58\x34\x58\x34\x58\x34\x58\x34\x58\x2C\x58\x34\x58\x34\x58\x34\x58\x2C\x58\x2C\x58\x34\x58\x2C\x58" +
	"\x2C\x58\x2C\x58\x2C\x78\x2C\x78\x2C\x78\x2C\x78\x2C\x58\x2C\x58\x2C\x78\x2C\x78\x2C\x78\x2C\x78\x2C\x78\x2C\x78\x2C\x78\x2C\x78" +
	"\x2C\x78\x2C\x78\x2C\x78\x2C\x78\x2C\x78\x24\x78\x24\x78\x24\x78\x24\x78\x24\x78\x04\x17\x03\xF7\x04\x35\x14\x8E\x14\x8F\x14\x8F" +
	"\x14\x8F\x14\x8F\x14\x8F\x14\x8F\x14\x8F\x14\x8F\x14\x8F\x14\xAF\x0C\x91\x04\x17\x04\x17\x04\x17\x04\x17\x4D\x19\xB5\xFB\xAD\xFB" +
	"\xAD\xFB\xAD\xFA\xAD\xFA\xAD\xFB\xAD\xFB\xAD\xFB\xAD\xFB\xA6\x1B\xAD\xFB\xAD\xFA\xAD\xFA\xAD\xFB\xB5\xFA\xAD\xFA\xAE\x1A\xAD\xFA" +
	"\xAD\xFA\xAE\x1A\xAE\x1A\xAD\xFA\xAE\x1A\xAE\x1A\x5D\x7A\x34\xF9\x24\xD9\x04\x58\x04\x38\x04\x58\x04\x58\x04\x58\x04\x58\x04\x78" +
	"\x04\x78\x04\x78\x0C\x78\x0C\xB8\x3D\x19\x35\x19\x5D\x99\x3D\x19\x3D\x39\x35\x19\x2C\xF9\x24\xF9\x0C\x98\x04\x78\x04\x58\x04\x58" +
	"\x04\x58\x04\x78\x04\x98\x0C\x98\x0C\xD8\x25\x17\x2D\x37\x45\x56\x45\x56\x45\x56\x45\x56\x45\x56\x45\x56\x45\x56\x45\x56\x4D\x56" +
	"\x45\x56\x45\x56\x45\x56\x45\x56\x4D\x56\x4D\x56\x4D\x56\x4D\x56\x4D\x56\x4D\x56\x4D\x56\x4D\x56\x4D\x56\x4D\x56\x4D\x56\x4D\x56" +
	"\x4D\x76\x45\x76\x4D\x76\x4D\x76\x4D\x76\x4D\x76\x4D\x76\x4D\x76\x4D\x76\x4D\x76\x45\x77\x1D\x17\x0C\xD8\x04\xD8\x04\xB8\x04\xB8" +
	"\x0C\xD8\x65\xB9\xA6\x39\xB6\x59\xB6\x59\xB6\x59\xB6\x59\xB6\x59\xBE\x58\x96\x39\x3D\x59\x04\xB8\x04\xB8\x04\xB8\x1C\xF8\x5D\x79" +
	"\x85\x99\x7D\x99\x7D\x99\x7D\x98\x7D\x99\x7D\x98\x7D\x98\x7D\x98\x7D\x98\x7D\x98\x7D\xB8\x7D\xB8\x7D\xB8\x7D\xB8\x7D\xB8\x7D\xB8" +
	"\x34\x38\x34\x38\x34\x38\x34\x38\x34\x38\x34\x38\x34\x38\x34\x38\x34\x38\x34\x38\x34\x38\x34\x38\x34\x38\x34\x38\x34\x38\x34\x38" +
	"\x34\x38\x34\x38\x34\x38\x34\x38\x34\x38\x34\x38\x34\x38\x34\x38\x34\x38\x34\x38\x34\x38\x34\x38\x34\x38\x34\x38\x34\x38\x34\x38" +
	"\x34\x38\x34\x38\x34\x38\x34\x38\x34\x38\x34\x38\x34\x38\x34\x38\x34\x38\x34\x38\x34\x38\x34\x38\x34\x38\x34\x38\x34\x38\x34\x58" +
	"\x34\x58\x34\x58\x34\x58\x34\x58\x34\x58\x34\x58\x34\x58\x34\x58\x34\x58\x34\x58\x2C\x58\x2C\x58\x34\x58\x2C\x58\x2C\x58\x2C\x58" +
	"\x2C\x58\x2C\x58\x2C\x78\x2C\x78\x2C\x78\x2C\x78\x2C\x78\x2C\x78\x2C\x78\x2C\x78\x2C\x78\x2C\x78\x2C\x78\x2C\x78\x2C\x78\x2C\x78" +
	"\x2C\x78\x2C\x78\x2C\x78\x2C\x78\x2C\x78\x2C\x78\x24\x78\x24\x98\x24\x78\x0C\x17\x03\xF7\x04\x17\x0C\x71\x14\x8F\x0C\x8F\x14\x8F" +
	"\x14\x8F\x14\x8F\x14\x8F\x14\x8F\x14\x8F\x14\x8F\x14\x8F\x0C\x91\x04\x17\x04\x17\x1C\x78\x3C\xF9\x7D\x9A\xB5\xFB\xAD\xFB\xAD\xFB" +
	"\xAD\xFB\xAD\xFB\xAD\xFA\xAD\xFA\xAD\xFB\xA6\x1B\xAD\xFB\xAD\xFB\xAD\xFB\xAD\xFB\xAD\xFA\xAD\xFB\xAD\xFA\xB5\xFA\xAD\xFA\xA6\x1A" +
	"\xAE\x1A\xAD\xFA\xAE\x1A\xAE\x1A\xB6\x1A\x8D\xDA\x34\xF9\x0C\x98\x04\x58\x04\x58\x04\x58\x04\x58\x0C\x78\x6D\xBA\x95\xFA\xAE\x1A" +
	"\xA5\xFA\xAD\xFA\xB6\x1A\xB6\x1A\xBE\x1A\xC6\x1A\xC6\x1A\xC6\x3A\xC6\x1A\xC6\x19\xBE\x1A\xBE\x1A\xA5\xFA\x8D\xDA\x8D\xD9\x7D\xB9" +
	"\x3D\x39\x0C\xB8\x14\xB8\x04\x58\x04\x58\x04\x78\x04\x78\x0C\x98\x0C\xB8\x1C\xF7\x3D\x56\x45\x56\x4D\x56\x4D\x56\x4D\x56\x45\x56" +
	"\x4D\x56\x45\x56\x45\x56\x45\x56\x45\x56\x4D\x56\x4D\x56\x4D\x56\x4D\x56\x4D\x56\x4D\x56\x4D\x56\x4D\x56\x4D\x56\x4D\x56\x4D\x56" +
	"\x4D\x56\x4D\x76\x4D\x76\x4D\x76\x4D\x76\x4D\x76\x45\x76\x3D\x57\x2D\x37\x15\x17\x04\xB8\x04\xB8\x04\xB8\x14\xF9\x25\x19\x6D\xD9" +
	"\x9E\x19\xBE\x59\xAE\x59\xB6\x59\xB6\x59\xBE\x59\xAE\x39\x7D\xF9\x2D\x39\x04\xB8\x04\xB8\x0C\xF8\x55\x59\x7D\x99\x85\x99\x7D\x99" +
	"\x7D\x99\x7D\x99\x7D\x99\x7D\x99\x7D\x99\x7D\x99\x7D\x98\x7D\x98\x7D\x99\x7D\x98\x7D\xB8\x7D\xB8\x7D\xB8\x7D\xB8\x7D\xB8\x7D\xB8" +
	"\x34\x38\x34\x38\x34\x38\x34\x38\x34\x38\x34\x38\x34\x38\x34\x38\x34\x38\x34\x38\x34\x38\x34\x38\x34\x38\x34\x38\x34\x38\x34\x38" +
	"\x34\x38\x34\x38\x34\x38\x34\x38\x34\x38\x34\x38\x34\x38\x34\x38\x34\x38\x34\x38\x34\x38\x34\x38\x34\x38\x34\x38\x34\x38\x34\x38" +
	"\x34\x38\x34\x38\x34\x38\x34\x38\x34\x38\x34\x38\x34\x38\x34\x38\x34\x38\x34\x58\x34\x38\x34\x38\x34\x38\x34\x38\x34\x38\x34\x58" +
	"\x34\x58\x34\x58\x34\x58\x34\x58\x34\x58\x34\x58\x34\x58\x34\x58\x34\x58\x34\x58\x34\x58\x2C\x58\x2C\x58\x2C\x58\x34\x58\x34\x58" +
	"\x34\x58\x2C\x58\x2C\x58\x2C\x58\x2C\x78\x2C\x78\x2C\x78\x2C\x78\x2C\x78\x2C\x78\x2C\x58\x2C\x78\x2C\x78\x2C\x78\x2C\x78\x2C\x78" +
	"\x2C\x78\x2C\x78\x2C\x78\x2C\x78\x2C\x78\x2C\x78\x2C\x78\x2C\x78\x14\x58\x03\xF7\x04\x35\x0C\x71\x14\x8F\x14\x8F\x14\x8F\x0C\x8F" +
	"\x0C\x8F\x14\x8F\x14\x8F\x14\x8F\x14\x8F\x14\x8F\x14\xAF\x04\x73\x04\x18\x14\x58\xAD\xFB\xB5\xFB\xB5\xFB\xAD\xFB\xAD\xFB\xAD\xFB" +
	"\xAD\xFB\xAD\xFB\xAD\xFA\xAD\xFA\xAD\xFA\xAD\xFB\xA5\xFB\xAD\xFA\xAD\xFB\xAE\x1B\xAD\xFB\xAD\xFA\xAD\xFB\xAD\xFB\xB5\xFB\xAD\xFA" +
	"\xAE\x1A\xAE\x1A\xAD\xFA\xA6\x1A\xB6\x1A\x24\xB8\x04\x37\x04\x58\x1C\x98\x0C\x78\x04\x58\x04\x78\x04\x58\x04\x38\x0C\x98\x55\x39" +
	"\x85\x99\x7D\xBA\xA5\xFA\x8D\xDA\x85\xB9\x45\x19\x45\x19\x45\x39\x65\x79\x45\x39\x75\x99\x8D\xDA\xA6\x1A\xBE\x1A\xBE\x1A\xBE\x39" +
	"\xBE\x3A\xB6\x1A\xAE\x1A\x6D\x99\x5D\x79\x2C\xF9\x04\x78\x04\x78\x04\x58\x04\x58\x04\x98\x04\x98\x0C\xD8\x14\xD7\x14\xF8\x2D\x37" +
	"\x35\x37\x45\x57\x45\x56\x45\x56\x4D\x56\x4D\x56\x4D\x56\x4D\x56\x4D\x76\x4D\x76\x4D\x76\x4D\x56\x4D\x56\x4D\x76\x4D\x76\x4D\x76" +
	"\x4D\x76\x4D\x56\x4D\x76\x35\x56\x35\x56\x14\xF7\x04\xD8\x04\xB8\x04\x98\x04\x98\x0C\xD8\x3D\x59\x7D\xD9\xB6\x39\xBE\x39\xBE\x39" +
	"\xB6\x59\xAE\x59\xB6\x59\xBE\x59\x9E\x19\x45\x79\x0C\xF9\x04\x98\x04\xB8\x1C\xF8\x55\x59\x7D\x99\x85\x99\x7D\x99\x7D\x99\x7D\x99" +
	"\x7D\x99\x7D\x99\x7D\x99\x7D\x99\x7D\x99\x7D\x99\x7D\xB9\x7D\x98\x7D\x99\x7D\x99\x7D\x99\x7D\xB8\x7D\xB8\x7D\xB8\x7D\xB8\x7D\xB8" +
	"\x34\x38\x34\x38\x34\x38\x34\x38\x34\x38\x34\x38\x34\x38\x34\x38\x34\x38\x34\x38\x34\x38\x34\x38\x34\x38\x34\x38\x34\x38\x34\x38" +
	"\x34\x38\x34\x38\x34\x38\x34\x38\x34\x38\x34\x38\x34\x38\x34\x38\x34\x38\x34\x38\x34\x38\x34\x38\x34\x38\x34\x38\x34\x38\x34\x38" +
	"\x34\x38\x34\x38\x34\x38\x34\x38\x34\x38\x34\x38\x34\x38\x34\x38\x34\x38\x34\x38\x34\x58\x34\x38\x34\x38\x34\x38\x34\x58\x34\x38" +
	"\x34\x58\x34\x58\x34\x58\x34\x58\x34\x58\x34\x58\x34\x58\x34\x58\x34\x58\x34\x58\x34\x58\x34\x58\x34\x58\x34\x58\x34\x58\x34\x58" +
	"\x34\x58\x34\x58\x2C\x58\x2C\x58\x2C\x58\x2C\x78\x2C\x78\x2C\x78\x2C\x78\x2C\x58\x2C\x58\x2C\x78\x2C\x58\x2C\x78\x2C\x78\x2C\x78" +
	"\x2C\x78\x2C\x78\x2C\x78\x2C\x78\x2C\x78\x14\x38\x14\x37\x0C\x37\x04\x17\x03\xF7\x04\x54\x14\x8F\x14\x8F\x0C\x8F\x14\x8F\x14\x8F" +
	"\x14\x8F\x0C\x8F\x14\x8F\x14\x8F\x14\x8F\x14\x8F\x14\x8F\x14\x90\x04\x17\x04\x17\x7D\x9A\xAD\xFB\xAD\xFB\xAD\xFB\xAD\xFB\xAD\xFB" +
	"\xAD\xFB\xAD\xFB\xAD\xFB\xAD\xFB\xAD\xFA\xAD\xFA\xAD\xFB\xA5\xFB\xAD\xFB\xAD\xFA\xA5\xFB\xAD\xFB\xAD\xFA\xAD\xFB\xAD\xFB\xB5\xFA" +
	"\xAD\xFA\xAE\x1A\xAE\x1A\xAE\x1A\xAE\x1A\x5D\x39\x04\x37\x55\x19\x75\x5A\x75\x3A\x65\x3A\x6D\x5A\x45\x19\x0C\x78\x04\x58\x04\x37" +
	"\x04\x38\x04\x58\x0C\x78\x04\x58\x04\x58\x04\x58\x04\x58\x04\x58\x04\x58\x04\x78\x04\x58\x04\x58\x0C\x78\x14\xB8\x1C\xD9\x55\x59" +
	"\x75\xBA\x9D\xFA\xA6\x1A\xAE\x19\xC6\x39\xC6\x39\xA5\xF9\x85\xDA\x6D\x79\x35\x19\x14\xB8\x04\x58\x04\x58\x04\x58\x04\x78\x04\x98" +
	"\x04\x98\x04\xB8\x04\xB8\x14\xF8\x14\xF8\x25\x17\x35\x37\x35\x37\x1D\x17\x2D\x37\x1D\x17\x2D\x37\x35\x37\x2D\x37\x1C\xF7\x15\x17" +
	"\x0C\xD8\x04\xB8\x0C\xD8\x04\x98\x04\xB8\x04\x98\x04\x98\x14\xF8\x55\x79\x7D\xD9\xAE\x39\xBE\x59\xB6\x59\xB6\x39\xB6\x39\xB6\x39" +
	"\xBE\x39\xBE\x59\x7D\xF9\x1D\x19\x04\xB9\x04\x98\x0C\xB8\x45\x39\x65\x79\x85\x99\x7D\x99\x7D\x99\x7D\x99\x7D\x99\x7D\x99\x7D\x99" +
	"\x7D\x99\x7D\x99\x7D\x99\x7D\x99\x7D\x99\x7D\x99\x7D\x99\x7D\x99\x7D\x99\x7D\x99\x7D\x99\x7D\x98\x7D\xB8\x7D\xB8\x7D\xB8\x7D\xB8" +
	"\x34\x38\x34\x38\x34\x38\x34\x38\x34\x38\x34\x38\x34\x38\x34\x38\x34\x38\x34\x38\x34\x38\x34\x38\x34\x38\x34\x38\x34\x38\x34\x38" +
	"\x34\x38\x34\x38\x34\x38\x34\x38\x34\x38\x34\x38\x34\x38\x34\x38\x34\x38\x34\x38\x34\x38\x34\x38\x34\x38\x34\x38\x34\x38\x34\x38" +
	"\x34\x38\x34\x38\x34\x38\x34\x38\x34\x38\x34\x38\x34\x38\x34\x38\x34\x38\x34\x38\x34\x38\x34\x38\x34\x38\x34\x58\x34\x38\x34\x38" +
	"\x34\x58\x34\x58\x34\x58\x34\x58\x34\x58\x34\x58\x34\x58\x34\x58\x34\x58\x34\x58\x34\x58\x34\x58\x34\x58\x2C\x58\x2C\x58\x2C\x58" +
	"\x2C\x58\x34\x58\x2C\x58\x2C\x58\x2C\x58\x2C\x58\x2C\x78\x2C\x78\x2C\x78\x2C\x58\x2C\x78\x2C\x78\x2C\x58\x2C\x78\x2C\x78\x2C\x78" +
	"\x2C\x78\x2C\x78\x2C\x78\x1C\x58\x04\x17\x03\xF7\x03\xF7\x03\xF7\x0C\x17\x03\xF7\x03\xF7\x04\x72\x14\x8F\x14\x8F\x0C\x8F\x0C\x8F" +
	"\x14\x8F\x14\x8F\x0C\x8F\x14\x8F\x14\x8F\x14\x8F\x14\x8F\x04\x35\x04\x17\x03\xF7\x8D\xBA\xAD\xDB\xAD\xFB\xAD\xFB\xAD\xFB\xAD\xFB" +
	"\xAD\xFB\xAD\xFB\xAD\xFB\xAD\xFB\xAD\xFB\xAD\xFA\xAD\xFA\xAD\xFB\xAD\xFB\xAD\xFA\xAD\xFB\xA6\x1B\xAD\xFB\xAD\xFA\xAD\xFB\xAD\xFB" +
	"\xB5\xFA\xAD\xFA\xAE\x1A\xAD\xFA\xB6\x1A\x6D\x9A\x04\x17\x1C\x78\x75\x5A\x75\x3A\x75\x3A\x75\x5A\x75\x5A\x75\x5A\x5D\x39\x3C\xD9" +
	"\x1C\xB8\x24\xB8\x24\xB8\x1C\xB8\x0C\x78\x14\x98\x6D\x5A\x65\x39\x6D\x3A\x65\x5A\x34\xF9\x1C\xB8\x1C\xB8\x0C\x98\x04\x58\x04\x58" +
	"\x04\x58\x04\x78\x0C\x98\x0C\x98\x3D\x39\x5D\x59\x65\x99\xA5\xF9\xBE\x39\xC6\x39\xBE\x19\x95\xD9\x8D\xD9\x55\x79\x55\x59\x14\xD8" +
	"\x04\x78\x04\x78\x04\x78\x04\x78\x04\x78\x04\x78\x04\x98\x04\x98\x04\x98\x04\x98\x04\x78\x04\x98\x04\x98\x04\x98\x04\x78\x04\x98" +
	"\x04\x98\x04\x98\x04\xB8\x1C\xF9\x1C\xF9\x55\x99\x95\xF9\xB6\x39\xBE\x39\xBE\x39\xB6\x39\xB6\x59\xB6\x59\xB6\x59\xBE\x59\xAE\x39" +
	"\x85\xF9\x35\x39\x04\xB8\x04\xB8\x0C\xD8\x4D\x59\x75\x99\x7D\x99\x7D\x99\x7D\x99\x7D\x99\x7D\x99\x7D\x99\x7D\x99\x7D\x99\x7D\x99" +
	"\x7D\x99\x7D\x99\x7D\x99\x7D\x99\x7D\x99\x7D\x99\x7D\x99\x7D\x99\x7D\x99\x7D\x98\x7D\x98\x7D\x98\x7D\xB8\x7D\xB8\x7D\xB8\x7D\xB8" +
	"\x34\x38\x34\x38\x34\x38\x34\x38\x34\x38\x34\x38\x34\x38\x34\x38\x34\x38\x34\x38\x34\x38\x34\x38\x34\x38\x34\x38\x34\x38\x34\x38" +
	"\x34\x38\x34\x38\x34\x38\x34\x38\x34\x38\x34\x38\x34\x38\x34\x38\x34\x38\x34\x38\x34\x38\x34\x38\x34\x38\x34\x38\x34\x38\x34\x38" +
	"\x34\x38\x34\x38\x34\x38\x34\x38\x34\x38\x34\x38\x34\x38\x34\x38\x34\x38\x34\x38\x34\x38\x34\x38\x34\x58\x34\x58\x34\x38\x34\x58" +
	"\x34\x58\x34\x58\x34\x58\x34\x58\x34\x58\x34\x58\x34\x58\x34\x58\x34\x58\x34\x58\x34\x58\x34\x58\x34\x58\x34\x58\x2C\x58\x2C\x58" +
	"\x2C\x58\x2C\x58\x2C\x58\x2C\x58\x34\x58\x2C\x58\x2C\x58\x2C\x58\x2C\x58\x2C\x58\x2C\x58\x2C\x58\x2C\x58\x2C\x58\x2C\x58\x2C\x78" +
	"\x2C\x78\x24\x58\x14\x38\x03\xF7\x03\xD7\x24\x78\x8D\x9B\x8D\xBB\xA5\xDB\x2C\x98\x03\xF7\x04\x36\x0C\x8F\x14\x8F\x14\x8F\x0C\x8F" +
	"\x0C\x8F\x14\x8F\x14\x8F\x0C\x8F\x14\x8F\x14\x8F\x14\x8F\x04\x17\x04\x17\x44\xD9\xAD\xFB\xAD\xFB\xAD\xDB\xAD\xDB\xAD\xFB\xAD\xFB" +
	"\xAD\xFB\xAD\xFB\xAD\xFB\xAD\xFB\xAD\xFB\xAD\xFB\xAD\xFA\xAD\xFA\xAD\xFB\xA5\xFB\xAD\xFB\xAD\xFB\xAE\x1B\xAD\xFB\xAD\xFA\xAD\xFB" +
	"\xAD\xFA\xB5\xFA\xAD\xFA\xAE\x1A\xAE\x1A\xAD\xFA\x24\xB8\x04\x37\x6D\x3A\x75\x3A\x75\x3A\x75\x3A\x75\x5A\x75\x5A\x75\x5A\x7D\x5A" +
	"\x75\x5A\x75\x5A\x7D\x5A\x7D\x5A\x7D\x5A\x75\x5A\x75\x5A\x75\x5A\x75\x5A\x7D\x5A\x7D\x5A\x7D\x5A\x7D\x5A\x75\x5A\x5D\x59\x5D\x39" +
	"\x5D\x39\x45\x19\x14\xB8\x04\x78\x04\x78\x04\x58\x04\x58\x04\x78\x14\xB8\x1C\xD8\x55\x79\x9D\xF9\xAD\xF9\xB6\x39\xC6\x39\xB6\x39" +
	"\x8D\xD9\x8D\xD9\x6D\x99\x55\x79\x65\xB9\x3D\x39\x14\xF9\x1C\xF8\x1C\xF9\x0C\xD9\x3D\x59\x0C\xD9\x0C\xD8\x2D\x19\x45\x79\x45\x79" +
	"\x5D\x99\x8D\xF9\xA6\x1A\xBE\x39\xBE\x39\xBE\x39\xB6\x39\xB6\x39\xB6\x39\xB6\x39\xB6\x39\xBE\x39\xAE\x39\x7D\xF9\x45\x79\x0C\xD9" +
	"\x04\x98\x04\xB8\x24\xF9\x65\x79\x7D\x99\x85\x99\x7D\x99\x7D\x99\x7D\x99\x7D\x99\x7D\x99\x7D\x99\x7D\x99\x7D\x99\x7D\x99\x7D\x99" +
	"\x7D\x99\x7D\x99\x7D\x99\x7D\x99\x7D\x99\x7D\x99\x7D\x99\x7D\x99\x7D\x99\x7D\x98\x7D\x98\x7D\x98\x7D\x98\x7D\xB8\x7D\xB8\x7D\xB8" +
	"\x34\x38\x34\x38\x34\x38\x34\x38\x34\x38\x34\x38\x34\x38\x34\x38\x34\x38\x34\x38\x34\x38\x34\x38\x34\x38\x34\x38\x34\x38\x34\x38" +
	"\x34\x38\x34\x38\x34\x38\x34\x38\x34\x38\x34\x38\x34\x38\x34\x38\x34\x38\x34\x38\x34\x38\x34\x38\x34\x38\x34\x38\x34\x38\x34\x38" +
	"\x34\x38\x34\x38\x34\x38\x34\x38\x34\x38\x34\x38\x34\x38\x34\x38\x34\x38\x34\x38\x34\x38\x34\x38\x34\x38\x34\x58\x34\x58\x34\x58" +
	"\x34\x58\x34\x58\x34\x58\x34\x58\x34\x58\x34\x58\x34\x58\x34\x58\x34\x58\x34\x58\x34\x58\x34\x58\x34\x58\x34\x58\x34\x58\x34\x58" +
	"\x34\x58\x2C\x58\x34\x58\x34\x58\x34\x58\x34\x58\x34\x58\x34\x58\x34\x58\x2C\x58\x2C\x58\x2C\x58\x2C\x58\x2C\x58\x2C\x58\x2C\x58" +
	"\x1C\x37\x03\xF7\x03\xF7\x0C\x17\x75\x5A\x95\xBB\xAD\xFB\xAD\xDB\xAD\xDB\x95\xBB\x0C\x17\x03\xF7\x04\x53\x14\x8F\x14\x8F\x14\x8F" +
	"\x14\x8F\x0C\x8F\x14\x8F\x14\x8F\x14\x8F\x0C\x8F\x04\x53\x04\x17\x0C\x38\xA5\xFB\xAD\xDB\xAD\xFB\xAD\xFB\xAD\xFB\xAD\xDB\xAD\xFB" +
	"\xAD\xFB\xAD\xFB\xAD\xFB\xAD\xFB\xAD\xFB\xAD\xFB\xAD\xFB\xAD\xFB\xAD\xFA\xAD\xFB\xAD\xFB\xAD\xFB\xAD\xFB\xA6\x1B\xAD\xFB\xAD\xFA" +
	"\xAD\xFA\xAD\xFA\xAD\xFA\xAE\x1A\xAD\xFA\xB6\x1A\x65\x59\x04\x38\x24\x98\x7D\x3A\x6D\x3A\x75\x3A\x75\x3A\x75\x5A\x75\x5A\x75\x5A" +
	"\x75\x5A\x75\x5A\x75\x5A\x75\x5A\x75\x5A\x75\x5A\x7D\x5A\x75\x5A\x75\x5A\x75\x5A\x75\x5A\x75\x5A\x75\x5A\x75\x5A\x75\x5A\x75\x7A" +
	"\x75\x7A\x75\x7A\x7D\x7A\x75\x79\x6D\x79\x4D\x19\x24\xF9\x24\xB8\x0C\x98\x04\x78\x04\x58\x04\x58\x04\x58\x14\xB8\x2C\xF8\x45\x59" +
	"\x65\x99\x75\xD9\x85\xD9\xBE\x39\xBE\x39\xBE\x39\xBE\x39\xBE\x39\xBE\x39\xB6\x39\xBE\x39\xB6\x39\xB6\x39\xB6\x39\xBE\x59\xBE\x39" +
	"\xBE\x39\xB6\x39\xB6\x39\xB6\x39\xB6\x39\xB6\x39\xB6\x39\xB6\x39\xBE\x39\xBE\x39\xB6\x39\x65\xB9\x0C\xD8\x04\x98\x04\x98\x14\xF9" +
	"\x45\x39\x65\x79\x85\x99\x7D\x99\x7D\x99\x7D\x99\x7D\x99\x7D\x99\x7D\x99\x7D\x99\x7D\x99\x7D\x99\x7D\x99\x7D\x99\x7D\x99\x7D\x99" +
	"\x7D\x99\x7D\x99\x7D\x99\x7D\x99\x7D\x99\x7D\x99\x7D\x99\x7D\x99\x7D\x99\x7D\x99\x7D\x98\x7D\x98\x7D\x98\x7D\x99\x7D\xB8\x85\xB8" +
	"\x34\x38\x34\x38\x34\x38\x34\x38\x34\x38\x34\x38\x34\x38\x34\x38\x34\x38\x34\x38\x34\x38\x34\x38\x34\x38\x34\x38\x34\x38\x34\x38" +
	"\x34\x38\x34\x38\x34\x38\x34\x38\x34\x38\x34\x38\x34\x38\x34\x38\x34\x38\x34\x38\x34\x38\x34\x38\x34\x38\x34\x38\x34\x38\x34\x38" +
	"\x34\x38\x34\x38\x34\x38\x34\x38\x34\x38\x34\x38\x34\x38\x34\x38\x34\x38\x34\x38\x34\x38\x34\x38\x34\x38\x34\x38\x34\x38\x34\x58" +
	"\x34\x58\x34\x58\x34\x38\x34\x58\x34\x38\x34\x58\x34\x38\x34\x58\x34\x58\x34\x58\x34\x58\x34\x58\x34\x58\x34\x58\x34\x38\x34\x38" +
	"\x34\x38\x34\x38\x34\x38\x34\x38\x34\x58\x34\x58\x34\x58\x34\x58\x34\x58\x34\x58\x2C\x58\x2C\x78\x2C\x58\x2C\x78\x1C\x38\x0C\x17" +
	"\x03\xF7\x03\xD7\x2C\x98\x8D\xBB\xB5\xFB\xAD\xDB\xAD\xFB\xAD\xDB\xAD\xDB\xB5\xFB\x44\xD9\x03\xF7\x04\x35\x14\x8F\x14\x8F\x14\x8F" +
	"\x14\x8F\x14\x8F\x0C\x8F\x0C\x8F\x14\x8F\x04\x73\x03\xF7\x04\x17\x0C\x17\x9D\xDB\xAD\xFB\xAD\xFB\xAD\xDB\xAD\xFB\xAD\xFB\xAD\xDB" +
	"\xAD\xFB\xAD\xFB\xAD\xFB\xAD\xFB\xAD\xFB\xAD\xFB\xAD\xFB\xB5\xFB\xAD\xFA\x8D\xBA\x9D\xDA\xAE\x1B\xB6\x1A\xAD\xFA\xAD\xFB\xAD\xFA" +
	"\xAD\xFA\xAE\x1B\xAE\x1A\xAD\xFA\xAE\x1A\xAE\x1A\xAD\xFA\x34\xD9\x04\x37\x1C\xB8\x24\xB8\x75\x3A\x75\x3A\x75\x3A\x75\x5A\x75\x5A" +
	"\x75\x5A\x75\x5A\x75\x5A\x75\x5A\x75\x5A\x75\x5A\x75\x5A\x7D\x5A\x75\x5A\x75\x5A\x75\x5A\x75\x5A\x75\x5A\x75\x5A\x75\x5A\x75\x5A" +
	"\x75\x7A\x75\x7A\x75\x7A\x75\x7A\x75\x79\x75\x79\x7D\x7A\x7D\x7A\x75\x79\x65\x59\x4D\x39\x24\xF9\x34\xF9\x1C\xB8\x14\x98\x04\x78" +
	"\x04\x58\x04\x78\x04\x78\x14\xB8\x55\x99\x85\xD9\x9E\x1A\xB6\x19\xBE\x39\xBE\x39\xB6\x19\xBE\x39\xB6\x19\xB6\x39\xB6\x39\xB6\x39" +
	"\xB6\x39\xBE\x39\xBE\x39\xBE\x39\xBE\x3A\xBE\x39\xB6\x39\x9E\x19\x45\x59\x35\x39\x04\xB8\x04\x98\x04\xB8\x14\xD8\x4D\x59\x7D\x99" +
	"\x7D\x99\x7D\x99\x7D\x99\x7D\x99\x7D\x99\x7D\x99\x7D\x99\x7D\x99\x7D\x99\x7D\x99\x7D\x99\x7D\x99\x7D\x99\x7D\x99\x7D\x99\x7D\x99" +
	"\x7D\x99\x7D\x99\x7D\x99\x7D\x99\x7D\x99\x7D\x99\x7D\x99\x7D\x98\x7D\x99\x7D\x98\x7D\x98\x7D\x98\x7D\x98\x85\x99\x5D\x79\x3D\x58" +
	"\x34\x38\x34\x38\x34\x38\x34\x38\x34\x38\x34\x38\x34\x38\x34\x38\x34\x38\x34\x38\x34\x38\x34\x38\x34\x38\x34\x38\x34\x38\x34\x38" +
	"\x34\x58\x34\x38\x34\x38\x34\x38\x34\x38\x34\x38\x34\x38\x34\x38\x34\x38\x34\x38\x34\x38\x34\x38\x34\x38\x34\x38\x34\x38\x34\x38" +
	"\x34\x38\x34\x38\x34\x38\x34\x38\x34\x38\x34\x38\x34\x38\x34\x38\x34\x38\x34\x38\x34\x38\x34\x38\x34\x38\x34\x38\x34\x38\x34\x58" +
	"\x34\x58\x34\x38\x34\x38\x34\x38\x34\x38\x34\x38\x34\x38\x34\x38\x34\x58\x34\x58\x34\x58\x34\x58\x34\x38\x34\x38\x34\x38\x34\x58" +
	"\x34\x38\x34\x38\x34\x38\x34\x38\x34\x38\x34\x58\x34\x58\x2C\x58\x34\x58\x34\x58\x34\x58\x14\x37\x14\x17\x0C\x17\x03\xD6\x03\xD7" +
	"\x04\x17\x5D\x19\xAD\xFB\xAD\xFB\xAD\xFB\xAD\xDB\xAD\xDB\xAD\xDB\xAD\xDB\xAD\xFB\x8D\xBA\x03\xF7\x03\xF7\x04\x36\x0C\x71\x14\x8F" +
	"\x0C\x8F\x14\x8F\x14\x8F\x14\x8F\x14\x8F\x04\x36\x04\x17\x0C\x17\x3C\xD9\xAD\xDB\xAD\xFB\xAD\xFB\xAD\xDB\xAD\xDB\xAD\xFB\xAD\xFB" +
	"\xAD\xDB\xAD\xFB\xAD\xFB\xAD\xFB\xAD\xFB\xAD\xFB\xB5\xFB\x65\x5A\x0C\x38\x04\x17\x0C\x38\x3C\xF9\x5D\x5A\xA5\xFA\xAE\x1A\xAD\xFB" +
	"\xAD\xFB\xB5\xFA\xAE\x1A\xAE\x1A\xB5\xFA\xAD\xFA\xAE\x1A\xAD\xFA\x24\xB8\x04\x37\x24\xB8\x7D\x5A\x75\x3A\x75\x3A\x75\x3A\x75\x5A" +
	"\x75\x5A\x75\x5A\x75\x5A\x75\x5A\x75\x5A\x75\x5A\x75\x5A\x75\x5A\x7D\x5A\x7D\x5A\x75\x5A\x75\x5A\x75\x5A\x75\x5A\x75\x5A\x75\x5A" +
	"\x75\x5A\x75\x7A\x75\x7A\x75\x7A\x75\x7A\x75\x79\x75\x79\x75\x7A\x75\x79\x75\x79\x75\x79\x7D\x7A\x7D\x7A\x7D\x79\x75\x79\x6D\x79" +
	"\x4D\x39\x3D\x19\x14\xB8\x04\x78\x04\x78\x04\x78\x0C\x98\x1C\xF9\x45\x39\x45\x59\x8D\xD9\x75\xB9\x95\xF9\x9D\xF9\x95\xF9\x95\xF9" +
	"\x85\xD9\x6D\xB9\x4D\x79\x45\x59\x35\x39\x25\x19\x0C\xB8\x04\x98\x04\x98\x04\xB8\x14\xD8\x24\xF9\x55\x59\x85\x9A\x7D\x99\x7D\x99" +
	"\x7D\x99\x7D\x99\x7D\x99\x7D\x99\x7D\x99\x7D\x99\x7D\x99\x7D\x99\x7D\x99\x7D\x99\x7D\x99\x7D\x99\x7D\x99\x7D\x99\x7D\x99\x7D\x99" +
	"\x7D\x99\x7D\x99\x7D\x99\x7D\x99\x7D\x99\x7D\x99\x7D\x98\x7D\x98\x7D\x99\x7D\x99\x7D\x99\x85\x99\x75\x99\x35\x39\x04\xB9\x04\xD9" +
	"\x34\x38\x34\x38\x34\x38\x34\x38\x34\x38\x34\x38\x34\x38\x34\x38\x34\x38\x34\x38\x34\x38\x34\x38\x34\x38\x34\x38\x34\x38\x34\x38" +
	"\x34\x38\x34\x38\x34\x38\x34\x38\x34\x38\x34\x38\x34\x38\x34\x38\x34\x38\x34\x38\x34\x38\x34\x38\x34\x38\x34\x38\x34\x38\x34\x38" +
	"\x34\x38\x34\x38\x34\x38\x34\x38\x34\x38\x34\x38\x34\x38\x34\x38\x34\x38\x34\x38\x34\x38\x34\x38\x34\x38\x34\x38\x34\x38\x34\x38" +
	"\x34\x38\x34\x58\x34\x38\x34\x38\x34\x58\x34\x58\x34\x38\x34\x38\x34\x38\x34\x58\x34\x58\x34\x58\x34\x38\x34\x38\x34\x38\x34\x58" +
	"\x34\x38\x34\x58\x34\x38\x34\x38\x34\x38\x34\x58\x34\x58\x34\x58\x2C\x58\x1C\x37\x0B\xF7\x03\xD6\x03\xD6\x03\xF7\x2C\x78\x85\x9A" +
	"\x9D\xDB\xAD\xFB\xAD\xDB\xAD\xDB\xAD\xDB\xAD\xFB\xAD\xDB\xAD\xDB\xAD\xDB\xA5\xDB\xAD\xFB\x5D\x3A\x0C\x17\x03\xF7\x04\x16\x0C\x71" +
	"\x14\x8F\x0C\x71\x04\x54\x04\x35\x04\x35\x03\xF7\x03\xF7\x7D\x9A\xB5\xFB\xAD\xFB\xAD\xFB\xAD\xFB\xAD\xFB\xAD\xFB\xAD\xDB\xAD\xFB" +
	"\xAD\xFB\xAD\xFB\xAD\xFB\xAD\xFB\xAD\xFB\xAD\xFB\x95\xDA\x0C\x38\x04\x17\x14\x58\x0C\x37\x04\x17\x04\x17\x14\x78\x85\xBA\xB6\x1B" +
	"\xAD\xFA\xAD\xFB\xB5\xFA\xAE\x1A\xAE\x1A\xAD\xFA\xAE\x1A\xB6\x1A\x34\xF9\x04\x37\x04\x38\x65\x3A\x75\x3A\x75\x3A\x75\x3A\x75\x3A" +
	"\x75\x3A\x75\x5A\x75\x5A\x75\x5A\x75\x5A\x75\x5A\x75\x5A\x75\x5A\x75\x5A\x7D\x5A\x7D\x5A\x75\x5A\x75\x5A\x75\x5A\x75\x5A\x75\x5A" +
	"\x75\x5A\x75\x5A\x75\x5A\x75\x7A\x75\x7A\x75\x7A\x75\x7A\x75\x79\x75\x79\x75\x79\x75\x79\x75\x79\x75\x7A\x75\x7A\x75\x79\x75\x79" +
	"\x7D\x79\x7D\x7A\x7D\x79\x6D\x79\x4D\x39\x24\xF8\x14\xB8\x0C\x98\x04\x78\x04\x78\x04\x78\x04\x78\x04\x98\x04\x98\x04\x98\x04\x98" +
	"\x04\x78\x04\x78\x04\x78\x04\x78\x04\x98\x04\x98\x14\xD8\x2D\x19\x45\x39\x75\x79\x85\x99\x85\x9A\x7D\x99\x7D\x79\x7D\x99\x7D\x99" +
	"\x7D\x99\x7D\x99\x7D\x99\x7D\x99\x7D\x99\x7D\x99\x7D\x99\x7D\x99\x7D\x99\x7D\x99\x7D\x99\x7D\x99\x7D\x99\x7D\x99\x7D\x99\x7D\x99" +
	"\x7D\x99\x7D\x99\x7D\x99\x7D\x99\x7D\x99\x7D\x99\x7D\x99\x7D\x99\x7D\x99\x7D\x99\x85\x98\x6D\x98\x04\xD8\x04\xB8\x04\xD8\x04\xD9" +
	"\x34\x38\x34\x38\x34\x37\x34\x37\x34\x37\x34\x37\x34\x37\x34\x37\x34\x37\x34\x37\x34\x37\x34\x37\x34\x37\x34\x37\x34\x38\x34\x38" +
	"\x34\x38\x34\x38\x34\x38\x34\x38\x34\x38\x34\x38\x34\x38\x34\x38\x34\x38\x34\x38\x34\x38\x34\x38\x34\x38\x34\x38\x34\x38\x34\x38" +
	"\x34\x38\x34\x38\x34\x38\x34\x38\x34\x38\x34\x38\x34\x38\x34\x38\x34\x38\x34\x38\x34\x38\x34\x38\x34\x38\x34\x38\x34\x38\x34\x38" +
	"\x34\x38\x34\x38\x34\x58\x34\x58\x34\x38\x34\x38\x34\x38\x34\x38\x34\x38\x34\x38\x34\x38\x34\x58\x34\x58\x34\x38\x34\x58\x34\x38" +
	"\x34\x38\x34\x58\x34\x38\x34\x38\x34\x38\x34\x58\x34\x58\x34\x58\x14\x17\x03\xD7\x03\xD6\x14\x37\x54\xF9\x95\xBB\xAD\xFB\xAD\xFB" +
	"\xAD\xDB\xAD\xDB\xAD\xFB\xAD\xDB\xAD\xDB\xAD\xDB\xAD\xFB\xAD\xFB\xAD\xDB\xAD\xDB\xAD\xDB\xAD\xFB\x95\xBB\x0C\x38\x03\xF7\x04\x16" +
	"\x04\x53\x03\xF7\x03\xF7\x03\xF7\x03\xF7\x04\x17\x55\x19\xB5\xFB\xAD\xFB\xAD\xFB\xAD\xFB\xAD\xFB\xAD\xFB\xAD\xFB\xAD\xFB\xAD\xDB" +
	"\xAD\xDB\xAD\xFB\xAD\xDB\xAD\xFB\xAD\xFB\xB5\xFB\x6D\x5A\x04\x17\x24\x98\x7D\x3A\x6D\x1A\x34\xB9\x0C\x58\x04\x17\x04\x38\x5D\x5A" +
	"\xB6\x1A\xAD\xFB\xAD\xFB\xB5\xFA\xAE\x1A\xAE\x1A\xB6\x1A\x5D\x59\x04\x37\x14\x78\x65\x19\x75\x3A\x75\x3A\x75\x3A\x75\x3A\x75\x3A" +
	"\x75\x3A\x75\x5A\x75\x5A\x75\x5A\x75\x5A\x75\x5A\x75\x5A\x75\x5A\x75\x5A\x75\x5A\x75\x5A\x7D\x5A\x75\x5A\x75\x5A\x75\x5A\x75\x5A" +
	"\x75\x5A\x75\x5A\x75\x5A\x75\x7A\x75\x7A\x75\x7A\x75\x7A\x75\x79\x75\x79\x75\x79\x75\x79\x75\x79\x75\x79\x75\x7A\x75\x7A\x75\x79" +
	"\x75\x79\x75\x79\x75\x79\x75\x79\x7D\x79\x7D\x79\x7D\x9A\x6D\x79\x55\x59\x55\x59\x35\x19\x35\x19\x35\x19\x35\x19\x35\x18\x35\x19" +
	"\x2D\x19\x2C\xF8\x4D\x39\x5D\x59\x65\x59\x6D\x79\x7D\x79\x7D\x79\x7D\x99\x7D\x79\x7D\x79\x7D\x79\x7D\x99\x7D\x79\x7D\x79\x7D\x99" +
	"\x7D\x99\x7D\x99\x7D\x99\x7D\x99\x7D\x99\x7D\x99\x7D\x99\x7D\x99\x7D\x99\x7D\x99\x7D\x99\x7D\x99\x7D\x99\x7D\x99\x7D\x99\x7D\x99" +
	"\x7D\x99\x7D\x99\x7D\x99\x7D\x99\x7D\x99\x7D\x99\x7D\x99\x7D\x99\x85\x99\x85\xB9\x6D\x99\x0C\xD8\x04\xB8\x04\xD9\x04\xF9\x05\x5A" +
	"\x34\x37\x34\x37\x34\x38\x34\x38\x34\x38\x34\x38\x34\x38\x34\x38\x34\x38\x34\x38\x34\x38\x34\x38\x34\x38\x34\x38\x34\x38\x34\x38" +
	"\x34\x38\x34\x38\x34\x38\x34\x38\x34\x38\x34\x38\x34\x38\x34\x38\x34\x38\x34\x38\x34\x38\x34\x38\x34\x38\x34\x38\x34\x38\x34\x38" +
	"\x34\x38\x34\x38\x34\x38\x34\x38\x34\x38\x34\x38\x34\x38\x34\x38\x34\x38\x34\x38\x34\x38\x34\x38\x34\x38\x34\x38\x34\x38\x34\x38" +
	"\x34\x38\x34\x38\x34\x38\x34\x38\x34\x58\x34\x38\x34\x38\x34\x38\x34\x38\x34\x38\x34\x58\x34\x38\x34\x38\x34\x38\x34\x38\x34\x38" +
	"\x34\x38\x34\x38\x34\x38\x34\x58\x34\x38\x34\x38\x34\x58\x1C\x17\x03\xD7\x03\xD7\x44\xB9\x9D\xDB\xAD\xFB\xAD\xDB\xAD\xDB\xAD\xDB" +
	"\xAD\xDB\xAD\xDB\xAD\xDB\xAD\xFB\xAD\xDB\xAD\xDB\xAD\xDB\xAD\xDB\xAD\xFB\xAD\xDB\xAD\xDB\xAD\xDB\xAD\xFB\x5D\x3A\x03\xF7\x03\xF7" +
	"\x03\xF7\x03\xF7\x14\x58\x7D\x7A\x4D\x19\x8D\x9A\xB5\xFB\xAD\xFB\xAD\xFB\xAD\xFB\xAD\xFB\xAD\xFB\xAD\xFB\xAD\xFB\xAD\xFB\xAD\xFB" +
	"\xAD\xDB\xAD\xFB\xAD\xFB\xAD\xDB\xAD\xFB\xAD\xFB\x85\xBA\x04\x17\x14\x58\x75\x3A\x75\x1A\x75\x3A\x54\xF9\x0C\x58\x04\x17\x04\x37" +
	"\x55\x39\xB6\x1A\xAD\xFB\xAD\xFA\xB5\xFA\xAD\xFA\xAE\x1A\x14\x78\x04\x58\x65\x3A\x75\x3A\x75\x3A\x75\x3A\x75\x3A\x75\x3A\x75\x3A" +
	"\x75\x3A\x75\x3A\x75\x5A\x75\x5A\x75\x5A\x75\x5A\x75\x5A\x75\x5A\x75\x5A\x75\x5A\x75\x5A\x75\x5A\x7D\x5A\x75\x5A\x75\x5A\x75\x5A" +
	"\x75\x5A\x75\x5A\x75\x5A\x75\x5A\x75\x5A\x75\x7A\x75\x7A\x75\x7A\x75\x7A\x75\x79\x75\x79\x75\x79\x75\x79\x75\x79\x75\x79\x75\x7A" +
	"\x75\x79\x75\x79\x75\x79\x75\x79\x75\x79\x75\x79\x75\x79\x75\x79\x7D\x79\x7D\x79\x7D\x99\x7D\x99\x7D\x99\x7D\x99\x7D\x79\x7D\x79" +
	"\x7D\x79\x7D\x79\x7D\x79\x7D\x79\x7D\x79\x7D\x79\x75\x79\x75\x79\x7D\x79\x7D\x79\x7D\x79\x7D\x79\x7D\x79\x7D\x79\x7D\x79\x7D\x99" +
	"\x7D\x99\x7D\x99\x7D\x99\x7D\x99\x7D\x99\x7D\x99\x7D\x99\x7D\x99\x7D\x99\x7D\x99\x7D\x99\x7D\x99\x7D\x99\x7D\x99\x7D\x99\x7D\x99" +
	"\x7D\x99\x7D\x99\x7D\x99\x7D\x99\x7D\x99\x7D\x99\x7D\x99\x85\x99\x75\x99\x25\x18\x0C\xD8\x04\xD8\x04\xF9\x05\x3A\x05\xDB\x06\x1B" +
	"\x34\x38\x34\x17\x3C\x18\x3C\x38\x3C\x18\x34\x17\x3C\x17\x3C\x17\x3C\x17\x3C\x17\x3C\x18\x34\x37\x34\x38\x34\x18\x34\x18\x34\x18" +
	"\x34\x37\x34\x37\x34\x38\x34\x38\x34\x38\x34\x38\x34\x38\x34\x38\x34\x38\x34\x38\x34\x38\x34\x38\x34\x38\x34\x38\x34\x38\x34\x38" +
	"\x34\x38\x34\x38\x34\x38\x34\x38\x34\x38\x34\x38\x34\x38\x34\x38\x34\x38\x34\x38\x34\x38\x34\x38\x34\x38\x34\x38\x34\x38\x34\x38" +
	"\x34\x38\x34\x38\x34\x38\x34\x38\x34\x58\x34\x58\x34\x38\x34\x38\x34\x38\x34\x38\x34\x58\x34\x38\x34\x38\x34\x38\x34\x38\x34\x38" +
	"\x34\x38\x34\x38\x34\x38\x34\x38\x34\x38\x2C\x38\x0B\xD7\x03\xD7\x03\xD7\x65\x3A\xB5\xDB\xAD\xDB\xAD\xDB\xAD\xDB\xAD\xDB\xAD\xDB" +
	"\xAD\xDB\xAD\xFB\xAD\xDB\xAD\xDB\xAD\xDB\xAD\xFB\xAD\xDB\xAD\xDB\xAD\xDB\xAD\xFB\xAD\xDB\xAD\xDB\xAD\xDB\xAD\xFB\x7D\x7A\x1C\x58" +
	"\x0B\xF7\x0C\x17\x6D\x5A\xB5\xFB\xB5\xFB\xAD\xDB\xAD\xDB\xAD\xDB\xAD\xFB\xAD\xFB\xAD\xFB\xAD\xFB\xAD\xFB\xAD\xFB\xAD\xFB\xAD\xFB" +
	"\xAD\xFB\xAD\xDB\xAD\xFB\xAD\xFB\xAD\xFB\xAD\xFB\xAD\xFB\x1C\x78\x04\x17\x54\xF9\x75\x1A\x75\x1A\x75\x3A\x5D\x19\x1C\x78\x04\x17" +
	"\x04\x17\x4D\x39\xAD\xFA\xAD\xFB\xAD\xFB\xB5\xFA\x75\x9A\x04\x37\x24\x98\x7D\x3A\x75\x3A\x75\x3A\x75\x3A\x75\x3A\x75\x3A\x75\x3A" +
	"\x75\x3A\x75\x3A\x75\x3A\x75\x3A\x75\x5A\x75\x5A\x75\x5A\x75\x5A\x75\x5A\x75\x5A\x75\x5A\x75\x5A\x7D\x5A\x7D\x5A\x75\x5A\x75\x5A" +
	"\x75\x5A\x75\x5A\x75\x5A\x75\x5A\x75\x5A\x75\x5A\x75\x7A\x75\x7A\x75\x7A\x75\x7A\x75\x79\x75\x79\x75\x79\x75\x79\x75\x79\x75\x79" +
	"\x75\x79\x75\x79\x75\x79\x75\x79\x75\x79\x75\x79\x75\x79\x75\x79\x75\x99\x75\x79\x75\x79\x75\x79\x75\x99\x75\x99\x75\x79\x75\x79" +
	"\x75\x79\x75\x79\x7D\x79\x7D\x79\x7D\x79\x7D\x79\x7D\x79\x75\x79\x75\x79\x7D\x79\x7D\x79\x7D\x79\x7D\x79\x7D\x79\x7D\x79\x7D\x99" +
	"\x7D\x99\x7D\x99\x7D\x7A\x7D\x99\x7D\x99\x7D\x99\x7D\x99\x7D\x99\x7D\x99\x7D\x99\x7D\x99\x7D\x99\x7D\x99\x7D\x99\x7D\x99\x7D\x99" +
	"\x7D\x99\x7D\x99\x7D\x99\x7D\x99\x7D\x99\x7D\x99\x75\x99\x35\x39\x1C\xF9\x04\xB8\x04\xB8\x04\xD9\x05\x3A\x05\xDB\x06\x1B\x06\x1B" +
	"\x3C\x17\x3B\xF7\x3C\x17\x3B\xF7\x3B\xF7\x3B\xF7\x3B\xF7\x3B\xF7\x3C\x17\x3C\x17\x3C\x17\x3C\x17\x34\x37\x34\x38\x34\x18\x34\x37" +
	"\x34\x18\x34\x18\x34\x37\x34\x38\x34\x38\x34\x38\x34\x37\x34\x38\x34\x37\x34\x38\x34\x38\x34\x38\x34\x38\x34\x38\x34\x38\x34\x38" +
	"\x34\x38\x34\x38\x34\x38\x34\x38\x34\x38\x34\x38\x34\x38\x34\x38\x34\x38\x34\x38\x34\x38\x34\x38\x34\x38\x34\x38\x34\x38\x34\x38" +
	"\x34\x38\x34\x38\x34\x38\x34\x38\x34\x38\x34\x38\x34\x58\x34\x38\x34\x38\x34\x38\x34\x58\x34\x38\x34\x38\x34\x38\x34\x38\x34\x38" +
	"\x34\x38\x34\x38\x34\x38\x34\x38\x34\x38\x1C\x17\x03\xD7\x03\xD7\x03\xF7\x75\x7A\xAD\xDB\xAD\xDB\xAD\xDB\xAD\xDB\xAD\xDB\xAD\xDB" +
	"\xAD\xDB\xAD\xDB\xAD\xFB\xAD\xDB\xAD\xDB\xAD\xDB\xAD\xFB\xAD\xFB\xAD\xDB\xAD\xDB\xAD\xFB\xAD\xDB\xAD\xDB\xAD\xDB\xAD\xFB\xAD\xFB" +
	"\x9D\xBB\x9D\xDB\xB5\xFB\xAD\xDB\xAD\xDB\xAD\xDB\xAD\xDB\xAD\xDB\xAD\xDB\xAD\xFB\xAD\xFB\xAD\xFB\xAD\xFB\xAD\xFB\xAD\xFB\xAD\xFB" +
	"\xAD\xFB\xAD\xFB\xAD\xDB\xAD\xFB\xAD\xFB\xAD\xFB\xB5\xFB\x5D\x5A\x04\x17\x1C\x58\x7D\x3A\x6D\x1A\x75\x1A\x75\x3A\x75\x3A\x3C\xD9" +
	"\x04\x17\x04\x17\x65\x59\xB6\x1A\xAD\xFA\xB6\x1A\x24\x98\x04\x37\x55\x19\x75\x3A\x75\x3A\x75\x3A\x75\x3A\x75\x3A\x75\x3A\x75\x3A" +
	"\x75\x3A\x75\x3A\x75\x3A\x75\x3A\x75\x3A\x75\x5A\x75\x5A\x75\x5A\x75\x5A\x75\x5A\x75\x5A\x7D\x5A\x7D\x5A\x75\x5A\x7D\x5A\x75\x5A" +
	"\x75\x5A\x7D\x5A\x7D\x5A\x75\x5A\x75\x5A\x75\x5A\x75\x5A\x75\x7A\x75\x7A\x75\x7A\x75\x7A\x75\x7A\x75\x79\x75\x79\x75\x79\x75\x79" +
	"\x75\x79\x75\x7A\x75\x79\x75\x79\x75\x79\x75\x79\x75\x79\x75\x79\x75\x79\x75\x79\x75\x99\x75\x79\x75\x79\x75\x99\x75\x99\x75\x79" +
	"\x75\x79\x75\x79\x7D\x79\x75\x79\x75\x79\x7D\x79\x7D\x79\x7D\x79\x75\x79\x75\x79\x75\x79\x7D\x79\x7D\x79\x7D\x79\x7D\x79\x7D\x79" +
	"\x7D\x79\x7D\x79\x7D\x79\x7D\x7A\x7D\x99\x7D\x99\x7D\x99\x7D\x99\x7D\x99\x7D\x99\x7D\x99\x7D\x99\x7D\x99\x7D\x99\x7D\x99\x7D\x99" +
	"\x7D\x99\x7D\x99\x7D\x99\x85\x99\x6D\x79\x1C\xF9\x04\xD8\x04\xB8\x04\xB8\x04\xB8\x05\x19\x05\x9B\x06\x1B\x06\x1B\x06\x1B\x06\x1B" +
	"\x33\xF7\x33\xF7\x33\xF7\x33\xF7\x33\xF7\x33\xF7\x33\xF7\x33\xF7\x33\xF7\x3C\x17\x3C\x17\x3C\x17\x34\x17\x34\x38\x34\x18\x34\x18" +
	"\x34\x18\x34\x18\x34\x18\x34\x18\x34\x38\x34\x38\x34\x37\x34\x38\x34\x38\x34\x38\x34\x38\x34\x38\x34\x38\x34\x38\x34\x38\x34\x38" +
	"\x34\x38\x34\x58\x34\x38\x34\x38\x34\x38\x34\x38\x34\x38\x34\x38\x34\x38\x34\x38\x34\x38\x34\x38\x34\x38\x34\x38\x34\x38\x34\x38" +
	"\x34\x38\x34\x38\x34\x38\x34\x38\x34\x38\x34\x38\x34\x38\x34\x58\x34\x38\x34\x38\x34\x58\x34\x38\x34\x38\x34\x38\x34\x38\x34\x38" +
	"\x34\x38\x34\x38\x34\x38\x34\x38\x34\x38\x0B\xF7\x0B\xF7\x14\x37\x03\xD6\x0C\x17\x24\x78\x5D\x1A\xA5\xDB\xB5\xDB\xAD\xDB\xAD\xDB" +
	"\xAD\xDB\xAD\xDB\xAD\xDB\xAD\xFB\xAD\xDB\xAD\xDB\xAD\xDB\xAD\xDB\xAD\xDB\xAD\xDB\xAD\xDB\xAD\xFB\xAD\xDB\xAD\xDB\xAD\xDB\xAD\xDB" +
	"\xAD\xDB\xAD\xDB\xAD\xDB\xAD\xDB\xAD\xDB\xAD\xDB\xAD\xDB\xAD\xDB\xAD\xDB\xAD\xDB\xAD\xFB\xAD\xFB\xAD\xFB\xAD\xDB\xAD\xFB\xAD\xFB" +
	"\xAD\xFB\xAD\xFB\xAD\xFB\xAD\xDB\xAD\xFB\xAD\xFB\xAD\xFB\xAD\xFB\x04\x37\x04\x17\x4C\xD9\x75\x3A\x6D\x1A\x75\x1A\x75\x3A\x75\x3A" +
	"\x34\xB8\x04\x17\x04\x17\x34\xD9\xB6\x1A\x85\xBA\x04\x37\x1C\x78\x7D\x3A\x75\x3A\x75\x3A\x75\x3A\x75\x3A\x75\x3A\x75\x3A\x75\x3A" +
	"\x75\x3A\x75\x3A\x75\x3A\x75\x3A\x75\x3A\x75\x3A\x75\x5A\x75\x5A\x75\x5A\x7D\x5A\x6D\x3A\x55\x19\x4D\x19\x65\x3A\x44\xF9\x0C\x78" +
	"\x0C\x58\x1C\xB8\x55\x39\x75\x5A\x7D\x5A\x75\x5A\x7D\x5A\x75\x5A\x75\x7A\x75\x7A\x75\x7A\x75\x7A\x75\x79\x75\x79\x75\x79\x75\x7A" +
	"\x75\x79\x75\x79\x75\x79\x75\x7A\x75\x79\x75\x79\x75\x79\x75\x79\x75\x79\x75\x79\x75\x79\x75\x79\x75\x79\x75\x79\x75\x79\x75\x79" +
	"\x75\x99\x75\x79\x75\x79\x75\x79\x75\x79\x75\x79\x7D\x79\x7D\x79\x7D\x79\x7D\x79\x7D\x79\x75\x79\x7D\x79\x7D\x79\x7D\x79\x7D\x79" +
	"\x7D\x79\x7D\x79\x7D\x79\x7D\x79\x7D\x79\x7D\x79\x7D\x79\x7D\x99\x7D\x99\x7D\x99\x7D\x99\x7D\x99\x7D\x99\x7D\x99\x7D\x99\x7D\x99" +
	"\x7D\x99\x7D\x99\x55\x79\x1D\x18\x04\xB8\x04\xB8\x04\xB8\x04\xB8\x04\xD9\x05\x5A\x05\xFB\x06\x1B\x06\x1C\x06\x1B\x05\xDB\x05\x1A" +
	"\x33\xF7\x33\xF7\x33\xF7\x33\xF7\x33\xF7\x33\xF7\x33\xF7\x33\xF7\x3C\x18\x3C\x17\x3C\x17\x34\x17\x34\x37\x34\x37\x34\x18\x34\x18" +
	"\x34\x18\x34\x18\x34\x18\x34\x18\x34\x18\x34\x38\x34\x38\x34\x38\x34\x38\x34\x38\x34\x38\x34\x38\x34\x38\x34\x38\x34\x38\x34\x38" +
	"\x34\x38\x34\x38\x34\x38\x34\x38\x34\x38\x34\x38\x34\x38\x34\x38\x34\x38\x34\x38\x34\x38\x34\x38\x34\x38\x34\x38\x34\x38\x34\x38" +
	"\x34\x38\x34\x38\x34\x38\x34\x38\x34\x38\x34\x38\x34\x38\x34\x38\x34\x58\x34\x58\x34\x58\x34\x38\x34\x38\x34\x38\x34\x38\x34\x38" +
	"\x34\x38\x34\x38\x34\x38\x34\x38\x1C\x17\x03\xD7\x44\x99\x2C\x58\x03\xD6\x03\xD7\x03\xD6\x03\xD6\x14\x17\x3C\x99\x5C\xF9\x7D\x5A" +
	"\xAD\xFB\xAD\xDB\xAD\xDB\xAD\xDB\xAD\xDB\xAD\xFB\xAD\xDB\xAD\xDB\xAD\xDB\xAD\xFB\xAD\xDB\xAD\xDB\xAD\xDB\xAD\xFB\xAD\xDB\xAD\xDB" +
	"\xAD\xDB\xAD\xDB\xAD\xDB\xAD\xDB\xAD\xDB\xAD\xDB\xAD\xDB\xAD\xDB\xAD\xDB\xAD\xDB\xAD\xDB\xAD\xFB\xAD\xFB\xAD\xFB\xAD\xFB\xAD\xFB" +
	"\xAD\xFB\xAD\xFB\xAD\xFB\xAD\xFB\xAD\xFB\xAD\xFB\xAD\xFB\xAD\xFB\x3C\xF9\x04\x17\x14\x58\x6D\x1A\x75\x3A\x6D\x1A\x75\x3A\x75\x3A" +
	"\x75\x3A\x34\xB8\x04\x37\x04\x37\x7D\x9A\x34\xD8\x04\x17\x5D\x19\x75\x3A\x75\x3A\x75\x3A\x75\x3A\x75\x3A\x75\x3A\x75\x3A\x75\x3A" +
	"\x75\x3A\x75\x3A\x75\x3A\x75\x3A\x75\x3A\x75\x3A\x75\x3A\x75\x5A\x75\x5A\x4C\xF9\x04\x58\x04\x58\x04\x38\x04\x58\x04\x58\x04\x58" +
	"\x04\x58\x04\x58\x04\x58\x0C\x78\x3C\xF9\x44\xF9\x3C\xF9\x6D\x5A\x75\x5A\x75\x7A\x75\x7A\x75\x7A\x75\x7A\x75\x79\x75\x79\x75\x79" +
	"\x75\x79\x75\x79\x75\x79\x75\x79\x75\x7A\x75\x79\x75\x79\x75\x79\x75\x79\x75\x79\x75\x79\x75\x99\x75\x99\x75\x79\x75\x79\x75\x79" +
	"\x75\x79\x75\x79\x75\x79\x75\x79\x75\x79\x7D\x79\x7D\x79\x7D\x79\x7D\x79\x7D\x7A\x7D\x79\x7D\x79\x75\x79\x75\x79\x7D\x79\x7D\x7A" +
	"\x7D\x79\x7D\x79\x7D\x79\x7D\x79\x7D\x79\x7D\x79\x7D\x7A\x7D\x79\x7D\x99\x7D\x99\x7D\x99\x7D\x99\x7D\x99\x7D\x99\x7D\x99\x85\x99" +
	"\x65\x79\x1C\xF8\x04\xB8\x04\xB8\x04\xB8\x04\xD9\x05\x1A\x05\x7A\x05\xBB\x06\x1C\x06\x1C\x06\x1B\x05\xFB\x05\x3A\x05\x1A\x05\x1A" +
	"\x33\xF7\x33\xF7\x33\xF7\x33\xF7\x33\xF7\x33\xF7\x33\xF7\x33\xF7\x3C\x18\x3C\x17\x34\x17\x34\x37\x34\x38\x34\x17\x34\x37\x34\x18" +
	"\x34\x18\x34\x18\x34\x18\x34\x18\x34\x18\x34\x37\x34\x38\x34\x38\x34\x38\x34\x38\x34\x38\x34\x38\x34\x38\x34\x38\x34\x38\x34\x38" +
	"\x34\x38\x34\x38\x34\x38\x34\x38\x34\x38\x34\x38\x34\x38\x34\x38\x34\x38\x34\x38\x34\x38\x34\x38\x34\x38\x34\x38\x34\x38\x34\x38" +
	"\x34\x38\x34\x38\x34\x38\x34\x38\x34\x38\x34\x38\x34\x38\x34\x38\x34\x38\x34\x38\x34\x38\x34\x38\x34\x38\x34\x38\x34\x38\x34\x38" +
	"\x34\x38\x34\x38\x34\x38\x2C\x38\x03\xD7\x2C\x58\x64\xD9\x03\xD7\x03\xF7\x03\xD6\x14\x17\x1C\x38\x0B\xF7\x03\xB6\x03\xB6\x0B\xF7" +
	"\x7D\x5A\xAD\xDB\xAD\xDB\xAD\xDB\xAD\xDB\xAD\xDB\xAD\xFB\xAD\xDB\xAD\xDB\xAD\xDB\xAD\xFB\xAD\xDB\xAD\xDB\xAD\xDB\xAD\xFB\xAD\xDB" +
	"\xAD\xDB\xAD\xDB\xAD\xFB\xAD\xDB\xAD\xDB\xAD\xDB\xAD\xDB\xAD\xDB\xAD\xDB\xAD\xDB\xAD\xDB\xAD\xDB\xAD\xFB\xAD\xFB\xAD\xFB\xAD\xDB" +
	"\xAD\xDB\xAD\xFB\xAD\xFB\xAD\xFB\xAD\xFB\xAD\xFB\xAD\xFB\xAD\xFB\xB5\xFB\x14\x58\x04\x17\x24\x98\x75\x3A\x75\x3A\x6D\x1A\x75\x3A" +
	"\x75\x1A\x75\x3A\x3C\xD9\x04\x17\x0C\x58\x04\x17\x24\x98\x75\x3A\x75\x3A\x75\x3A\x75\x3A\x75\x3A\x75\x3A\x75\x3A\x75\x3A\x75\x3A" +
	"\x75\x3A\x75\x3A\x75\x3A\x75\x3A\x75\x3A\x75\x3A\x75\x3A\x75\x3A\x24\xB8\x04\x58\x04\x58\x04\x58\x04\x58\x04\x58\x04\x58\x04\x58" +
	"\x04\x98\x04\x98\x04\x78\x04\x58\x04\x58\x04\x58\x04\x58\x1C\xB8\x6D\x5A\x75\x5A\x75\x5A\x75\x7A\x75\x7A\x75\x7A\x75\x7A\x75\x79" +
	"\x75\x79\x75\x7A\x75\x7A\x75\x79\x75\x79\x75\x7A\x75\x7A\x75\x79\x75\x79\x75\x79\x75\x79\x75\x79\x75\x79\x75\x79\x75\x79\x75\x79" +
	"\x75\x79\x75\x79\x75\x79\x75\x79\x75\x79\x75\x79\x75\x79\x7D\x79\x75\x79\x75\x79\x7D\x79\x7D\x7A\x7D\x79\x75\x79\x75\x79\x75\x79" +
	"\x7D\x79\x7D\x7A\x7D\x9A\x7D\x79\x7D\x79\x7D\x79\x7D\x79\x7D\x79\x7D\x79\x7D\x7A\x7D\x99\x7D\x99\x7D\x99\x85\x99\x6D\x79\x1C\xF9" +
	"\x04\xB8\x04\xB8\x04\xB8\x04\xD9\x04\xF9\x05\x5A\x05\xFB\x06\x1B\x06\x1C\x06\x1C\x06\x1B\x05\x9B\x05\x1A\x05\x1A\x04\xFA\x05\x1A" +
	"\x3B\xF7\x3B\xF7\x3B\xF7\x33\xF7\x33\xF7\x33\xF7\x33\xF7\x33\xF7\x3C\x17\x3C\x17\x3C\x17\x34\x37\x34\x17\x34\x17\x34\x17\x34\x18" +
	"\x34\x17\x34\x18\x34\x18\x34\x18\x34\x18\x34\x37\x34\x37\x34\x38\x34\x38\x34\x38\x34\x38\x34\x38\x34\x38\x34\x38\x34\x38\x34\x38" +
	"\x34\x38\x34\x38\x34\x38\x34\x38\x34\x38\x34\x38\x34\x38\x34\x38\x34\x38\x34\x38\x34\x38\x34\x38\x34\x38\x34\x38\x34\x38\x34\x38" +
	"\x34\x38\x34\x38\x34\x38\x34\x38\x34\x38\x34\x38\x34\x38\x34\x38\x34\x38\x34\x38\x34\x38\x34\x38\x34\x38\x34\x38\x34\x38\x34\x38" +
	"\x34\x38\x34\x38\x34\x58\x13\xF7\x03\xD7\x64\xD9\x3C\x98\x03\xD6\x03\xD7\x1C\x17\x85\x7A\xAD\xDB\x9D\xBB\x75\x5A\x54\xF9\x03\xB6" +
	"\x44\x99\xB5\xFB\xAD\xDB\xAD\xDB\xAD\xDB\xAD\xDB\xAD\xDB\xAD\xDB\xAD\xDB\xAD\xDB\xAD\xDB\xA5\xDB\xAD\xDB\xAD\xDB\xAD\xDB\xAD\xFB" +
	"\xAD\xDB\xAD\xDB\xAD\xDB\xAD\xFB\xAD\xDB\xAD\xDB\xAD\xDB\xAD\xDB\xAD\xDB\xAD\xDB\xAD\xDB\xAD\xDB\xAD\xDB\xAD\xDB\xAD\xFB\xAD\xFB" +
	"\xAD\xDB\xAD\xFB\xAD\xFB\xAD\xFB\xAD\xFB\xAD\xFB\xAD\xFB\xAD\xDB\xAD\xFB\x8D\xBA\x0C\x37\x04\x37\x65\x19\x75\x1A\x75\x1A\x6D\x1A" +
	"\x75\x1A\x75\x1A\x75\x3A\x24\x98\x04\x17\x04\x17\x65\x19\x75\x3A\x75\x3A\x75\x3A\x75\x3A\x75\x3A\x75\x3A\x75\x3A\x75\x3A\x75\x3A" +
	"\x75\x3A\x75\x3A\x75\x3A\x75\x3A\x75\x5A\x75\x3A\x5D\x19\x24\xB8\x04\x37\x04\x38\x04\x37\x0C\x78\x14\xD9\x04\xF9\x04\x78\x04\x58" +
	"\x05\x7B\x05\xDC\x05\xDC\x04\xF9\x04\x78\x04\xB9\x04\x58\x04\x58\x04\x58\x1C\xB8\x65\x3A\x7D\x5A\x75\x7A\x75\x7A\x75\x7A\x75\x7A" +
	"\x75\x7A\x7D\x7A\x75\x79\x75\x7A\x75\x79\x75\x79\x75\x79\x75\x7A\x75\x7A\x75\x7A\x75\x7A\x75\x7A\x75\x79\x75\x79\x75\x79\x75\x79" +
	"\x75\x79\x75\x79\x75\x79\x75\x79\x75\x79\x75\x79\x75\x79\x7D\x79\x75\x79\x75\x79\x75\x79\x7D\x79\x7D\x7A\x7D\x79\x7D\x79\x7D\x79" +
	"\x75\x79\x7D\x79\x7D\x79\x7D\x7A\x7D\x7A\x7D\x7A\x7D\x9A\x7D\x7A\x85\x9A\x7D\x7A\x85\x9A\x85\x99\x85\x99\x3D\x39\x0C\xD8\x04\xB8" +
	"\x04\xB8\x04\xD9\x05\x5A\x05\x5A\x05\xBB\x06\x1B\x06\x1B\x06\x1B\x06\x1C\x05\xDB\x05\x7B\x04\xFA\x05\x1A\x05\x1A\x05\x9B\x05\xFB" +
	"\x3B\xF7\x3B\xF7\x33\xF7\x33\xF7\x33\xF7\x33\xF7\x33\xF7\x3C\x17\x3C\x17\x3C\x17\x34\x17\x34\x37\x34\x17\x34\x17\x34\x17\x34\x18" +
	"\x34\x17\x34\x18\x34\x18\x34\x18\x34\x18\x34\x37\x34\x37\x34\x38\x34\x38\x34\x38\x34\x38\x34\x38\x34\x38\x34\x38\x34\x38\x34\x38" +
	"\x34\x38\x34\x38\x34\x38\x34\x38\x34\x38\x34\x38\x34\x38\x34\x38\x34\x38\x34\x38\x34\x38\x34\x38\x34\x38\x34\x38\x34\x38\x34\x38" +
	"\x34\x38\x34\x38\x34\x38\x34\x38\x34\x38\x34\x38\x34\x38\x34\x38\x34\x38\x34\x38\x34\x38\x34\x38\x34\x38\x34\x38\x34\x38\x34\x38" +
	"\x34\x38\x34\x38\x2C\x38\x03\xD6\x2C\x58\x6C\xFA\x1C\x17\x03\xD6\x14\x17\x8D\x7A\xAD\xDB\xAD\xDB\xAD\xDB\xB5\xDB\x7D\x7A\x03\xB6" +
	"\x24\x58\xAD\xDB\xAD\xDB\xAD\xDB\xAD\xDB\xAD\xDB\xAD\xDB\xAD\xDB\xAD\xDB\xAD\xFB\xAD\xDB\xAD\xDB\xAD\xDB\xAD\xFB\xAD\xDB\xAD\xDB" +
	"\xAD\xFB\xAD\xDB\xAD\xDB\xAD\xDB\xAD\xFB\xAD\xDB\xAD\xDB\xAD\xDB\xAD\xDB\xAD\xDB\xAD\xDB\xAD\xDB\xAD\xDB\xAD\xDB\xAD\xDB\xAD\xFB" +
	"\xAD\xFB\xAD\xFB\xAD\xFB\xAD\xFB\xAD\xDB\xAD\xFB\xAD\xFB\xAD\xFB\xAD\xDB\xB5\xFB\x4D\x19\x03\xF7\x24\x98\x75\x3A\x75\x1A\x75\x1A" +
	"\x75\x1A\x6D\x1A\x75\x1A\x65\x19\x0C\x58\x04\x17\x1C\x78\x34\xB9\x75\x3A\x75\x3A\x75\x3A\x75\x3A\x75\x3A\x75\x3A\x75\x3A\x75\x3A" +
	"\x75\x3A\x75\x3A\x75\x3A\x65\x1A\x24\x98\x0C\x78\x04\x37\x04\x37\x04\x58\x0C\x98\x04\xF9\x05\x5A\x05\xBB\x05\xFC\x05\xDC\x05\xDB" +
	"\x05\xFC\x05\xDC\x05\xFC\x05\xFC\x05\xFC\x05\xFC\x05\xBB\x04\xF9\x04\x58\x04\x58\x04\x78\x44\xF9\x7D\x5A\x75\x7A\x65\x59\x55\x19" +
	"\x45\x19\x2C\xF9\x4D\x39\x65\x59\x75\x79\x75\x79\x75\x79\x75\x79\x75\x7A\x75\x7A\x75\x79\x75\x79\x75\x79\x75\x9A\x75\x79\x75\x79" +
	"\x75\x99\x75\x79\x7D\x79\x7D\x7A\x7D\x99\x75\x79\x75\x99\x75\x79\x75\x79\x75\x79\x75\x79\x7D\x79\x75\x79\x7D\x7A\x7D\x79\x7D\x7A" +
	"\x7D\x99\x6D\x79\x6D\x79\x5D\x59\x5D\x59\x65\x59\x4D\x59\x4D\x39\x2C\xF9\x35\x19\x35\x39\x35\x39\x24\xF9\x04\xB8\x04\xB8\x04\xB8" +
	"\x05\x7A\x05\xFB\x06\x1B\x06\x1B\x06\x1B\x06\x1B\x05\xFB\x05\xDB\x05\x7A\x04\xF9\x04\xFA\x05\x1A\x05\x7A\x05\xFB\x06\x1C\x05\xDB" +
	"\x3B\xF7\x3B\xF7\x3B\xF7\x33\xF7\x33\xF7\x33\xF7\x33\xF7\x3C\x17\x3C\x17\x3C\x17\x34\x17\x34\x37\x34\x17\x34\x17\x34\x17\x34\x18" +
	"\x34\x17\x34\x18\x34\x18\x34\x18\x34\x18\x34\x37\x34\x37\x34\x37\x34\x38\x34\x38\x34\x38\x34\x38\x34\x38\x34\x38\x34\x38\x34\x38" +
	"\x34\x38\x34\x38\x34\x38\x34\x38\x34\x38\x34\x38\x34\x38\x34\x38\x34\x38\x34\x38\x34\x38\x34\x38\x34\x38\x34\x38\x34\x38\x34\x38" +
	"\x34\x38\x34\x38\x34\x38\x34\x38\x34\x38\x34\x38\x34\x38\x34\x38\x34\x38\x34\x38\x34\x38\x34\x38\x34\x38\x34\x38\x34\x38\x34\x38" +
	"\x34\x38\x34\x38\x0B\xD7\x0B\xF7\x5C\xD9\x5C\xD9\x03\xD7\x0B\xD7\x95\x9B\xAD\xDB\xAD\xDB\xAD\xDB\xAD\xDB\xAD\xFB\x4C\xB9\x03\xB6" +
	"\x65\x1A\xAD\xDB\xAD\xDB\xAD\xDB\xAD\xDB\xAD\xDB\xAD\xDB\xAD\xDB\xAD\xDB\xAD\xDB\xAD\xFB\xAD\xDB\xAD\xDB\xAD\xDB\xAD\xDB\xAD\xDB" +
	"\xAD\xDB\xAD\xDB\xAD\xDB\xAD\xDB\xAD\xDB\xAD\xDB\xAD\xDB\xAD\xDB\xAD\xDB\xAD\xDB\xAD\xDB\xAD\xDB\xAD\xDB\xAD\xFB\xAD\xFB\xAD\xFB" +
	"\xAD\xFB\xAD\xFB\xAD\xFB\xAD\xFB\xAD\xFB\xAD\xFB\xAD\xFB\xAD\xFB\xAD\xFB\xAD\xDB\x95\xBA\x04\x17\x04\x37\x75\x1A\x6D\x3A\x75\x3A" +
	"\x75\x3A\x75\x3A\x6D\x1A\x75\x1A\x6D\x1A\x24\x98\x04\x17\x04\x17\x3C\xD9\x75\x3A\x75\x3A\x75\x3A\x75\x3A\x75\x3A\x75\x3A\x75\x3A" +
	"\x75\x3A\x75\x3A\x5D\x19\x0C\x58\x04\x37\x04\x58\x04\x78\x04\xB9\x05\x5A\x05\x9B\x05\xFC\x05\xFC\x05\xFC\x05\xFC\x05\xFC\x05\xFC" +
	"\x05\xFC\x05\xDC\x05\xDC\x05\xFC\x05\xFC\x05\xFC\x05\xFC\x05\xFC\x05\x7B\x04\xB9\x04\x58\x04\x78\x24\xB8\x6D\x5A\x1C\xB8\x04\x58" +
	"\x04\x58\x04\x58\x04\x58\x04\x78\x0C\x78\x4D\x39\x75\x7A\x7D\x7A\x6D\x7A\x65\x59\x7D\x7A\x75\x7A\x75\x7A\x75\x79\x75\x79\x75\x79" +
	"\x7D\x7A\x6D\x79\x2C\xF8\x2C\xF9\x34\xF9\x5D\x59\x75\x79\x7D\x99\x7D\x99\x75\x79\x7D\x79\x7D\x79\x7D\x79\x6D\x79\x45\x39\x3D\x19" +
	"\x2C\xF9\x04\xB8\x04\x98\x04\x98\x04\x98\x04\x98\x04\x98\x04\x98\x04\x98\x04\xB8\x04\xB8\x04\xB8\x04\xB8\x04\x98\x05\x5A\x05\xFB" +
	"\x06\x1B\x06\x1B\x06\x1B\x06\x1B\x06\x1B\x05\xDB\x05\x3A\x04\xFA\x05\x1A\x04\xFA\x05\x3A\x05\xFB\x06\x1B\x05\xFB\x05\x7A\x04\xFA" +
	"\x3B\xF7\x3B\xF7\x3C\x17\x3B\xF7\x3B\xF7\x3B\xF7\x3B\xF7\x3C\x17\x3C\x17\x34\x17\x34\x17\x34\x37\x34\x17\x34\x17\x34\x17\x34\x18" +
	"\x34\x18\x34\x17\x34\x18\x34\x18\x34\x18\x34\x37\x34\x37\x34\x37\x34\x38\x34\x38\x34\x38\x34\x38\x34\x38\x34\x38\x34\x38\x34\x38" +
	"\x34\x38\x34\x38\x34\x38\x34\x38\x34\x38\x34\x38\x34\x38\x34\x38\x34\x38\x34\x38\x34\x38\x34\x38\x34\x38\x34\x38\x34\x38\x34\x38" +
	"\x34\x38\x34\x38\x34\x38\x34\x38\x34\x38\x34\x38\x34\x38\x34\x38\x34\x38\x34\x38\x34\x38\x34\x38\x34\x38\x34\x38\x34\x38\x34\x38" +
	"\x34\x38\x1B\xF7\x03\xB6\x44\x99\x6C\xFA\x54\xD9\x03\xB7\x34\x78\xAD\xFB\xAD\xDB\xAD\xDB\xAD\xDB\xAD\xDB\xAD\xDB\x44\xB9\x03\xB6" +
	"\x4C\xB9\xB5\xFB\xAD\xDB\xAD\xDB\xAD\xDB\xAD\xDB\xAD\xDB\xAD\xDB\xAD\xDB\xAD\xDB\xAD\xDB\xAD\xDB\xAD\xDB\xAD\xDB\xAD\xDB\xAD\xDB" +
	"\xAD\xDB\xAD\xDB\xAD\xDB\xAD\xDB\xAD\xDB\xAD\xDB\xAD\xDB\xAD\xDB\xAD\xDB\xAD\xDB\xAD\xDB\xAD\xDB\xAD\xDB\xAD\xDB\xAD\xFB\xAD\xFB" +
	"\xAD\xFB\xAD\xFB\xAD\xFB\xAD\xFB\xAD\xFB\xAD\xFB\xAD\xFB\xAD\xFB\xAD\xFB\xB5\xFB\xB5\xFB\x1C\x78\x04\x17\x3C\xB9\x75\x1A\x75\x1A" +
	"\x75\x1A\x75\x1A\x75\x1A\x6D\x3A\x75\x3A\x6D\x1A\x0C\x58\x04\x17\x04\x37\x54\xF9\x75\x3A\x75\x3A\x75\x3A\x75\x3A\x75\x3A\x75\x3A" +
	"\x75\x3A\x75\x3A\x14\x78\x04\x37\x04\x58\x05\x5A\x05\xBB\x05\xDC\x05\xFC\x05\xDC\x05\xDC\x05\xDC\x05\xFC\x05\xDC\x05\xDC\x05\xDC" +
	"\x05\xDC\x05\xFC\x05\xDC\x05\xDC\x05\xBB\x05\xBB\x05\xBB\x05\x9B\x05\x9B\x05\xFC\x05\x5A\x04\x58\x04\x57\x04\x78\x04\x58\x04\x98" +
	"\x05\x3A\x04\xF9\x04\x98\x04\x78\x04\x58\x04\x58\x0C\x98\x3D\x19\x0C\x98\x04\x78\x24\xD9\x5D\x59\x7D\x7A\x75\x7A\x75\x79\x7D\x9A" +
	"\x4D\x19\x0C\x98\x04\x78\x04\x78\x04\x78\x04\x78\x14\xB8\x45\x39\x55\x39\x75\x79\x6D\x79\x24\xD9\x0C\xB8\x04\x98\x04\x78\x04\x78" +
	"\x04\x98\x04\x98\x04\x98\x04\x98\x04\xB8\x04\xD9\x04\xD8\x05\x3A\x05\x5A\x04\xD9\x05\x3A\x05\x3A\x05\x5A\x05\xBB\x06\x1C\x06\x1C" +
	"\x06\x1B\x05\xFB\x05\xFB\x05\xBB\x05\x3A\x05\x1A\x04\xF9\x04\xFA\x04\xF9\x05\x7A\x06\x1B\x06\x1B\x05\x9B\x05\x1A\x04\xFA\x05\x1A" +
	"\x3B\xF7\x3B\xF7\x3B\xF7\x3B\xF7\x3B\xF7\x3B\xF7\x33\xF7\x3C\x17\x3C\x17\x3C\x17\x34\x17\x34\x37\x34\x17\x34\x17\x34\x17\x34\x18" +
	"\x34\x18\x34\x17\x34\x18\x34\x18\x34\x18\x34\x37\x34\x37\x34\x37\x34\x37\x34\x37\x34\x37\x34\x38\x34\x38\x34\x38\x34\x38\x34\x38" +
	"\x34\x38\x34\x38\x34\x38\x34\x38\x34\x38\x34\x38\x34\x38\x34\x38\x34\x38\x34\x38\x34\x38\x34\x38\x34\x38\x34\x38\x34\x38\x34\x38" +
	"\x34\x38\x34\x38\x34\x38\x34\x38\x34\x38\x34\x38\x34\x38\x34\x38\x34\x38\x34\x38\x34\x38\x34\x38\x34\x38\x34\x38\x34\x38\x34\x38" +
	"\x24\x17\x03\xB6\x14\x17\x64\xDA\x6C\xFA\x2C\x58\x03\xB6\x5D\x1A\xAD\xDB\xA5\xDB\xAD\xDB\xAD\xDB\xAD\xDB\xB5\xDB\x4C\xB9\x03\xD6" +
	"\x8D\x9B\xAD\xDB\xAD\xDB\xAD\xDB\xAD\xDB\xAD\xDB\xAD\xDB\xAD\xDB\xAD\xDB\xAD\xDB\xAD\xDB\xAD\xDB\xAD\xDB\xAD\xDB\xAD\xDB\xAD\xDB" +
	"\xAD\xFB\xAD\xDB\xAD\xDB\xAD\xDB\xAD\xFB\xAD\xDB\xAD\xDB\xAD\xDB\xA5\xFB\xAD\xDB\xAD\xDB\xAD\xDB\xAD\xDB\xAD\xDB\xAD\xFB\xAD\xFB" +
	"\xAD\xFB\xAD\xFB\xAD\xFB\xAD\xFB\xAD\xFB\xAD\xFB\xAD\xFB\xB5\xFB\xAD\xDB\x5D\x3A\x2C\xD9\x04\x37\x04\x17\x0C\x37\x75\x1A\x75\x1A" +
	"\x75\x3A\x75\x3A\x75\x1A\x75\x1A\x75\x3A\x75\x3A\x6D\x1A\x4C\xD9\x04\x17\x1C\x78\x6D\x39\x75\x3A\x75\x3A\x75\x3A\x75\x3A\x75\x3A" +
	"\x75\x3A\x75\x3A\x0C\x78\x04\x37\x04\xF9\x05\xFC\x05\xDC\x05\xDC\x05\xDC\x05\xDC\x05\xDC\x05\xFC\x05\xDC\x05\xFC\x05\xDC\x05\xFC" +
	"\x05\xFC\x0D\x1A\x0C\xD9\x0C\xB9\x14\xB9\x14\xB9\x0C\xB9\x0C\xB9\x0C\xD9\x05\xDB\x05\xDC\x05\x9B\x04\xF9\x04\xB9\x04\x78\x05\xBB" +
	"\x05\xFC\x05\xFC\x05\xFC\x05\xDB\x05\x7B\x04\xB9\x04\x58\x04\x58\x04\x58\x04\x58\x04\x58\x04\x78\x1C\xB8\x55\x39\x75\x7A\x3D\x19" +
	"\x04\x78\x04\x78\x05\x19\x05\x3A\x04\xD9\x04\xD9\x04\x78\x04\x78\x04\x78\x0C\xD8\x0C\xB8\x04\x98\x04\xB8\x04\xD9\x05\x39\x05\x5A" +
	"\x05\xBB\x05\xDB\x05\xDB\x05\xFB\x06\x1C\x06\x1C\x06\x1C\x06\x1C\x06\x1C\x06\x1C\x06\x1C\x06\x1C\x06\x1C\x06\x1C\x05\xFB\x05\xDB" +
	"\x05\x7B\x05\x1A\x05\x1A\x05\x1A\x04\xFA\x04\xFA\x04\xFA\x05\x1A\x05\xFB\x06\x1B\x05\xFB\x05\x1A\x04\xFA\x05\x1A\x04\xFA\x04\xFA" +
	"\x3B\xF7\x3B\xF7\x3B\xF7\x3B\xF7\x3B\xF7\x3B\xF7\x3B\xF7\x3C\x17\x3C\x17\x34\x17\x34\x37\x34\x37\x34\x17\x34\x17\x34\x17\x34\x18" +
	"\x34\x18\x34\x17\x34\x18\x34\x18\x34\x18\x34\x37\x34\x37\x34\x37\x34\x38\x34\x37\x34\x38\x34\x37\x34\x38\x34\x38\x34\x38\x34\x38" +
	"\x34\x38\x34\x38\x34\x38\x34\x38\x34\x38\x34\x38\x34\x38\x34\x38\x34\x38\x34\x38\x34\x38\x34\x38\x34\x38\x34\x38\x34\x38\x34\x38" +
	"\x34\x38\x34\x38\x34\x38\x34\x38\x34\x38\x34\x38\x34\x38\x34\x38\x34\x38\x34\x38\x34\x38\x34\x38\x34\x38\x34\x38\x34\x38\x24\x17" +
	"\x0B\xD6\x0B\xD7\x5C\xD9\x6C\xDA\x64\xFA\x13\xF7\x13\xF7\xA5\xDB\xA5\xDB\xA5\xDB\xA5\xDB\xAD\xDB\xAD\xDB\xAD\xDB\x44\x98\x1C\x17" +
	"\xAD\xDB\xAD\xDB\xAD\xDB\xAD\xDB\xAD\xDB\xAD\xDB\xAD\xDB\xAD\xDB\xAD\xDB\xAD\xDB\xAD\xDB\xAD\xDB\xAD\xDB\xAD\xDB\xAD\xFB\xAD\xDB" +
	"\xAD\xDB\xAD\xDB\xAD\xDB\xAD\xDB\xAD\xDB\xAD\xDB\xAD\xDB\xAD\xDB\xAD\xDB\xAD\xFB\xAD\xDB\xAD\xDB\xAD\xDB\xAD\xDB\xAD\xDB\xAD\xDB" +
	"\xAD\xFB\xAD\xFB\xAD\xFB\xAD\xFB\xAD\xFB\xAD\xFB\x9D\xDB\x75\x7A\x14\x58\x03\xF7\x03\xF7\x14\x58\x24\x78\x5C\xF9\x75\x1A\x75\x1A" +
	"\x75\x1A\x75\x1A\x6D\x1A\x75\x3A\x75\x1A\x6D\x3A\x75\x3A\x75\x3A\x14\x58\x04\x17\x34\xB8\x7D\x3A\x75\x3A\x75\x3A\x75\x3A\x75\x3A" +
	"\x75\x3A\x75\x1A\x04\x38\x04\x37\x05\xBB\x05\xDC\x05\xDC\x05\xDC\x05\xDC\x05\xDC\x05\xBB\x05\x3A\x0C\xB9\x0C\xD9\x0C\xD9\x0C\xD9" +
	"\x0C\xD9\x14\x99\x14\x99\x0C\xB9\x14\xB9\x14\xB9\x14\xB9\x0C\xB9\x14\xB9\x14\xB9\x14\xB9\x0C\xF9\x05\x1A\x05\x1A\x0C\xFA\x05\x7B" +
	"\x05\xBB\x05\xFC\x05\xFC\x05\xFC\x06\x1C\x05\xDC\x05\x3A\x04\xF9\x04\x98\x05\x3A\x05\x1A\x04\x78\x04\x78\x04\x78\x04\x98\x04\x78" +
	"\x04\x78\x05\xBB\x06\x1C\x06\x1C\x06\x1C\x05\xFC\x05\x7A\x05\x9B\x04\xF9\x04\x98\x04\x98\x04\x78\x05\x9B\x05\xDB\x05\xBB\x05\x7B" +
	"\x05\x9B\x05\x9B\x05\x5A\x05\xBB\x05\x5A\x05\x9B\x05\x7B\x05\x9B\x05\xBB\x05\x9B\x05\x3A\x05\x1A\x05\x5A\x05\x1A\x05\x1A\x05\x1A" +
	"\x04\xF9\x04\xFA\x04\xFA\x04\xF9\x04\xF9\x05\x5A\x05\x7A\x06\x1B\x06\x1B\x05\xBB\x05\x3A\x05\x19\x04\xFA\x04\xFA\x05\x1A\x04\xFA" +
	"\x3B\xF7\x3B\xF7\x3B\xF7\x3B\xF7\x3B\xF7\x3B\xF7\x3C\x17\x3C\x17\x3C\x17\x3C\x17\x34\x37\x34\x37\x34\x17\x34\x17\x34\x17\x34\x18" +
	"\x34\x18\x34\x18\x34\x18\x34\x18\x34\x38\x34\x37\x34\x37\x34\x37\x34\x38\x34\x37\x34\x38\x34\x37\x34\x37\x34\x37\x34\x38\x34\x38" +
	"\x34\x38\x34\x38\x34\x38\x34\x38\x34\x38\x34\x38\x34\x38\x34\x38\x34\x38\x34\x38\x34\x38\x34\x38\x34\x38\x34\x38\x34\x38\x34\x38" +
	"\x34\x38\x34\x38\x34\x38\x34\x38\x34\x38\x34\x38\x34\x38\x34\x38\x34\x38\x34\x38\x34\x38\x34\x38\x34\x38\x34\x38\x34\x38\x0B\xD6" +
	"\x03\xB6\x3C\x78\x6C\xFA\x64\xDA\x54\xB9\x03\xD6\x1C\x17\xA5\xDB\xA5\xDB\xA5\xDB\xA5\xDB\xA5\xDB\xAD\xDB\x8D\x7A\x03\xD6\x24\x78" +
	"\xAD\xDB\xAD\xDB\xAD\xDB\xAD\xDB\xAD\xDB\xAD\xDB\xAD\xDB\xAD\xDB\xAD\xDB\xAD\xDB\xAD\xDB\xAD\xDB\xAD\xDB\xAD\xDB\xAD\xDB\xAD\xFB" +
	"\xAD\xDB\xAD\xDB\xAD\xDB\xAD\xDB\xAD\xDB\xAD\xDB\xAD\xDB\xAD\xDB\xAD\xDB\xAD\xDB\xAD\xDB\xAD\xFB\xAD\xDB\xAD\xDB\xAD\xDB\xAD\xDB" +
	"\xAD\xDB\xAD\xFB\xAD\xFB\xAD\xFB\xAD\xFB\x9D\xDB\x14\x58\x03\xF7\x04\x17\x44\xD9\x5C\xF9\x75\x1A\x75\x3A\x75\x1A\x75\x1A\x75\x1A" +
	"\x75\x1A\x75\x1A\x75\x1A\x6D\x1A\x75\x1A\x75\x1A\x6D\x1A\x75\x1A\x54\xF9\x04\x17\x04\x37\x4C\xD9\x75\x3A\x75\x3A\x75\x3A\x75\x3A" +
	"\x75\x3A\x75\x3A\x0C\x58\x04\x37\x05\x9B\x05\xDC\x05\xDC\x05\xDC\x05\xDC\x05\xBB\x14\xB9\x14\x99\x14\x99\x14\x99\x0C\x99\x0C\xB9" +
	"\x14\x99\x14\x99\x14\x99\x14\xB9\x14\xB9\x14\xB9\x14\xB9\x14\xB9\x14\xB9\x14\xB9\x14\xB9\x14\xB9\x0C\xB9\x04\xB9\x0C\xB9\x14\xB9" +
	"\x0C\xB9\x04\xFA\x05\x5A\x05\x5A\x05\x3A\x05\x3A\x05\x3A\x04\xF9\x04\xD9\x04\xD9\x05\x1A\x04\xD9\x04\xB9\x04\x98\x04\x78\x04\x78" +
	"\x04\xB9\x04\xF9\x05\x1A\x05\x19\x05\x3A\x04\xD9\x04\xF9\x04\xFA\x05\x1A\x04\xD9\x04\xD9\x04\xD9\x04\xF9\x04\xD9\x04\xD9\x04\xD9" +
	"\x04\xD9\x04\xD9\x04\xD9\x04\xD9\x04\xD9\x04\xD9\x04\xD9\x04\xF9\x04\xF9\x04\xF9\x04\xF9\x04\xFA\x04\xF9\x04\xF9\x04\xF9\x04\xFA" +
	"\x04\xFA\x05\x1A\x05\x5A\x05\x3A\x05\xBB\x06\x1C\x06\x1C\x05\xDB\x05\x3A\x04\xF9\x04\xF9\x04\xF9\x04\xF9\x04\xF9\x04\xF9\x04\xF9" +
	"\x3B\xF7\x3B\xF7\x3B\xF7\x3B\xF7\x3B\xF7\x3B\xF7\x3B\xF7\x3C\x17\x3C\x17\x3C\x17\x3C\x17\x34\x17\x34\x17\x34\x17\x34\x17\x34\x18" +
	"\x34\x18\x34\x18\x34\x18\x34\x18\x34\x18\x34\x37\x34\x37\x34\x37\x34\x38\x34\x38\x34\x38\x34\x37\x34\x37\x34\x37\x34\x38\x34\x38" +
	"\x34\x38\x34\x38\x34\x38\x34\x38\x34\x38\x34\x38\x34\x38\x34\x38\x34\x38\x34\x38\x34\x38\x34\x38\x34\x38\x34\x38\x34\x38\x34\x38" +
	"\x34\x38\x34\x38\x34\x38\x34\x38\x34\x38\x34\x38\x34\x38\x34\x38\x34\x38\x34\x38\x34\x38\x34\x38\x34\x18\x34\x38\x13\xD7\x0B\xB6" +
	"\x2C\x38\x6C\xFA\x6C\xDA\x6C\xFA\x4C\x99\x03\xB6\x44\x98\xAD\xFB\xA5\xDB\xA5\xDB\xA5\xDB\xA5\xDB\xAD\xDB\x5C\xF9\x03\xB6\x4C\xF9" +
	"\xAD\xDB\xAD\xDB\xAD\xDB\xAD\xDB\xAD\xDB\xAD\xDB\xAD\xDB\xAD\xDB\xAD\xDB\xAD\xDB\xAD\xDB\xAD\xDB\xAD\xDB\xAD\xDB\xAD\xDB\xAD\xDB" +
	"\xA5\xFB\xAD\xDB\xAD\xDB\xAD\xDB\xAD\xFB\xAD\xDB\xAD\xDB\xAD\xDB\xAD\xDB\xAD\xDB\xAD\xDB\xAD\xDB\xAD\xDB\xAD\xDB\xAD\xDB\xAD\xDB" +
	"\xAD\xDB\xAD\xDB\xAD\xFB\xAD\xFB\xB5\xFB\x6D\x7A\x03\xF7\x1C\x58\x54\xD9\x75\x1A\x6D\x1A\x75\x1A\x75\x1A\x75\x1A\x65\x19\x75\x1A" +
	"\x75\x1A\x75\x1A\x75\x1A\x75\x1A\x6D\x3A\x75\x3A\x75\x1A\x6D\x1A\x75\x3A\x54\xD9\x04\x38\x04\x17\x5D\x19\x75\x3A\x75\x3A\x75\x3A" +
	"\x75\x3A\x7D\x3A\x1C\x78\x04\x37\x0C\x78\x05\xBB\x05\xDC\x05\xDC\x05\xFC\x0D\x1A\x14\x99\x14\x99\x14\x99\x14\x99\x14\x99\x0C\x99" +
	"\x0C\xB9\x0C\xD9\x0C\xD9\x0C\xD9\x1C\xB9\x1C\xB9\x14\x99\x14\x99\x14\xB9\x14\xB9\x14\xB9\x14\xB9\x14\xB9\x05\x1A\x05\x7A\x05\x5A" +
	"\x0C\xD9\x0C\xB9\x04\xB9\x04\xB9\x04\xB9\x04\xB9\x04\xB9\x04\xB9\x04\xD9\x04\xD9\x04\xB9\x04\xB9\x04\xD9\x04\xD9\x04\xD9\x04\xD9" +
	"\x04\xD9\x04\xD9\x04\xD9\x04\xD9\x04\xD9\x04\xD9\x04\xD9\x04\xD9\x04\xD9\x04\xD9\x04\xD9\x04\xD9\x04\xD9\x04\xD9\x04\xD9\x04\xD9" +
	"\x04\xD9\x04\xD9\x04\xD9\x04\xD9\x04\xF9\x04\xF9\x04\xD9\x04\xF9\x04\xF9\x04\xF9\x04\xF9\x04\xF9\x04\xF9\x04\xF9\x05\xBB\x05\xBB" +
	"\x05\xFC\x06\x1C\x06\x1C\x06\x1C\x05\xFB\x05\xDB\x05\x1A\x04\xF9\x04\xF9\x04\xF9\x04\xF9\x04\xF9\x04\xF9\x04\xF9\x04\xF9\x04\xF9" +
	"\x3B\xF7\x3B\xF7\x3B\xF7\x3B\xF7\x3B\xF7\x3B\xF7\x3B\xF7\x3C\x17\x3C\x17\x3C\x17\x34\x17\x34\x17\x34\x17\x34\x17\x34\x17\x34\x18" +
	"\x34\x18\x34\x18\x34\x18\x34\x18\x34\x18\x34\x37\x34\x37\x34\x37\x34\x37\x34\x38\x34\x37\x34\x37\x34\x37\x34\x37\x34\x37\x34\x37" +
	"\x34\x37\x34\x38\x34\x38\x34\x38\x34\x38\x34\x38\x34\x38\x34\x38\x34\x38\x34\x38\x34\x38\x34\x38\x34\x38\x34\x38\x34\x38\x34\x38" +
	"\x34\x38\x34\x38\x34\x38\x34\x38\x34\x38\x34\x38\x34\x38\x34\x38\x34\x38\x34\x38\x34\x38\x34\x38\x34\x38\x23\xF7\x0B\xB6\x2C\x38" +
	"\x64\xDA\x64\xDA\x6C\xDA\x6C\xFA\x3C\x78\x0B\xB6\x4C\x99\xAD\xFB\xA5\xDB\xA5\xDB\xA5\xDB\xA5\xDB\xA5\xDB\x1C\x17\x1C\x17\xA5\xDB" +
	"\xAD\xDB\xAD\xDB\xAD\xDB\xAD\xDB\xAD\xDB\xAD\xDB\xAD\xDB\xAD\xDB\xAD\xDB\xAD\xDB\xAD\xDB\xAD\xDB\xAD\xDB\xAD\xDB\xAD\xDB\xAD\xDB" +
	"\xAD\xDB\xAD\xFB\xAD\xDB\xAD\xDB\xAD\xDB\xAD\xDB\xAD\xDB\xAD\xDB\xAD\xDB\xAD\xFB\xAD\xDB\xAD\xDB\xAD\xDB\xAD\xDB\xAD\xDB\xAD\xDB" +
	"\xAD\xDB\xAD\xDB\xAD\xDB\xAD\xDB\x95\xBA\x1C\x58\x04\x17\x6D\x1A\x75\x1A\x6D\x1A\x6D\x1A\x6D\x1A\x75\x1A\x75\x1A\x54\xF9\x6D\x1A" +
	"\x75\x1A\x75\x1A\x75\x1A\x75\x1A\x75\x1A\x6D\x1A\x75\x3A\x75\x1A\x75\x1A\x75\x3A\x44\xD9\x04\x17\x1C\x98\x75\x3A\x75\x3A\x75\x3A" +
	"\x75\x3A\x7D\x3A\x2C\x98\x04\x37\x04\x98\x05\xDC\x05\xDC\x05\xDC\x05\x7B\x14\xB9\x14\x99\x14\x99\x14\x99\x14\xB9\x0D\x3A\x05\x7B" +
	"\x05\xBB\x05\xFC\x05\xFC\x05\xFC\x05\xDC\x05\xDC\x05\xBB\x05\x7B\x0D\x5A\x05\x7B\x05\xBB\x05\xDB\x05\xFC\x05\xFC\x05\xDC\x05\xBB" +
	"\x04\xD9\x04\xB9\x0C\xB9\x04\xB9\x04\xB9\x04\xB9\x04\xB9\x04\xD9\x04\xD9\x04\xB9\x04\xB9\x04\xD9\x04\xD9\x04\xD9\x04\xD9\x04\xD9" +
	"\x04\xD9\x04\xD9\x04\xD9\x04\xD9\x04\xD9\x04\xD9\x04\xD9\x04\xD9\x04\xD9\x04\xD9\x04\xD9\x04\xD9\x04\xD9\x04\xD9\x04\xD9\x04\xD9" +
	"\x04\xD9\x04\xD9\x04\xD9\x04\xD9\x04\xD9\x04\xD9\x04\xF9\x04\xD9\x04\xF9\x04\xF9\x04\xF9\x04\xF9\x04\xF9\x04\xF9\x05\x7A\x05\xDB" +
	"\x05\xDB\x05\x7A\x05\x5A\x05\x1A\x04\xF9\x04\xF9\x04\xF9\x04\xF9\x04\xF9\x04\xF9\x04\xF9\x04\xF9\x04\xF9\x04\xF9\x04\xF9\x04\xF9" +
	"\x3B\xF7\x3B\xF7\x3B\xF7\x3B\xF7\x3B\xF7\x3B\xF7\x3B\xF7\x3B\xF7\x3C\x17\x3C\x17\x34\x17\x34\x37\x34\x37\x34\x17\x34\x37\x34\x17" +
	"\x34\x18\x34\x18\x34\x18\x34\x18\x34\x18\x34\x37\x34\x37\x34\x37\x34\x37\x34\x38\x34\x38\x34\x37\x34\x37\x34\x37\x34\x37\x34\x37" +
	"\x34\x37\x34\x38\x34\x38\x34\x38\x34\x38\x34\x38\x34\x38\x34\x38\x34\x38\x34\x38\x34\x38\x34\x38\x34\x38\x34\x38\x34\x38\x34\x38" +
	"\x34\x38\x34\x38\x34\x38\x34\x38\x34\x38\x34\x38\x34\x38\x34\x38\x34\x38\x34\x38\x34\x38\x34\x38\x23\xF7\x13\xB6\x1B\xF7\x64\xDA" +
	"\x64\xDA\x64\xDA\x64\xDA\x6C\xFA\x5C\xD9\x03\xB6\x13\xF7\x8D\x9B\xAD\xDB\xAD\xDB\xAD\xDB\xAD\xDB\x44\xB9\x03\xB6\x54\xD9\xAD\xDB" +
	"\xA5\xDB\xAD\xDB\xAD\xDB\xAD\xDB\xAD\xDB\xAD\xDB\xAD\xDB\xAD\xDB\xAD\xDB\xAD\xDB\xAD\xDB\xAD\xDB\xAD\xDB\xAD\xDB\xAD\xDB\xAD\xDB" +
	"\xAD\xDB\xAD\xDB\xAD\xDB\xAD\xFB\xAD\xDB\xAD\xDB\xAD\xDB\xAD\xDB\xAD\xDB\xAD\xDB\xAD\xFB\xAD\xDB\xAD\xDB\xAD\xDB\xAD\xDB\xAD\xDB" +
	"\xAD\xDB\xAD\xDB\xAD\xDB\xB5\xFB\x4C\xD9\x03\xF7\x24\x78\x75\x1A\x6D\x1A\x6D\x1A\x6D\x1A\x6D\x1A\x6D\x1A\x6D\x1A\x75\x1A\x75\x1A" +
	"\x6D\x1A\x6D\x1A\x75\x1A\x44\xB9\x5C\xF9\x75\x1A\x75\x1A\x6D\x1A\x75\x1A\x75\x1A\x75\x3A\x3C\xB9\x04\x17\x34\xB8\x75\x3A\x75\x3A" +
	"\x75\x3A\x75\x3A\x44\xD9\x04\x17\x04\x98\x05\xDC\x05\xDC\x05\xBB\x14\xB9\x1C\x99\x14\x99\x14\x99\x14\xB9\x05\xBB\x05\xFC\x05\xDC" +
	"\x05\x7A\x05\x5B\x05\x1A\x05\x5A\x05\x7B\x05\x7B\x05\xBB\x05\xDC\x05\xDC\x05\xDC\x05\x7B\x05\x7B\x05\x5A\x14\xD9\x14\xB9\x14\xB9" +
	"\x14\xB9\x04\xB9\x04\xB9\x0C\xB9\x0C\xB9\x04\xB9\x04\xB9\x04\xB9\x04\xD9\x04\xB9\x04\xB9\x04\xB9\x04\xB9\x04\xD9\x04\xD9\x04\xD9" +
	"\x04\xD9\x04\xD9\x04\xD9\x04\xD9\x04\xD9\x04\xD9\x04\xD9\x04\xD9\x04\xD9\x04\xD9\x04\xD9\x04\xD9\x04\xD9\x04\xD9\x04\xD9\x04\xD9" +
	"\x04\xD9\x04\xD9\x04\xD9\x04\xD9\x04\xD9\x04\xD9\x04\xD9\x04\xF9\x04\xF9\x04\xF9\x04\xFA\x04\xFA\x04\xF9\x04\xF9\x04\xD9\x04\xD9" +
	"\x04\xD9\x04\xD9\x04\xD9\x04\xF9\x04\xF9\x04\xF9\x04\xF9\x04\xF9\x04\xF9\x04\xF9\x04\xF9\x04\xF9\x04\xF9\x04\xF9\x04\xF9\x04\xF9" +
	"\x33\xF7\x3B\xF7\x3B\xF7\x3B\xF7\x3B\xF7\x3B\xF7\x3B\xF7\x3B\xF7\x3C\x17\x3C\x17\x3C\x17\x3C\x17\x34\x37\x34\x37\x34\x17\x34\x17" +
	"\x34\x18\x34\x18\x34\x18\x34\x18\x34\x18\x34\x17\x34\x37\x34\x37\x34\x37\x34\x38\x34\x37\x34\x37\x34\x37\x34\x37\x34\x37\x34\x37" +
	"\x34\x37\x34\x38\x34\x38\x34\x38\x34\x38\x34\x38\x34\x38\x34\x38\x34\x38\x34\x38\x34\x38\x34\x38\x34\x38\x34\x38\x34\x38\x34\x38" +
	"\x34\x38\x34\x38\x34\x38\x34\x38\x34\x38\x34\x38\x34\x38\x34\x38\x34\x38\x34\x38\x34\x38\x34\x38\x13\xB6\x13\xD7\x4C\x99\x64\xDA" +
	"\x64\xDA\x64\xDA\x64\xDA\x64\xDA\x6C\xFA\x34\x58\x03\xB6\x0B\xB6\x2C\x37\x3C\xB9\x9D\xBB\x95\xBB\x0B\xF7\x24\x38\x9D\xDB\xA5\xDB" +
	"\xA5\xDB\xA5\xDB\xAD\xDB\xAD\xDB\xAD\xDB\xAD\xDB\xAD\xDB\xAD\xDB\xAD\xDB\xAD\xDB\xAD\xDB\xAD\xDB\xAD\xDB\xAD\xDB\xAD\xDB\xAD\xDB" +
	"\xAD\xDB\xAD\xDB\xAD\xDB\xAD\xDB\xAD\xDB\xAD\xDB\xAD\xFB\xAD\xDB\xAD\xFB\xAD\xDB\xAD\xDB\xAD\xFB\xAD\xFB\xAD\xDB\xAD\xDB\xAD\xDB" +
	"\xAD\xDB\xB5\xFB\xB5\xFB\x6D\x5A\x04\x17\x03\xF7\x54\xD9\x6D\x1A\x6D\x1A\x6D\x1A\x6D\x1A\x6D\x1A\x6D\x1A\x6D\x1A\x6D\x1A\x75\x1A" +
	"\x75\x1A\x6D\x1A\x75\x1A\x0C\x17\x04\x17\x34\x98\x7D\x1A\x75\x1A\x6D\x1A\x75\x1A\x75\x1A\x6D\x3A\x0C\x58\x04\x17\x54\xF9\x75\x3A" +
	"\x75\x3A\x75\x3A\x65\x1A\x04\x37\x04\x78\x05\xDC\x05\xDC\x05\x9B\x1C\x99\x1C\x99\x14\x99\x1C\x99\x0D\x3A\x05\x9B\x0C\xFA\x14\xD9" +
	"\x1C\x99\x1C\x99\x14\x99\x14\x99\x0C\x99\x14\x99\x14\x99\x1C\xB9\x1C\xB9\x1C\xB9\x14\x99\x14\x99\x14\xB9\x14\xB9\x14\xB9\x14\xB9" +
	"\x14\xB9\x14\xB9\x04\xB9\x04\xB9\x04\xB9\x04\xB9\x04\xD9\x04\xD9\x04\xB9\x04\xB9\x04\xB9\x04\xB9\x04\xB9\x04\xB9\x04\xD9\x04\xD9" +
	"\x04\xD9\x04\xD9\x04\xD9\x04\xD9\x04\xD9\x04\xD9\x04\xD9\x04\xD9\x04\xD9\x04\xD9\x04\xD9\x04\xD9\x04\xD9\x04\xD9\x04\xD9\x04\xD9" +
	"\x04\xD9\x04\xD9\x04\xD9\x04\xD9\x04\xD9\x04\xD9\x04\xD9\x04\xD9\x04\xD9\x04\xD9\x04\xF9\x04\xF9\x04\xF9\x04\xF9\x04\xF9\x04\xF9" +
	"\x04\xD9\x04\xD9\x04\xF9\x04\xF9\x04\xD9\x04\xF9\x04\xF9\x04\xF9\x04\xD9\x04\xF9\x04\xD9\x04\xF9\x04\xF9\x04\xF9\x04\xF9\x04\xF9" +
	"\x3B\xF7\x3B\xF7\x33\xF7\x3B\xF7\x3B\xF7\x33\xF7\x3B\xF7\x3B\xF7\x3C\x17\x3C\x17\x3C\x17\x3C\x17\x3C\x37\x34\x37\x34\x37\x34\x17" +
	"\x34\x18\x34\x18\x34\x18\x34\x18\x34\x18\x34\x37\x34\x37\x34\x37\x34\x37\x34\x38\x34\x38\x34\x37\x34\x37\x34\x37\x34\x37\x34\x37" +
	"\x34\x37\x34\x37\x34\x38\x34\x38\x34\x38\x34\x38\x34\x38\x34\x38\x34\x38\x34\x38\x34\x38\x34\x38\x34\x38\x34\x38\x34\x38\x34\x38" +
	"\x34\x38\x34\x38\x34\x38\x34\x38\x34\x38\x34\x38\x34\x38\x34\x38\x34\x38\x34\x38\x2C\x17\x13\xB6\x0B\xB6\x44\x78\x6C\xDA\x64\xDA" +
	"\x64\xDA\x64\xDA\x64\xDA\x64\xDA\x64\xDA\x5C\xD9\x03\xD6\x03\xB6\x03\xB6\x0B\xB6\x13\xF7\x0B\xF7\x03\xB6\x75\x5A\xAD\xDB\xA5\xDB" +
	"\xA5\xDB\xA5\xDB\xA5\xDB\xA5\xDB\xAD\xDB\xAD\xDB\xAD\xDB\xAD\xDB\xAD\xDB\xAD\xDB\xAD\xDB\xAD\xDB\xAD\xDB\xAD\xDB\xAD\xDB\xAD\xDB" +
	"\xAD\xDB\xA5\xDB\xAD\xDB\xAD\xDB\xAD\xDB\xAD\xDB\xAD\xFB\xAD\xDB\xAD\xFB\xAD\xFB\xAD\xDB\xAD\xDB\xAD\xDB\xAD\xFB\xAD\xDB\xAD\xFB" +
	"\xA5\xDB\x5D\x19\x2C\x78\x03\xF7\x04\x17\x44\xB9\x75\x1A\x6D\x1A\x6D\x1A\x6D\x1A\x6D\x1A\x6D\x1A\x6D\x1A\x6D\x1A\x6D\x1A\x6D\x1A" +
	"\x75\x1A\x75\x1A\x75\x1A\x54\xF9\x0C\x37\x04\x17\x64\xF9\x75\x1A\x75\x1A\x6D\x1A\x75\x3A\x75\x3A\x54\xF9\x04\x17\x14\x58\x75\x3A" +
	"\x75\x3A\x75\x3A\x54\xF9\x04\x17\x04\x78\x05\xDC\x05\xDC\x14\xD9\x1C\x98\x1C\x99\x14\x99\x1C\x99\x1C\x99\x1C\x99\x1C\x99\x1C\x99" +
	"\x1C\x99\x14\x99\x14\x99\x14\x99\x0C\x99\x0C\xB9\x14\xB9\x14\x99\x1C\xB9\x1C\xB9\x1C\xB9\x1C\xB9\x14\xB9\x14\xB9\x14\xB9\x14\xB9" +
	"\x14\xB9\x0C\xB9\x04\xD9\x0C\xB9\x04\xB9\x04\xB9\x04\xB9\x04\xB9\x04\xB9\x04\xB9\x04\xB9\x04\xB9\x04\xB9\x04\xB9\x04\xB9\x04\xB9" +
	"\x04\xD9\x04\xD9\x04\xD9\x04\xD9\x04\xD9\x04\xD9\x04\xD9\x04\xD9\x04\xD9\x04\xD9\x04\xD9\x04\xD9\x04\xD9\x04\xD9\x04\xD9\x04\xD9" +
	"\x04\xD9\x04\xD9\x04\xD9\x04\xD9\x04\xD9\x04\xD9\x04\xD9\x04\xD9\x04\xD9\x04\xD9\x04\xD9\x04\xD9\x04\xD9\x04\xD9\x04\xD9\x04\xD9" +
	"\x04\xD9\x04\xD9\x04\xF9\x04\xF9\x04\xD9\x04\xF9\x04\xF9\x04\xF9\x04\xD9\x04\xD9\x04\xF9\x04\xD9\x04\xF9\x04\xF9\x04\xF9\x04\xD9" +
	"\x3B\xF7\x3B\xF7\x3B\xF7\x3B\xF7\x3B\xF7\x3B\xF7\x3B\xF7\x3B\xF7\x3C\x17\x3C\x17\x3C\x17\x3C\x17\x3C\x17\x34\x37\x34\x17\x34\x37" +
	"\x34\x37\x34\x37\x34\x18\x34\x17\x34\x17\x34\x18\x34\x18\x34\x18\x34\x38\x34\x38\x34\x37\x34\x37\x34\x37\x34\x37\x34\x37\x34\x37" +
	"\x34\x37\x34\x37\x34\x38\x34\x38\x34\x38\x34\x38\x34\x38\x34\x38\x34\x38\x34\x38\x34\x38\x34\x38\x34\x38\x34\x38\x34\x38\x34\x38" +
	"\x34\x38\x34\x38\x34\x38\x34\x38\x34\x38\x34\x38\x34\x38\x34\x38\x34\x38\x34\x38\x13\xD6\x0B\xB6\x2C\x58\x64\xDA\x64\xDA\x64\xDA" +
	"\x64\xDA\x64\xDA\x64\xDA\x64\xDA\x64\xDA\x6C\xFA\x24\x58\x03\xB6\x03\xB6\x0B\xD6\x0B\xD6\x0B\xD6\x55\x1A\xAD\xDB\xAD\xDB\xAD\xDB" +
	"\xA5\xDB\xA5\xDB\xA5\xDB\xA5\xDB\xA5\xDB\xAD\xDB\xAD\xDB\xAD\xDB\xAD\xDB\xAD\xDB\xAD\xDB\xAD\xDB\xAD\xDB\xAD\xDB\xAD\xDB\xAD\xDB" +
	"\xAD\xDB\xAD\xDB\xAD\xDB\xAD\xDB\xAD\xDB\xAD\xDB\xA5\xDB\xAD\xDB\xAD\xDB\xAD\xDB\xAD\xFB\xAD\xDB\xAD\xFB\xA5\xDB\x8D\xBB\x34\xB9" +
	"\x0B\xF7\x03\xF7\x03\xF7\x2C\x78\x5C\xF9\x6D\x1A\x6C\xFA\x75\x1A\x74\xFA\x6D\x1A\x6D\x1A\x6D\x1A\x6D\x1A\x6D\x1A\x6D\x1A\x6D\x1A" +
	"\x6D\x1A\x75\x1A\x75\x1A\x75\x1A\x4C\xF9\x04\x17\x1C\x78\x75\x1A\x75\x1A\x75\x1A\x75\x1A\x6D\x1A\x75\x3A\x2C\xB8\x04\x17\x14\x58" +
	"\x75\x3A\x75\x3A\x5D\x19\x04\x37\x04\x78\x05\xDC\x05\xDC\x14\xB9\x1C\x99\x1C\x99\x1C\x99\x14\x99\x1C\x99\x1C\x99\x1C\x99\x14\x99" +
	"\x1C\xB9\x1C\x99\x1C\x99\x14\x99\x14\x99\x14\xB9\x0C\x99\x0C\x99\x14\x99\x14\xB9\x1C\xB9\x14\xB9\x14\xB9\x14\xB9\x14\xB9\x14\xB9" +
	"\x14\xB9\x04\xB9\x04\xB9\x0C\xB9\x0C\xB9\x0C\xB9\x04\xB9\x04\xB9\x04\xB9\x04\xB9\x04\xB9\x04\xB9\x04\xB9\x04\xB9\x04\xD9\x04\xD9" +
	"\x04\xB9\x04\xB9\x04\xD9\x04\xD9\x04\xD9\x04\xD9\x04\xD9\x04\xD9\x04\xD9\x04\xD9\x04\xD9\x04\xD9\x04\xD9\x04\xD9\x04\xD9\x04\xD9" +
	"\x04\xD9\x04\xD9\x04\xD9\x04\xD9\x04\xD9\x04\xD9\x04\xD9\x04\xD9\x04\xD9\x04\xD9\x04\xD9\x04\xD9\x04\xD9\x04\xD9\x04\xD9\x04\xD9" +
	"\x04\xD9\x04\xD9\x04\xD9\x04\xD9\x04\xD9\x04\xD9\x04\xD9\x04\xD9\x04\xB9\x0C\xB9\x0C\xB9\x0C\xB9\x0C\xB9\x14\xB9\x0C\xB9\x14\xB9" +
	"\x33\xF7\x33\xF7\x33\xF7\x33\xF7\x33\xF7\x3B\xF7\x3B\xF7\x3B\xF7\x3B\xF7\x3C\x17\x3C\x17\x3C\x17\x3C\x17\x3C\x17\x34\x37\x34\x37" +
	"\x34\x17\x34\x37\x34\x18\x34\x18\x34\x18\x34\x18\x34\x18\x34\x18\x34\x38\x34\x38\x34\x38\x34\x37\x34\x37\x34\x37\x34\x37\x34\x37" +
	"\x34\x37\x34\x37\x34\x37\x34\x37\x34\x37\x34\x37\x34\x37\x34\x38\x34\x38\x34\x38\x34\x38\x34\x38\x34\x38\x34\x38\x34\x38\x34\x38" +
	"\x34\x38\x34\x38\x34\x38\x34\x38\x34\x38\x34\x38\x34\x38\x34\x38\x34\x38\x23\xF7\x0B\xB6\x24\x17\x64\xD9\x64\xD9\x64\xDA\x64\xDA" +
	"\x64\xDA\x64\xDA\x64\xDA\x64\xDA\x64\xDA\x64\xDA\x1B\xF7\x0B\xB6\x24\x38\x03\xB6\x03\xB6\x0B\xB6\x0B\xB6\x3C\x98\x7D\x7A\x8D\x9B" +
	"\xA5\xDB\xAD\xDB\xAD\xDB\xA5\xDB\xA5\xDB\xA5\xDB\xAD\xDB\xAD\xDB\xAD\xDB\xAD\xDB\xAD\xDB\xAD\xDB\xAD\xDB\xAD\xDB\xAD\xDB\xAD\xDB" +
	"\xAD\xDB\xAD\xDB\xAD\xDB\xAD\xDB\xAD\xDB\xAD\xDB\xAD\xDB\xAD\xDB\xAD\xDB\xAD\xDB\xB5\xFB\xB5\xFB\x5D\x19\x14\x17\x03\xF7\x03\xF7" +
	"\x0C\x17\x2C\x78\x54\xD9\x6D\x1A\x6D\x19\x6C\xF9\x6C\xF9\x6D\x1A\x75\x1A\x75\x1A\x6D\x1A\x6D\x1A\x6D\x1A\x6D\x1A\x6D\x1A\x6D\x1A" +
	"\x6D\x1A\x6D\x1A\x6D\x1A\x75\x1A\x75\x1A\x1C\x78\x04\x17\x4C\xD9\x75\x1A\x75\x1A\x75\x1A\x75\x1A\x75\x1A\x7D\x3A\x2C\x98\x04\x17" +
	"\x3C\xB9\x7D\x3A\x54\xF9\x04\x17\x04\x98\x05\xDC\x05\xBB\x1C\x99\x1C\x99\x1C\x99\x1C\x99\x1C\x98\x1C\x99\x1C\x99\x1C\x99\x1C\x99" +
	"\x14\x99\x14\x99\x1C\x99\x1C\x99\x14\x99\x14\x99\x14\x99\x0C\xB9\x0C\xB9\x14\x99\x14\xB9\x0C\xB9\x14\xB9\x14\xB9\x14\xB9\x14\xB9" +
	"\x14\xB9\x1C\xB9\x14\xB9\x04\xB9\x04\xB9\x0C\xB9\x0C\xB9\x0C\xB9\x04\xB9\x04\xB9\x04\xB9\x04\xD9\x04\xD9\x04\xD9\x04\xD9\x04\xD9" +
	"\x04\xB9\x04\xD9\x04\xB9\x04\xB9\x04\xD9\x04\xB9\x04\xB9\x04\xB9\x04\xB9\x04\xD9\x04\xD9\x04\xD9\x04\xD9\x04\xD9\x04\xD9\x04\xD9" +
	"\x04\xD9\x04\xD9\x04\xD9\x04\xD9\x04\xD9\x04\xD9\x04\xD9\x04\xD9\x04\xD9\x04\xD9\x04\xD9\x04\xD9\x04\xD9\x04\xD9\x0C\xB9\x0C\xB9" +
	"\x0C\xB9\x14\xB9\x14\x99\x14\x99\x1C\x99\x1C\x99\x14\x99\x14\x99\x14\x99\x14\x99\x14\x99\x1C\x99\x14\x99\x14\xB9\x14\x99\x14\x99" +
	"\x33\xF7\x33\xF7\x33\xF7\x33\xF7\x33\xF7\x33\xF7\x33\xF7\x33\xF7\x3B\xF7\x3C\x17\x3C\x17\x3C\x17\x3C\x17\x3C\x17\x34\x37\x34\x37" +
	"\x34\x37\x34\x37\x34\x17\x34\x18\x34\x18\x34\x18\x34\x18\x34\x18\x34\x18\x34\x38\x34\x38\x34\x37\x34\x37\x34\x37\x34\x37\x34\x37" +
	"\x34\x37\x34\x37\x34\x37\x34\x37\x34\x37\x34\x37\x34\x38\x34\x38\x34\x38\x34\x38\x34\x38\x34\x38\x34\x38\x34\x38\x34\x38\x34\x38" +
	"\x34\x38\x34\x38\x34\x38\x34\x38\x34\x38\x34\x38\x34\x38\x34\x38\x2B\xF7\x13\xB6\x13\xD7\x64\xD9\x64\xDA\x64\xD9\x64\xD9\x64\xDA" +
	"\x64\xDA\x64\xDA\x64\xDA\x64\xDA\x64\xDA\x54\xB9\x0B\xB6\x34\x38\x64\xFA\x5C\xB9\x34\x58\x0B\xD7\x0B\xD6\x03\xB6\x03\xB6\x03\xD7" +
	"\x2C\x58\x64\xF9\x75\x5A\x95\xBB\xA5\xDB\xAD\xDB\xAD\xDB\xAD\xDB\xAD\xDB\xAD\xDB\xAD\xDB\xAD\xDB\xAD\xDB\xAD\xDB\xAD\xDB\xAD\xDB" +
	"\xAD\xDB\xAD\xDB\xAD\xDB\xAD\xDB\xAD\xDB\xA5\xDB\xAD\xDB\xAD\xDB\xAD\xFB\x9D\xDB\x5D\x3A\x1C\x38\x03\xD7\x03\xF7\x2C\x78\x44\xB9" +
	"\x6C\xFA\x75\x1A\x6C\xFA\x6C\xFA\x6C\xFA\x6C\xF9\x6C\xFA\x6C\xF9\x6C\xF9\x6C\xFA\x74\xFA\x6D\x1A\x6D\x1A\x6D\x1A\x6D\x1A\x75\x1A" +
	"\x6D\x1A\x6D\x1A\x6D\x1A\x6D\x1A\x75\x1A\x2C\x78\x04\x17\x0C\x37\x64\xF9\x75\x1A\x75\x1A\x75\x1A\x75\x1A\x75\x1A\x75\x3A\x14\x58" +
	"\x04\x17\x5C\xF9\x6D\x1A\x04\x37\x04\x98\x05\xFC\x0D\x3A\x1C\x99\x1C\x99\x1C\x99\x1C\x99\x1C\x99\x1C\x99\x1C\x99\x1C\x99\x1C\x99" +
	"\x1C\x99\x1C\x99\x14\x99\x1C\x99\x1C\x99\x1C\x99\x14\x99\x14\x99\x14\x99\x0C\xB9\x14\x99\x14\xB9\x14\xB9\x14\xB9\x14\xB9\x14\xB9" +
	"\x14\xB9\x14\xB9\x1C\xB9\x14\xB9\x0C\xB9\x04\xB9\x0C\xB9\x14\xB9\x0C\xB9\x0C\xB9\x04\xB9\x0C\xB9\x04\xB9\x04\xB9\x04\xD9\x04\xB9" +
	"\x04\xB9\x04\xB9\x04\xD9\x04\xB9\x04\xD9\x04\xD9\x04\xB9\x04\xB9\x04\xB9\x04\xB9\x04\xB9\x04\xD9\x04\xD9\x04\xD9\x04\xB9\x04\xB9" +
	"\x04\xD9\x04\xD9\x04\xD9\x04\xB9\x0C\xB9\x0C\xB9\x0C\xB9\x0C\xB9\x14\x99\x1C\x99\x1C\x99\x1C\x99\x1C\x99\x1C\x99\x1C\x99\x1C\x99" +
	"\x1C\x98\x1C\x98\x1C\x99\x1C\x99\x1C\x98\x1C\x98\x1C\x99\x1C\x99\x14\x99\x14\x99\x14\x99\x14\x99\x14\x99\x1C\x99\x14\x99\x14\xB9" +
	"\x33\xD7\x33\xD7\x33\xD7\x33\xD7\x33\xF7\x33\xF7\x33\xF7\x33\xF7\x3B\xF7\x3B\xF7\x3C\x17\x3C\x17\x3C\x17\x3C\x17\x3C\x17\x3C\x17" +
	"\x34\x37\x34\x37\x34\x37\x34\x37\x34\x18\x34\x18\x34\x17\x34\x18\x34\x18\x34\x18\x34\x18\x34\x38\x34\x37\x34\x38\x34\x38\x34\x37" +
	"\x34\x37\x34\x37\x34\x37\x34\x37\x34\x37\x34\x37\x34\x37\x34\x37\x34\x37\x34\x37\x34\x38\x34\x38\x34\x38\x34\x38\x34\x38\x34\x38" +
	"\x34\x38\x34\x38\x34\x38\x34\x38\x34\x38\x34\x38\x34\x38\x34\x38\x1B\xD7\x0B\xB6\x3C\x58\x64\xDA\x64\xD9\x64\xD9\x64\xD9\x64\xD9" +
	"\x64\xD9\x64\xDA\x64\xDA\x64\xDA\x6C\xFA\x24\x17\x0B\xD6\x5C\xD9\x64\xDA\x64\xDA\x6C\xFA\x64\xD9\x54\xB9\x24\x38\x0B\xD7\x03\xB6" +
	"\x03\xB6\x03\xB6\x03\xB6\x03\xD6\x14\x17\x2C\x78\x44\xB9\x7D\x7B\x9D\xBB\xAD\xDB\xAD\xDB\xAD\xDB\xAD\xDB\xAD\xDB\xAD\xDB\xAD\xDB" +
	"\xAD\xDB\xAD\xDB\xAD\xDB\xAD\xDB\xAD\xDB\xAD\xFB\xA5\xDB\xB5\xFB\x85\x7A\x1C\x37\x03\xD6\x0B\xF7\x3C\x98\x64\xF9\x6C\xFA\x6C\xFA" +
	"\x6C\xF9\x6C\xFA\x6C\xFA\x6C\xFA\x6C\xFA\x6C\xFA\x6D\x19\x6C\xF9\x6C\xF9\x6C\xF9\x6D\x1A\x75\x1A\x6D\x1A\x6D\x1A\x6D\x1A\x6D\x1A" +
	"\x6D\x1A\x6D\x1A\x6D\x1A\x6D\x1A\x6D\x1A\x75\x1A\x1C\x58\x04\x17\x1C\x78\x75\x3A\x75\x1A\x75\x1A\x75\x1A\x75\x1A\x75\x1A\x5D\x19" +
	"\x04\x37\x0C\x37\x4C\xF9\x04\x17\x04\xB9\x05\xFC\x14\xF9\x24\x99\x1C\x99\x1C\x99\x1C\x99\x1C\x99\x1C\x99\x1C\x99\x1C\x99\x1C\x99" +
	"\x1C\x99\x1C\x99\x1C\x99\x14\x99\x1C\x99\x1C\x99\x1C\x99\x14\x99\x0C\xB9\x14\x99\x14\xB9\x14\x99\x14\x99\x14\x99\x14\x99\x14\xB9" +
	"\x1C\xB9\x1C\xB9\x1C\xB9\x1C\x99\x1C\xB9\x14\xB9\x0C\xB9\x0C\xB9\x14\xB9\x14\xB9\x0C\xB9\x04\xB9\x0C\xB9\x0C\xB9\x04\xB9\x04\xB9" +
	"\x04\xB9\x04\xB9\x04\xB9\x04\xB9\x04\xB9\x04\xB9\x04\xB9\x04\xB9\x04\xB9\x04\xB9\x04\xB9\x04\xB9\x0C\xB9\x0C\xB9\x0C\x99\x14\x99" +
	"\x1C\x99\x1C\x98\x1C\x98\x24\x98\x24\x78\x24\x78\x24\x78\x1C\x98\x1C\x98\x1C\x98\x1C\x98\x1C\x98\x1C\x98\x1C\x98\x1C\x98\x1C\x99" +
	"\x1C\x99\x1C\x99\x1C\x98\x1C\x99\x1C\x98\x1C\x98\x1C\x98\x1C\x98\x1C\x98\x1C\x99\x14\x99\x14\x99\x14\x99\x14\x99\x14\x99\x1C\x99" +
	"\x33\xD7\x33\xD7\x33\xD7\x33\xD7\x33\xD7\x33\xD7\x33\xD7\x33\xD7\x33\xF7\x3B\xF7\x3B\xF7\x3C\x17\x3C\x17\x3C\x17\x3C\x17\x3C\x17" +
	"\x3C\x17\x34\x17\x34\x37\x34\x37\x34\x37\x34\x18\x34\x18\x34\x17\x34\x18\x34\x18\x34\x18\x34\x38\x34\x38\x34\x37\x34\x37\x34\x37" +
	"\x34\x37\x34\x37\x34\x37\x34\x37\x34\x37\x34\x37\x34\x37\x34\x37\x34\x37\x34\x37\x34\x38\x34\x38\x34\x38\x34\x38\x34\x38\x34\x38" +
	"\x34\x38\x34\x38\x34\x38\x34\x38\x34\x38\x34\x38\x34\x38\x23\xF7\x13\xB6\x34\x38\x64\xDA\x64\xDA\x64\xD9\x64\xD9\x64\xD9\x64\xD9" +
	"\x64\xD9\x64\xD9\x64\xD9\x64\xFA\x54\xB9\x13\xD6\x1C\x17\x64\xFA\x64\xDA\x64\xDA\x64\xDA\x64\xDA\x64\xDA\x6C\xFA\x64\xD9\x4C\xB9" +
	"\x44\x78\x13\xF7\x0B\xD7\x03\xD6\x03\xD6\x03\xD6\x03\xB6\x03\xB6\x0B\xF7\x2C\x58\x75\x3A\x9D\xBB\x95\xBB\x9D\xBB\xAD\xDB\xB5\xFB" +
	"\xAD\xFB\xB5\xDB\xAD\xDB\xAD\xFB\xA5\xDB\x5D\x1A\x14\x38\x2C\x78\x03\xF7\x0C\x17\x3C\x98\x6C\xF9\x6C\xFA\x6C\xFA\x6C\xFA\x6C\xF9" +
	"\x6C\xF9\x6C\xFA\x6C\xFA\x6C\xFA\x6C\xFA\x6C\xFA\x6C\xFA\x6D\x19\x6C\xF9\x6C\xF9\x6D\x1A\x6C\xFA\x75\x1A\x74\xFA\x6D\x1A\x6D\x1A" +
	"\x6D\x1A\x6D\x1A\x75\x1A\x6D\x1A\x6D\x1A\x6D\x1A\x4C\xD9\x03\xF7\x04\x17\x54\xF9\x75\x1A\x75\x1A\x75\x1A\x75\x1A\x75\x1A\x75\x3A" +
	"\x54\xF9\x04\x17\x04\x37\x04\x17\x05\x5A\x05\xDC\x14\xFA\x24\x98\x24\x99\x24\x99\x1C\x99\x1C\x99\x1C\x99\x1C\x99\x1C\x99\x1C\x99" +
	"\x1C\x99\x1C\x99\x1C\x99\x1C\x99\x14\x99\x14\x99\x1C\x99\x14\x99\x0C\xB9\x0C\x99\x14\xB9\x14\x99\x14\x99\x14\x99\x14\x99\x14\x99" +
	"\x14\x99\x1C\xB9\x1C\xB9\x1C\xB9\x1C\xB9\x1C\xB9\x1C\xB9\x14\xB9\x0C\xB9\x14\xB9\x1C\xB9\x14\xB9\x14\xB9\x14\xB9\x14\xB9\x14\xB9" +
	"\x0C\xB9\x04\xB9\x0C\xB9\x0C\xB9\x0C\xB9\x0C\xB9\x14\x99\x14\x99\x1C\x98\x1C\x98\x24\x98\x24\x78\x24\x78\x24\x78\x24\x78\x1C\x98" +
	"\x24\x78\x24\x98\x24\x78\x24\x98\x24\x98\x24\x99\x24\x98\x24\x99\x24\x78\x1C\x98\x1C\x98\x1C\x98\x1C\x98\x1C\x98\x1C\x98\x1C\x98" +
	"\x1C\x99\x1C\x99\x1C\x99\x1C\x99\x1C\x99\x1C\x98\x1C\x98\x1C\x98\x1C\x98\x1C\x99\x1C\x99\x1C\x99\x14\x99\x14\x99\x14\x99\x14\x99" +
	"\x33\xD7\x33\xD7\x33\xD7\x33\xD7\x33\xD7\x33\xD7\x33\xD7\x33\xD7\x33\xD7\x33\xF7\x3B\xF7\x3C\x17\x3C\x17\x3C\x17\x3C\x17\x3C\x17" +
	"\x3C\x17\x3C\x17\x3C\x17\x34\x37\x34\x37\x34\x18\x34\x18\x34\x18\x34\x18\x34\x18\x34\x18\x34\x38\x34\x38\x34\x38\x34\x37\x34\x37" +
	"\x34\x37\x34\x37\x34\x37\x34\x37\x34\x37\x34\x37\x34\x37\x34\x37\x34\x37\x34\x37\x34\x37\x34\x38\x34\x38\x34\x38\x34\x38\x34\x38" +
	"\x34\x38\x34\x38\x34\x38\x34\x38\x34\x38\x34\x38\x34\x38\x1B\xD6\x13\xD7\x64\xD9\x64\xDA\x64\xD9\x64\xD9\x64\xD9\x64\xD9\x64\xD9" +
	"\x64\xD9\x64\xD9\x64\xDA\x6C\xDA\x34\x58\x0B\xB6\x44\x78\x64\xDA\x64\xDA\x64\xDA\x64\xDA\x64\xDA\x64\xDA\x64\xFA\x64\xDA\x6C\xDA" +
	"\x6C\xFA\x6C\xFA\x64\xD9\x5C\xD9\x3C\x98\x1C\x17\x1C\x17\x1C\x17\x0B\xD7\x03\xB6\x03\xB6\x0B\xD7\x03\xD7\x0B\xD7\x24\x58\x44\xD9" +
	"\x34\x78\x54\xF9\x3C\xF9\x2C\x78\x14\x37\x03\xD7\x03\xF7\x0B\xF7\x4C\xB9\x6C\xFA\x74\xFA\x6C\xFA\x6C\xFA\x6C\xFA\x6C\xFA\x6C\xFA" +
	"\x6C\xFA\x6C\xFA\x6C\xF9\x6C\xF9\x6C\xFA\x6C\xFA\x6C\xFA\x6C\xFA\x6C\xF9\x6C\xF9\x6D\x1A\x6C\xF9\x6C\xFA\x6D\x1A\x74\xFA\x6D\x1A" +
	"\x6D\x1A\x6D\x1A\x6D\x1A\x6D\x1A\x6D\x1A\x6D\x1A\x6D\x1A\x0C\x37\x03\xF7\x14\x37\x65\x1A\x75\x1A\x75\x1A\x75\x1A\x75\x1A\x75\x1A" +
	"\x75\x1A\x34\xB8\x04\x17\x04\x17\x05\x7B\x0D\x1A\x24\x98\x24\x99\x24\x99\x24\x99\x24\x99\x1C\x99\x1C\x99\x1C\x99\x1C\x99\x1C\x99" +
	"\x1C\x99\x1C\x99\x1C\x99\x14\x99\x14\x99\x14\x99\x14\x99\x14\x99\x14\x99\x14\xB9\x0C\xB9\x14\x99\x14\x99\x14\x99\x14\x99\x14\x99" +
	"\x14\xB9\x14\xB9\x14\xB9\x1C\xB9\x1C\x99\x1C\xB9\x1C\x99\x1C\x99\x1C\x99\x14\xB9\x14\xB9\x1C\xB9\x1C\xB9\x14\xB9\x14\xB9\x1C\x99" +
	"\x1C\x98\x1C\x98\x24\x98\x24\x78\x24\x78\x2C\x78\x24\x78\x24\x78\x24\x78\x24\x78\x24\x78\x24\x78\x24\x78\x24\x78\x24\x78\x24\x78" +
	"\x24\x78\x24\x78\x24\x98\x24\x78\x24\x98\x24\x98\x24\x98\x24\x98\x24\x98\x24\x98\x24\x78\x1C\x98\x1C\x98\x1C\x98\x1C\x98\x1C\x98" +
	"\x1C\x98\x1C\x98\x1C\x98\x1C\x98\x1C\x98\x1C\x98\x1C\x98\x1C\x98\x1C\x98\x1C\x99\x1C\x98\x1C\x98\x1C\x99\x1C\x99\x14\x99\x14\x99" +
	"\x33\xD7\x33\xD7\x33\xD7\x33\xD7\x33\xD7\x33\xD7\x33\xD7\x33\xD7\x33\xD7\x33\xF7\x33\xF7\x3B\xF7\x3B\xF7\x3C\x17\x3C\x17\x3C\x17" +
	"\x3C\x17\x3C\x17\x3C\x17\x3C\x17\x34\x37\x34\x37\x34\x37\x34\x18\x34\x38\x34\x18\x34\x18\x34\x18\x34\x18\x34\x18\x34\x38\x34\x37" +
	"\x34\x37\x34\x37\x34\x37\x34\x37\x34\x37\x34\x37\x34\x37\x34\x37\x34\x37\x34\x37\x34\x37\x34\x37\x34\x37\x34\x37\x34\x37\x34\x38" +
	"\x34\x38\x34\x38\x34\x38\x34\x38\x34\x38\x3C\x38\x1B\xD7\x13\xB6\x34\x58\x64\xDA\x64\xD9\x64\xD9\x64\xD9\x64\xD9\x64\xD9\x64\xD9" +
	"\x64\xDA\x64\xDA\x64\xDA\x5C\xB9\x13\xF7\x13\xF7\x64\xDA\x64\xDA\x64\xDA\x64\xDA\x64\xDA\x64\xDA\x64\xDA\x64\xDA\x64\xDA\x64\xDA" +
	"\x6C\xDA\x6C\xDA\x6C\xDA\x6C\xDA\x6C\xFA\x6C\xFA\x44\x78\x13\xF7\x4C\xB9\x44\x78\x2C\x58\x1B\xF7\x0B\xD7\x03\xD6\x03\xD6\x03\xB6" +
	"\x03\xD6\x03\xB6\x03\xB6\x03\xD6\x03\xD6\x3C\x98\x0C\x17\x03\xD7\x34\x78\x6C\xFA\x6C\xF9\x6C\xFA\x6C\xFA\x6C\xFA\x6C\xFA\x6C\xFA" +
	"\x6C\xFA\x6C\xFA\x6C\xFA\x6C\xFA\x6C\xFA\x6C\xFA\x6C\xFA\x6C\xFA\x6C\xFA\x6C\xFA\x6D\x19\x6C\xF9\x6C\xFA\x6C\xF9\x6C\xFA\x75\x1A" +
	"\x6D\x1A\x6D\x1A\x6D\x1A\x6D\x1A\x75\x1A\x6D\x1A\x6D\x1A\x4C\xF9\x04\x17\x03\xF7\x44\xD9\x75\x1A\x6D\x1A\x75\x1A\x75\x1A\x75\x1A" +
	"\x75\x1A\x75\x1A\x0C\x58\x04\x17\x05\xBB\x14\xD9\x1C\x99\x24\x99\x24\x99\x24\x99\x24\x99\x24\x98\x1C\x99\x1C\x98\x1C\x98\x1C\x99" +
	"\x1C\x99\x1C\x99\x1C\x99\x1C\x99\x14\x99\x14\x99\x14\x99\x14\x99\x14\x99\x1C\x99\x14\x99\x14\x99\x14\x99\x14\x99\x1C\x99\x1C\x99" +
	"\x1C\x99\x1C\x99\x1C\x99\x14\x99\x1C\x99\x1C\x99\x1C\x99\x1C\x99\x1C\x99\x1C\x98\x1C\x98\x24\x78\x24\x78\x24\x78\x2C\x78\x24\x58" +
	"\x24\x58\x2C\x58\x2C\x58\x2C\x58\x2C\x78\x2C\x58\x24\x78\x24\x78\x24\x78\x24\x78\x24\x78\x24\x78\x24\x78\x24\x78\x24\x78\x24\x78" +
	"\x24\x78\x24\x78\x24\x78\x24\x98\x24\x98\x24\x98\x24\x98\x24\x98\x24\x98\x24\x98\x24\x98\x24\x98\x24\x78\x1C\x98\x1C\x98\x1C\x98" +
	"\x1C\x98\x1C\x98\x1C\x98\x1C\x98\x1C\x98\x1C\x99\x1C\x99\x1C\x98\x1C\x99\x1C\x99\x1C\x98\x1C\x98\x1C\x99\x1C\x98\x1C\x98\x14\x98" +
	"\x33\xD7\x33\xD7\x33\xD7\x33\xD7\x33\xD7\x33\xD7\x33\xD7\x33\xD7\x33\xD7\x33\xD7\x33\xF7\x3B\xF7\x3B\xF7\x3B\xF7\x3C\x17\x3C\x17" +
	"\x3C\x17\x3C\x17\x3C\x17\x3C\x17\x3C\x17\x34\x17\x34\x37\x34\x37\x34\x17\x34\x38\x34\x18\x34\x18\x34\x18\x34\x18\x34\x18\x34\x38" +
	"\x34\x38\x34\x37\x34\x37\x34\x37\x34\x37\x34\x37\x34\x37\x34\x37\x34\x37\x34\x37\x34\x37\x34\x37\x34\x37\x34\x37\x34\x37\x34\x38" +
	"\x34\x38\x34\x38\x34\x38\x34\x38\x34\x38\x34\x38\x1B\xB6\x1B\xB6\x4C\x99\x64\xD9\x64\xD9\x64\xD9\x64\xD9\x64\xD9\x64\xD9\x64\xD9" +
	"\x64\xD9\x64\xD9\x6C\xDA\x2C\x38\x0B\xB6\x3C\x58\x64\xFA\x64\xDA\x64\xDA\x64\xDA\x64\xDA\x64\xDA\x64\xDA\x64\xDA\x64\xDA\x64\xDA" +
	"\x64\xDA\x6C\xDA\x6C\xDA\x6C\xDA\x6C\xDA\x64\xFA\x54\xB9\x03\xD6\x24\x37\x6C\xFA\x6C\xFA\x6C\xFA\x5C\xD9\x54\xB9\x3C\x98\x2C\x58" +
	"\x24\x38\x03\xD6\x24\x58\x4C\xB9\x5C\xD9\x6C\xFA\x54\xD9\x03\xF7\x03\xF7\x54\xD9\x6C\xFA\x6C\xFA\x6C\xFA\x6C\xFA\x6C\xFA\x6C\xFA" +
	"\x6C\xFA\x6C\xFA\x6C\xFA\x6C\xFA\x6C\xFA\x6C\xF9\x6C\xFA\x6C\xFA\x6C\xFA\x6C\xFA\x6C\xFA\x6C\xFA\x6C\xF9\x6C\xF9\x6C\xF9\x6C\xFA" +
	"\x75\x1A\x6C\xFA\x6D\x1A\x6D\x1A\x6D\x1A\x6D\x1A\x75\x1A\x75\x1A\x44\xB9\x03\xF7\x0C\x37\x6D\x1A\x75\x1A\x6D\x1A\x75\x1A\x75\x1A" +
	"\x75\x1A\x75\x1A\x1C\x58\x04\x38\x05\xDB\x14\xD9\x24\x98\x24\x99\x24\x99\x24\x98\x24\x98\x24\x98\x24\x98\x1C\x99\x1C\x98\x1C\x99" +
	"\x1C\x99\x1C\x99\x1C\x98\x1C\x99\x1C\x99\x14\x99\x14\x99\x1C\x99\x14\x99\x14\x99\x1C\x99\x1C\x99\x1C\x99\x14\x99\x1C\x99\x1C\x99" +
	"\x1C\x99\x1C\x99\x1C\x99\x24\x99\x24\x98\x24\x78\x24\x78\x2C\x78\x2C\x58\x2C\x58\x2C\x58\x2C\x58\x2C\x58\x24\x58\x2C\x58\x2C\x58" +
	"\x2C\x58\x24\x58\x24\x58\x2C\x58\x2C\x58\x2C\x78\x2C\x78\x24\x78\x24\x78\x24\x78\x24\x78\x24\x78\x24\x78\x24\x78\x24\x78\x24\x78" +
	"\x24\x78\x1C\x78\x24\x78\x24\x78\x24\x98\x24\x98\x24\x98\x24\x98\x24\x98\x24\x98\x24\x99\x24\x99\x24\x98\x24\x78\x24\x98\x1C\x98" +
	"\x1C\x98\x1C\x98\x1C\x98\x1C\x98\x1C\x98\x1C\x98\x1C\x99\x1C\x99\x1C\x99\x1C\x98\x1C\x98\x1C\x98\x1C\x98\x1C\x98\x1C\x98\x1C\x99" +
	"\x33\xD7\x33\xD7\x33\xD7\x33\xD7\x33\xD7\x33\xD7\x33\xD7\x33\xD7\x33\xD7\x33\xD7\x33\xD7\x33\xF7\x3B\xF7\x3B\xF7\x3C\x17\x3C\x17" +
	"\x3C\x17\x3C\x17\x3C\x17\x3C\x17\x3C\x17\x3C\x17\x3C\x17\x34\x37\x34\x37\x34\x37\x34\x38\x34\x18\x34\x18\x34\x18\x34\x38\x34\x18" +
	"\x34\x38\x34\x38\x34\x37\x34\x37\x34\x37\x34\x37\x34\x37\x34\x37\x34\x37\x34\x37\x34\x37\x34\x37\x34\x37\x34\x37\x34\x37\x34\x37" +
	"\x34\x37\x34\x38\x34\x38\x34\x38\x34\x38\x2C\x17\x13\xB6\x1B\xF7\x64\xDA\x64\xDA\x64\xD9\x64\xD9\x64\xD9\x64\xD9\x64\xD9\x64\xD9" +
	"\x64\xD9\x64\xDA\x54\xB9\x0B\xB6\x24\x17\x64\xDA\x64\xDA\x64\xD9\x64\xDA\x64\xDA\x64\xDA\x64\xDA\x64\xDA\x64\xDA\x64\xDA\x64\xDA" +
	"\x64\xDA\x64\xDA\x64\xDA\x6C\xDA\x6C\xDA\x6C\xFA\x64\xD9\x0B\xD6\x13\xF7\x64\xFA\x6C\xFA\x64\xFA\x64\xF9\x6C\xFA\x6C\xFA\x6C\xFA" +
	"\x54\xD9\x03\xD6\x34\x78\x6C\xFA\x6C\xF9\x6C\xF9\x6C\xFA\x2C\x58\x03\xD6\x1C\x37\x6C\xFA\x6C\xFA\x6C\xF9\x6C\xFA\x6C\xFA\x6C\xFA" +
	"\x6C\xFA\x6C\xFA\x6C\xFA\x6C\xFA\x6C\xFA\x6C\xFA\x6C\xFA\x6C\xFA\x6C\xFA\x6C\xFA\x6C\xFA\x6C\xFA\x6C\xFA\x6C\xF9\x6C\xFA\x6C\xF9" +
	"\x6D\x1A\x75\x1A\x74\xFA\x6D\x1A\x6D\x1A\x6D\x1A\x6D\x1A\x6D\x1A\x6D\x1A\x1C\x78\x03\xF7\x24\x78\x75\x1A\x75\x1A\x6D\x1A\x75\x1A" +
	"\x75\x1A\x75\x1A\x14\x58\x04\x38\x05\x9B\x24\x78\x24\x98\x24\x98\x1C\x99\x24\x99\x24\x98\x24\x98\x1C\x99\x1C\x99\x1C\x98\x1C\x99" +
	"\x1C\x99\x1C\x99\x1C\x98\x1C\x99\x1C\x99\x1C\x99\x1C\x99\x1C\x99\x1C\x99\x1C\x99\x14\x99\x1C\x99\x1C\x98\x24\x98\x24\x78\x24\x78" +
	"\x2C\x78\x2C\x58\x2C\x58\x2C\x58\x2C\x58\x2C\x58\x2C\x58\x2C\x58\x2C\x58\x2C\x58\x2C\x58\x2C\x58\x2C\x58\x2C\x58\x2C\x58\x24\x58" +
	"\x2C\x58\x2C\x58\x2C\x58\x24\x58\x24\x58\x2C\x58\x2C\x58\x2C\x78\x24\x78\x24\x78\x24\x78\x24\x78\x24\x78\x24\x78\x24\x78\x24\x78" +
	"\x24\x78\x24\x78\x24\x78\x24\x78\x24\x78\x24\x78\x24\x78\x24\x98\x24\x98\x24\x98\x24\x98\x24\x98\x24\x98\x24\x98\x24\x99\x24\x78" +
	"\x24\x98\x1C\x98\x1C\x98\x1C\x98\x1C\x98\x1C\x98\x1C\x98\x1C\x98\x1C\x98\x1C\x99\x1C\x98\x1C\x98\x1C\x98\x1C\x98\x1C\x99\x1C\x99" +
	"\x33\xD7\x33\xD7\x33\xD7\x33\xD7\x33\xD7\x33\xD7\x33\xD7\x33\xD7\x33\xD7\x33\xD7\x33\xD7\x33\xF7\x3B\xF7\x3B\xF7\x3B\xF7\x3C\x17" +
	"\x3C\x17\x3C\x17\x3C\x17\x3C\x17\x3C\x17\x3C\x17\x3C\x17\x3C\x17\x3C\x17\x34\x37\x34\x37\x34\x18\x34\x38\x34\x18\x34\x18\x34\x18" +
	"\x34\x18\x34\x38\x34\x38\x34\x38\x34\x37\x34\x37\x34\x37\x34\x37\x34\x37\x34\x37\x34\x37\x34\x37\x34\x37\x34\x37\x34\x37\x34\x37" +
	"\x34\x37\x34\x37\x34\x37\x34\x38\x34\x38\x2B\xF7\x13\xB6\x24\x17\x64\xDA\x64\xD9\x64\xD9\x64\xD9\x64\xD9\x64\xD9\x64\xD9\x64\xDA" +
	"\x64\xD9\x64\xDA\x1B\xF7\x0B\xB6\x5C\xB9\x64\xD9\x64\xD9\x64\xD9\x64\xD9\x64\xD9\x64\xDA\x64\xDA\x64\xDA\x64\xDA\x64\xDA\x64\xDA" +
	"\x64\xDA\x64\xDA\x64\xDA\x64\xDA\x6C\xDA\x6C\xDA\x6C\xFA\x24\x38\x03\xB6\x5C\xD9\x6C\xDA\x6C\xDA\x64\xFA\x64\xF9\x64\xFA\x6C\xF9" +
	"\x64\xD9\x03\xD7\x24\x58\x6C\xFA\x6C\xFA\x6C\xFA\x6C\xF9\x64\xF9\x0B\xF7\x0B\xF7\x6C\xFA\x6C\xFA\x6C\xFA\x6C\xFA\x6C\xF9\x6C\xFA" +
	"\x6C\xFA\x6C\xFA\x6C\xFA\x6C\xFA\x6C\xFA\x6C\xFA\x6C\xF9\x6C\xFA\x6C\xFA\x6C\xFA\x6C\xFA\x6C\xFA\x6C\xFA\x6C\xFA\x6D\x19\x6C\xF9" +
	"\x6C\xFA\x6C\xF9\x6C\xFA\x75\x1A\x6C\xFA\x6D\x1A\x6D\x1A\x6D\x1A\x75\x1A\x54\xD9\x03\xF7\x04\x17\x5C\xF9\x75\x1A\x75\x1A\x6D\x1A" +
	"\x6D\x1A\x75\x3A\x14\x58\x04\x38\x14\xD9\x24\x98\x24\x98\x24\x98\x24\x98\x24\x98\x1C\x99\x24\x99\x24\x99\x1C\x99\x1C\x99\x1C\x99" +
	"\x1C\x99\x1C\x99\x1C\x99\x1C\x99\x1C\x99\x1C\x99\x24\x99\x24\x99\x1C\x99\x1C\x99\x24\x98\x24\x78\x2C\x58\x2C\x58\x2C\x58\x2C\x58" +
	"\x2C\x58\x2C\x58\x2C\x38\x2C\x58\x2C\x58\x2C\x58\x2C\x58\x2C\x58\x2C\x58\x2C\x58\x2C\x58\x2C\x58\x2C\x58\x2C\x58\x2C\x58\x2C\x58" +
	"\x2C\x58\x2C\x58\x2C\x58\x2C\x58\x2C\x58\x24\x58\x2C\x58\x2C\x58\x2C\x58\x24\x78\x24\x78\x24\x78\x24\x78\x24\x78\x24\x78\x24\x78" +
	"\x24\x78\x24\x78\x24\x78\x24\x78\x1C\x78\x1C\x78\x24\x78\x24\x78\x24\x78\x24\x98\x24\x98\x24\x98\x24\x98\x24\x98\x24\x98\x24\x99" +
	"\x24\x98\x24\x98\x24\x98\x1C\x98\x1C\x98\x1C\x98\x1C\x98\x1C\x98\x1C\x98\x1C\x98\x14\x98\x1C\x99\x1C\x98\x1C\x99\x1C\x99\x1C\x99" +
	"\x33\xD7\x33\xD7\x33\xD7\x33\xD7\x33\xD7\x33\xD7\x33\xD7\x33\xD7\x33\xD7\x33\xD7\x33\xD7\x33\xD7\x33\xF7\x3B\xF7\x3B\xF7\x3B\xF7" +
	"\x3C\x17\x3C\x17\x3C\x17\x3C\x17\x3C\x17\x3C\x17\x3C\x17\x3C\x17\x3C\x17\x3C\x17\x34\x17\x34\x37\x34\x38\x34\x38\x34\x18\x34\x18" +
	"\x34\x18\x34\x18\x34\x37\x34\x38\x34\x38\x34\x38\x34\x37\x34\x37\x34\x37\x34\x37\x34\x37\x34\x37\x34\x37\x34\x37\x34\x37\x34\x37" +
	"\x34\x37\x34\x37\x34\x37\x34\x38\x34\x38\x2B\xF7\x13\x96\x34\x38\x6C\xDA\x64\xD9\x64\xD9\x64\xD9\x64\xD9\x64\xD9\x64\xD9\x64\xD9" +
	"\x64\xDA\x44\x78\x0B\xB6\x24\x17\x64\xDA\x64\xDA\x64\xD9\x64\xD9\x64\xDA\x64\xD9\x64\xD9\x64\xDA\x64\xDA\x64\xDA\x64\xDA\x64\xDA" +
	"\x64\xDA\x64\xDA\x64\xDA\x64\xDA\x64\xDA\x64\xDA\x6C\xFA\x34\x78\x03\xB6\x24\x17\x64\xFA\x6C\xDA\x6C\xDA\x6C\xDA\x64\xDA\x6C\xFA" +
	"\x6C\xFA\x14\x17\x0B\xF7\x64\xF9\x6C\xFA\x6C\xFA\x6C\xFA\x6C\xFA\x24\x38\x03\xD6\x3C\x78\x6C\xFA\x6C\xFA\x6C\xFA\x6C\xFA\x6C\xF9" +
	"\x6C\xFA\x6C\xFA\x6C\xFA\x6C\xFA\x6C\xFA\x6C\xFA\x6C\xFA\x6C\xFA\x6C\xFA\x6C\xFA\x6C\xFA\x6C\xFA\x6C\xFA\x6C\xFA\x6C\xFA\x6C\xFA" +
	"\x6C\xF9\x6C\xFA\x6C\xF9\x6C\xFA\x75\x1A\x6D\x1A\x6D\x1A\x6D\x1A\x6D\x1A\x6D\x1A\x14\x58\x03\xF7\x2C\x78\x75\x1A\x75\x1A\x75\x1A" +
	"\x6D\x1A\x65\x19\x04\x17\x04\x38\x24\x99\x24\x98\x24\x98\x24\x98\x24\x98\x24\x98\x24\x99\x1C\x99\x24\x99\x24\x99\x1C\x99\x1C\x98" +
	"\x1C\x98\x1C\x98\x1C\x99\x1C\x98\x1C\x98\x24\x98\x24\x98\x24\x78\x24\x78\x24\x78\x24\x78\x2C\x58\x2C\x38\x2C\x58\x2C\x38\x2C\x58" +
	"\x2C\x58\x2C\x58\x2C\x58\x2C\x58\x2C\x58\x2C\x58\x2C\x58\x2C\x58\x2C\x58\x2C\x58\x2C\x58\x2C\x58\x2C\x58\x2C\x58\x2C\x58\x2C\x58" +
	"\x2C\x58\x2C\x58\x24\x58\x24\x58\x2C\x58\x2C\x58\x24\x58\x24\x58\x2C\x58\x2C\x58\x2C\x78\x24\x78\x24\x78\x24\x78\x24\x78\x24\x78" +
	"\x24\x78\x24\x78\x24\x78\x24\x78\x24\x78\x24\x78\x1C\x78\x24\x78\x24\x78\x24\x78\x24\x98\x24\x99\x24\x99\x24\x98\x24\x98\x24\x98" +
	"\x24\x98\x24\x99\x24\x99\x1C\x98\x1C\x98\x1C\x98\x1C\x98\x1C\x98\x1C\x98\x1C\x98\x1C\x98\x1C\x99\x14\x99\x1C\x99\x1C\x99\x1C\x98" +
	"\x33\xD7\x33\xD7\x33\xD7\x33\xD7\x33\xD7\x33\xD7\x33\xD7\x33\xD7\x33\xD7\x33\xD7\x33\xD7\x33\xD7\x33\xF7\x33\xF7\x3B\xF7\x3B\xF7" +
	"\x3B\xF7\x3C\x17\x3C\x17\x3C\x17\x3C\x17\x3C\x17\x3C\x17\x3C\x17\x3C\x17\x3C\x17\x3C\x17\x34\x37\x34\x18\x34\x38\x34\x18\x34\x18" +
	"\x34\x18\x34\x38\x34\x18\x34\x18\x34\x38\x34\x38\x34\x37\x34\x37\x34\x37\x34\x37\x34\x37\x34\x37\x34\x37\x34\x37\x34\x37\x34\x37" +
	"\x34\x37\x34\x37\x34\x37\x34\x37\x34\x38\x34\x38\x13\xD6\x1B\xD6\x5C\xB9\x64\xDA\x64\xD9\x64\xD9\x64\xD9\x64\xD9\x64\xD9\x64\xDA" +
	"\x4C\x99\x0B\xB6\x13\xD6\x54\xB9\x64\xDA\x64\xDA\x64\xD9\x64\xD9\x64\xD9\x64\xD9\x64\xDA\x64\xD9\x64\xD9\x64\xDA\x64\xDA\x64\xDA" +
	"\x64\xDA\x64\xDA\x64\xDA\x64\xDA\x64\xDA\x64\xDA\x64\xDA\x64\xDA\x0B\xD6\x0B\xD7\x5C\xD9\x64\xFA\x6C\xDA\x6C\xDA\x64\xDA\x64\xF9" +
	"\x6C\xFA\x3C\x98\x03\xD6\x5C\xD9\x6C\xF9\x6C\xFA\x6C\xFA\x6C\xFA\x5C\xF9\x03\xD7\x13\xF7\x6C\xFA\x6C\xFA\x6C\xF9\x6C\xFA\x6C\xFA" +
	"\x6C\xF9\x6C\xFA\x6C\xFA\x6C\xFA\x6C\xFA\x6C\xFA\x6C\xFA\x6C\xFA\x6C\xFA\x6C\xF9\x6C\xF9\x6C\xF9\x6C\xFA\x6C\xFA\x6C\xFA\x6C\xFA" +
	"\x6D\x1A\x6C\xF9\x6D\x1A\x6C\xF9\x6C\xFA\x75\x1A\x75\x1A\x6D\x1A\x6D\x1A\x6D\x1A\x65\x19\x04\x17\x0C\x17\x6C\xFA\x6D\x1A\x75\x1A" +
	"\x75\x1A\x2C\x98\x04\x17\x0C\x78\x24\x78\x24\x99\x24\x98\x24\x98\x24\x78\x1C\x99\x24\x99\x24\x98\x1C\x99\x1C\x99\x24\x99\x24\x99" +
	"\x24\x99\x24\x99\x24\x98\x24\x78\x24\x98\x24\x78\x24\x78\x24\x78\x24\x78\x24\x78\x2C\x78\x2C\x58\x34\x38\x34\x38\x2C\x38\x2C\x58" +
	"\x2C\x38\x2C\x58\x2C\x58\x2C\x58\x2C\x58\x34\x58\x2C\x58\x2C\x58\x2C\x58\x2C\x58\x2C\x58\x2C\x58\x2C\x58\x2C\x58\x2C\x58\x2C\x58" +
	"\x2C\x58\x2C\x58\x2C\x58\x2C\x58\x24\x58\x2C\x58\x2C\x58\x2C\x58\x24\x58\x24\x58\x24\x78\x2C\x58\x24\x78\x24\x78\x24\x78\x24\x78" +
	"\x24\x78\x24\x78\x24\x78\x24\x78\x24\x78\x24\x78\x24\x78\x24\x78\x1C\x78\x24\x78\x24\x78\x24\x78\x24\x98\x24\x98\x24\x98\x24\x98" +
	"\x24\x98\x24\x98\x24\x98\x24\x98\x24\x99\x1C\x98\x1C\x98\x1C\x98\x1C\x98\x1C\x98\x1C\x98\x1C\x98\x1C\x99\x1C\x99\x14\x99\x1C\x98" +
	"\x33\xD7\x33\xD7\x33\xD7\x33\xD7\x33\xD7\x33\xD7\x33\xD7\x33\xD7\x33\xD7\x33\xD7\x33\xD7\x33\xD7\x33\xD7\x33\xD7\x33\xF7\x3B\xF7" +
	"\x3B\xF7\x3B\xF7\x3B\xF7\x3C\x17\x3C\x17\x3C\x17\x3C\x17\x3C\x17\x3C\x17\x3C\x17\x3C\x17\x3C\x17\x34\x37\x34\x18\x34\x38\x34\x18" +
	"\x34\x18\x34\x18\x34\x18\x34\x18\x34\x18\x34\x18\x34\x38\x34\x38\x34\x38\x34\x38\x34\x38\x34\x37\x34\x37\x34\x37\x34\x37\x34\x37" +
	"\x34\x37\x34\x37\x34\x37\x34\x38\x34\x38\x24\xD9\x0C\xB9\x13\x96\x3C\x58\x64\xDA\x64\xDA\x64\xDA\x64\xDA\x64\xD9\x64\xDA\x64\xDA" +
	"\x2C\x38\x13\xB6\x3C\x78\x6C\xDA\x64\xDA\x64\xDA\x64\xD9\x64\xD9\x64\xD9\x64\xD9\x64\xD9\x64\xDA\x64\xDA\x64\xD9\x64\xDA\x64\xDA" +
	"\x64\xDA\x64\xDA\x64\xDA\x64\xDA\x64\xDA\x64\xDA\x64\xDA\x64\xFA\x1C\x17\x03\xB6\x3C\x58\x6C\xFA\x64\xDA\x64\xFA\x64\xF9\x6C\xFA" +
	"\x6C\xF9\x4C\xB9\x03\xD7\x54\xB9\x6C\xFA\x6C\xF9\x6C\xFA\x6C\xFA\x6C\xFA\x1C\x37\x03\xB6\x34\x78\x6C\xFA\x6C\xFA\x6C\xF9\x6C\xFA" +
	"\x6C\xFA\x6C\xFA\x6C\xFA\x6C\xFA\x6C\xFA\x6C\xFA\x6C\xFA\x6C\xFA\x6C\xFA\x6C\xFA\x6C\xF9\x6C\xF9\x6C\xFA\x6C\xFA\x6C\xFA\x6C\xFA" +
	"\x6C\xFA\x6C\xF9\x6D\x19\x6C\xF9\x6C\xF9\x6C\xFA\x6D\x1A\x75\x1A\x6D\x1A\x6D\x1A\x6D\x1A\x14\x37\x03\xF7\x3C\xB9\x75\x1A\x75\x1A" +
	"\x64\xF9\x04\x17\x04\x38\x1C\x99\x24\x78\x24\x78\x24\x98\x24\x98\x24\x78\x24\x98\x24\x99\x24\x98\x24\x98\x24\x98\x1C\x99\x24\x98" +
	"\x24\x78\x24\x78\x24\x78\x24\x78\x24\x78\x24\x78\x24\x78\x24\x78\x24\x78\x24\x78\x2C\x58\x2C\x58\x34\x38\x34\x38\x34\x38\x34\x38" +
	"\x2C\x58\x2C\x58\x2C\x38\x2C\x38\x2C\x58\x2C\x58\x2C\x58\x2C\x58\x2C\x58\x2C\x58\x2C\x58\x2C\x58\x2C\x58\x2C\x58\x2C\x58\x2C\x58" +
	"\x2C\x58\x2C\x58\x2C\x58\x2C\x58\x2C\x58\x2C\x58\x24\x58\x2C\x58\x2C\x58\x2C\x58\x24\x58\x24\x78\x2C\x78\x24\x78\x2C\x78\x24\x78" +
	"\x24\x78\x24\x78\x24\x78\x24\x78\x24\x78\x24\x78\x24\x78\x24\x78\x24\x78\x24\x78\x1C\x78\x24\x78\x24\x78\x24\x78\x24\x98\x24\x98" +
	"\x24\x98\x24\x98\x24\x98\x24\x98\x24\x98\x24\x99\x1C\x99\x1C\x98\x1C\x98\x1C\x98\x1C\x98\x1C\x98\x1C\x98\x1C\x98\x1C\x98\x1C\x99" +
	"\x33\xD7\x33\xD7\x33\xD7\x33\xD7\x33\xD7\x33\xD7\x33\xD7\x33\xD7\x33\xD7\x33\xD7\x33\xD7\x33\xD7\x33\xD7\x33\xD7\x33\xD7\x33\xF7" +
	"\x3B\xF7\x3B\xF7\x3B\xF7\x3C\x17\x3C\x17\x3C\x17\x3C\x17\x3C\x17\x3C\x17\x3C\x17\x3C\x17\x3C\x17\x3C\x17\x34\x18\x34\x38\x34\x18" +
	"\x34\x17\x34\x18\x34\x18\x34\x18\x34\x18\x34\x18\x34\x18\x34\x38\x34\x38\x34\x38\x34\x38\x34\x37\x34\x37\x34\x37\x34\x37\x34\x37" +
	"\x34\x37\x34\x37\x34\x37\x34\x38\x34\x18\x15\x3A\x05\x3A\x13\xB6\x13\x96\x2C\x38\x64\xDA\x64\xDA\x64\xDA\x64\xD9\x64\xDA\x54\xB9" +
	"\x1B\xB6\x1B\xD7\x64\xDA\x64\xDA\x64\xD9\x64\xD9\x64\xD9\x64\xD9\x64\xD9\x64\xD9\x64\xD9\x64\xD9\x64\xD9\x64\xDA\x64\xD9\x64\xDA" +
	"\x64\xDA\x64\xDA\x64\xDA\x64\xDA\x64\xDA\x64\xDA\x64\xDA\x6C\xDA\x34\x58\x03\xB6\x34\x58\x6C\xFA\x6C\xDA\x64\xFA\x64\xF9\x64\xFA" +
	"\x6C\xF9\x5C\xD9\x03\xD7\x24\x38\x6C\xFA\x6C\xFA\x6C\xFA\x6C\xF9\x6C\xFA\x4C\xB9\x03\xD6\x0C\x17\x64\xFA\x6C\xFA\x6C\xFA\x6C\xFA" +
	"\x6C\xFA\x6C\xFA\x6C\xFA\x6C\xF9\x6C\xFA\x6C\xFA\x6C\xFA\x6C\xFA\x6C\xFA\x6C\xFA\x6C\xFA\x6C\xFA\x6C\xF9\x6C\xFA\x6C\xFA\x6C\xFA" +
	"\x6C\xFA\x6C\xFA\x6C\xFA\x6D\x19\x6C\xF9\x6C\xF9\x6D\x19\x6D\x1A\x74\xFA\x6C\xFA\x6D\x1A\x54\xF9\x03\xF7\x0C\x37\x6D\x1A\x6D\x1A" +
	"\x1C\x58\x03\xF7\x0C\x99\x24\x98\x24\x78\x24\x78\x24\x98\x24\x98\x24\x98\x24\x98\x24\x98\x24\x98\x24\x98\x24\x98\x24\x98\x24\x98" +
	"\x24\x78\x24\x98\x24\x78\x24\x78\x24\x78\x24\x98\x24\x78\x24\x78\x2C\x78\x2C\x58\x2C\x58\x2C\x38\x34\x38\x34\x38\x34\x38\x34\x38" +
	"\x34\x38\x2C\x58\x2C\x58\x2C\x58\x2C\x38\x2C\x58\x2C\x58\x2C\x58\x2C\x58\x2C\x58\x2C\x58\x2C\x58\x2C\x58\x2C\x58\x2C\x58\x2C\x58" +
	"\x2C\x58\x2C\x58\x2C\x58\x2C\x58\x2C\x58\x2C\x58\x2C\x58\x2C\x58\x24\x58\x2C\x58\x2C\x58\x2C\x58\x24\x78\x24\x78\x24\x78\x24\x78" +
	"\x24\x78\x24\x78\x24\x78\x24\x78\x24\x78\x24\x78\x24\x78\x24\x78\x24\x78\x24\x78\x24\x78\x24\x78\x1C\x78\x24\x78\x24\x78\x24\x78" +
	"\x24\x98\x24\x98\x24\x98\x24\x98\x24\x98\x24\x98\x24\x99\x1C\x98\x1C\x98\x1C\x98\x1C\x98\x1C\x98\x1C\x98\x1C\x98\x1C\x98\x1C\x98" +
	"\x33\xD7\x33\xD7\x33\xD7\x33\xD7\x33\xD7\x33\xD7\x33\xD7\x33\xD7\x33\xD7\x33\xD7\x33\xD7\x33\xD7\x33\xD7\x33\xD7\x33\xD7\x33\xD7" +
	"\x33\xF7\x3B\xF7\x3B\xF7\x3B\xF7\x3B\xF7\x3B\xF7\x3C\x17\x3C\x17\x3C\x17\x3C\x17\x3C\x17\x3C\x17\x3C\x17\x3C\x17\x34\x17\x34\x18" +
	"\x34\x18\x34\x18\x34\x18\x34\x18\x34\x18\x34\x18\x34\x18\x34\x38\x34\x37\x34\x38\x34\x38\x34\x37\x34\x37\x34\x37\x34\x37\x34\x37" +
	"\x34\x37\x34\x37\x34\x37\x34\x38\x34\x38\x2C\xB9\x05\x9B\x0D\x3A\x1B\xB6\x13\xB6\x44\x58\x64\xDA\x64\xDA\x64\xDA\x64\xDA\x34\x38" +
	"\x13\xB6\x3C\x58\x64\xDA\x64\xDA\x64\xDA\x64\xD9\x64\xD9\x64\xD9\x64\xD9\x64\xD9\x64\xD9\x64\xD9\x64\xD9\x64\xD9\x64\xDA\x64\xD9" +
	"\x64\xD9\x64\xDA\x64\xDA\x64\xDA\x64\xDA\x64\xDA\x64\xDA\x64\xDA\x5C\xB9\x0B\xB6\x1C\x17\x6C\xFA\x6C\xDA\x6C\xDA\x6C\xFA\x64\xF9" +
	"\x64\xFA\x6C\xFA\x24\x17\x0B\xF7\x64\xFA\x6C\xFA\x6C\xFA\x6C\xFA\x6C\xFA\x6C\xFA\x2C\x58\x03\xD6\x34\x78\x6C\xFA\x6C\xFA\x6C\xFA" +
	"\x6C\xFA\x6C\xF9\x6C\xFA\x6C\xFA\x6C\xF9\x6C\xFA\x6C\xFA\x6C\xFA\x6C\xFA\x6C\xFA\x6C\xFA\x6C\xFA\x6C\xFA\x6C\xFA\x6C\xFA\x6C\xFA" +
	"\x6C\xFA\x6C\xFA\x6C\xFA\x6C\xFA\x6C\xF9\x6C\xFA\x6C\xFA\x6C\xFA\x6C\xFA\x6D\x1A\x75\x1A\x6D\x1A\x24\x78\x03\xF7\x4C\xD9\x2C\x98" +
	"\x03\xF7\x04\x17\x24\x78\x24\x98\x24\x78\x24\x78\x24\x98\x24\x99\x24\x99\x24\x99\x24\x99\x24\x98\x24\x98\x24\x98\x24\x98\x24\x98" +
	"\x24\x78\x24\x98\x24\x98\x24\x78\x24\x78\x24\x78\x24\x78\x2C\x78\x2C\x78\x2C\x58\x2C\x38\x2C\x38\x2C\x38\x2C\x38\x34\x38\x34\x38" +
	"\x34\x38\x34\x38\x34\x38\x2C\x38\x2C\x58\x2C\x38\x2C\x38\x2C\x58\x34\x58\x2C\x58\x2C\x58\x2C\x58\x2C\x58\x2C\x58\x2C\x58\x2C\x58" +
	"\x2C\x58\x2C\x58\x2C\x58\x2C\x58\x2C\x58\x2C\x58\x2C\x58\x2C\x58\x2C\x58\x24\x58\x24\x58\x2C\x58\x2C\x58\x24\x78\x24\x78\x24\x78" +
	"\x24\x78\x2C\x78\x24\x78\x24\x78\x24\x78\x24\x78\x24\x78\x24\x78\x24\x78\x24\x78\x24\x78\x24\x78\x24\x78\x24\x78\x1C\x78\x24\x78" +
	"\x24\x78\x24\x78\x24\x98\x24\x99\x24\x99\x24\x98\x24\x98\x24\x98\x1C\x98\x1C\x98\x1C\x98\x1C\x98\x1C\x98\x1C\x98\x1C\x98\x1C\x98" +
	"\x33\xD6\x33\xD7\x33\xD7\x33\xD7\x33\xD7\x33\xD7\x33\xD7\x33\xD7\x33\xD7\x33\xD7\x33\xD7\x33\xD7\x33\xD7\x33\xD7\x33\xD7\x33\xD7" +
	"\x33\xD7\x33\xF7\x33\xF7\x3B\xF7\x3B\xF7\x3B\xF7\x3B\xF7\x3B\xF7\x3C\x17\x3C\x17\x3C\x17\x3C\x17\x3C\x17\x3C\x17\x34\x17\x34\x18" +
	"\x34\x18\x34\x38\x34\x18\x34\x38\x34\x18\x34\x18\x34\x18\x34\x18\x34\x18\x34\x18\x34\x38\x34\x38\x34\x37\x34\x38\x34\x37\x34\x37" +
	"\x34\x37\x34\x37\x34\x37\x34\x38\x34\x38\x34\x38\x1D\x1A\x05\x9B\x0C\xB9\x1B\x96\x13\xB6\x4C\x79\x64\xDA\x64\xDA\x54\xB9\x13\xB6" +
	"\x2C\x17\x6C\xFA\x64\xD9\x64\xD9\x64\xD9\x64\xD9\x64\xD9\x64\xD9\x64\xD9\x64\xD9\x64\xD9\x64\xD9\x64\xD9\x64\xD9\x64\xD9\x64\xDA" +
	"\x64\xDA\x64\xD9\x64\xDA\x64\xDA\x64\xDA\x64\xDA\x64\xDA\x64\xDA\x5C\xDA\x13\xD7\x13\xD7\x64\xDA\x64\xDA\x6C\xDA\x6C\xDA\x6C\xDA" +
	"\x64\xFA\x6C\xFA\x34\x58\x03\xB6\x44\xB9\x6C\xFA\x6C\xFA\x6C\xFA\x6C\xFA\x6C\xFA\x54\xD9\x03\xD6\x0B\xF7\x6C\xFA\x6C\xFA\x6C\xFA" +
	"\x6C\xFA\x6C\xF9\x6C\xF9\x6C\xF9\x6C\xFA\x6C\xFA\x6C\xF9\x6C\xFA\x6C\xFA\x6C\xFA\x6C\xFA\x6C\xFA\x6C\xFA\x6C\xFA\x6C\xFA\x6C\xFA" +
	"\x6C\xFA\x6C\xFA\x6C\xFA\x6C\xFA\x6C\xFA\x6C\xFA\x6C\xF9\x6C\xFA\x6C\xFA\x6D\x1A\x6D\x1A\x75\x1A\x4C\xB9\x03\xF7\x1C\x78\x0C\x17" +
	"\x04\x17\x24\x78\x24\x78\x24\x78\x24\x78\x24\x78\x24\x78\x24\x98\x24\x99\x24\x99\x24\x98\x24\x98\x24\x98\x24\x98\x24\x98\x24\x98" +
	"\x24\x78\x24\x78\x24\x78\x24\x78\x24\x78\x24\x78\x2C\x78\x2C\x58\x2C\x58\x2C\x38\x2C\x38\x2C\x38\x2C\x38\x2C\x38\x2C\x38\x2C\x38" +
	"\x34\x38\x34\x38\x34\x38\x34\x38\x34\x38\x2C\x58\x2C\x58\x2C\x58\x2C\x38\x2C\x58\x2C\x58\x2C\x58\x2C\x58\x2C\x58\x2C\x58\x2C\x58" +
	"\x2C\x58\x2C\x58\x2C\x58\x2C\x58\x2C\x58\x2C\x58\x2C\x58\x2C\x58\x2C\x58\x2C\x58\x2C\x58\x24\x58\x24\x58\x24\x78\x2C\x78\x24\x78" +
	"\x24\x78\x24\x78\x24\x78\x24\x78\x24\x78\x24\x78\x24\x78\x24\x78\x24\x78\x24\x78\x24\x78\x24\x78\x24\x78\x24\x78\x24\x78\x24\x78" +
	"\x24\x78\x1C\x78\x24\x78\x24\x78\x24\x98\x24\x98\x24\x98\x24\x98\x24\x78\x24\x98\x1C\x98\x1C\x98\x1C\x99\x1C\x98\x1C\x98\x1C\x98" +
	"\x33\xD6\x33\xD7\x33\xD7\x33\xD7\x33\xD7\x33\xD7\x33\xD7\x33\xD7\x33\xD7\x33\xD7\x33\xD7\x33\xD7\x33\xD7\x33\xD7\x33\xD7\x33\xD7" +
	"\x33\xD7\x33\xD7\x33\xD7\x33\xF7\x3B\xF7\x3B\xF7\x3B\xF7\x3B\xF7\x3B\xF7\x3C\x17\x3C\x17\x3C\x17\x3C\x17\x3C\x17\x3C\x17\x3C\x17" +
	"\x34\x18\x34\x38\x34\x38\x34\x18\x34\x18\x34\x18\x34\x18\x34\x18\x34\x18\x34\x18\x34\x38\x34\x38\x34\x38\x34\x38\x34\x37\x34\x37" +
	"\x34\x37\x34\x37\x34\x37\x34\x37\x34\x37\x34\x38\x2C\x99\x05\x9B\x05\x9B\x14\x58\x1B\x96\x1B\xD7\x54\x99\x64\xDA\x44\x78\x13\x96" +
	"\x2C\x38\x64\xDA\x64\xD9\x64\xD9\x64\xD9\x64\xD9\x64\xD9\x64\xD9\x64\xD9\x64\xD9\x64\xD9\x64\xD9\x64\xD9\x64\xD9\x64\xD9\x64\xD9" +
	"\x64\xD9\x64\xD9\x64\xD9\x64\xD9\x64\xDA\x64\xDA\x64\xDA\x64\xDA\x64\xDA\x13\xD7\x0B\xD7\x5C\xD9\x64\xDA\x64\xFA\x6C\xDA\x6C\xDA" +
	"\x6C\xDA\x64\xFA\x54\xD9\x03\xD6\x44\x98\x6C\xFA\x6C\xFA\x6C\xFA\x6C\xFA\x6C\xFA\x6C\xFA\x1C\x37\x03\xD6\x44\x98\x6C\xFA\x6C\xFA" +
	"\x6C\xFA\x6C\xFA\x6C\xFA\x6C\xF9\x6C\xFA\x6C\xFA\x6C\xF9\x6C\xF9\x6C\xFA\x6C\xFA\x6C\xFA\x6C\xFA\x6C\xFA\x6C\xFA\x6C\xFA\x6C\xFA" +
	"\x6C\xF9\x6C\xFA\x6C\xFA\x6C\xFA\x6C\xFA\x6C\xFA\x6C\xFA\x6C\xFA\x6D\x1A\x6C\xF9\x6C\xF9\x6D\x1A\x4C\xB9\x03\xF7\x03\xF7\x04\x17" +
	"\x14\x58\x24\x78\x24\x78\x24\x78\x24\x78\x24\x78\x24\x78\x24\x98\x24\x78\x24\x98\x24\x98\x24\x78\x24\x78\x24\x98\x24\x98\x24\x78" +
	"\x24\x78\x24\x78\x24\x78\x24\x78\x24\x78\x2C\x78\x2C\x58\x2C\x58\x2C\x38\x2C\x38\x2C\x38\x2C\x38\x2C\x38\x2C\x38\x2C\x38\x2C\x38" +
	"\x2C\x38\x34\x38\x34\x38\x34\x38\x34\x38\x34\x38\x2C\x38\x2C\x58\x2C\x58\x2C\x38\x2C\x58\x2C\x58\x2C\x58\x2C\x58\x2C\x58\x2C\x58" +
	"\x2C\x58\x2C\x58\x2C\x58\x2C\x58\x2C\x58\x2C\x58\x2C\x58\x2C\x58\x2C\x58\x2C\x58\x2C\x58\x2C\x58\x24\x58\x24\x58\x24\x78\x24\x78" +
	"\x2C\x78\x24\x78\x24\x78\x24\x78\x24\x78\x24\x78\x24\x78\x24\x78\x24\x78\x24\x78\x24\x78\x24\x78\x24\x78\x24\x78\x24\x78\x24\x78" +
	"\x24\x78\x24\x78\x1C\x78\x24\x78\x24\x78\x24\x98\x24\x98\x1C\x98\x1C\x98\x1C\x78\x24\x98\x24\x98\x1C\x98\x1C\x98\x1C\x98\x1C\x98" +
	"\x33\xD6\x33\xD6\x33\xD6\x33\xD7\x33\xD7\x33\xD7\x33\xD7\x33\xD7\x33\xD7\x33\xD7\x33\xD7\x33\xD7\x33\xD7\x33\xD7\x33\xD7\x33\xD7" +
	"\x33\xD7\x33\xD7\x33\xD7\x33\xD7\x33\xF7\x33\xF7\x3B\xF7\x3B\xF7\x3B\xF7\x3B\xF7\x3B\xF7\x3B\xF7\x3B\xF7\x3C\x17\x3C\x17\x3C\x17" +
	"\x34\x17\x34\x17\x34\x37\x34\x38\x34\x18\x34\x18\x34\x18\x34\x18\x34\x18\x34\x18\x34\x38\x34\x38\x34\x38\x34\x38\x34\x37\x34\x37" +
	"\x34\x38\x34\x37\x34\x37\x34\x38\x34\x37\x34\x38\x34\x38\x1C\xFA\x05\x9B\x05\x9B\x14\x99\x1B\x96\x0B\xB6\x44\x78\x3C\x38\x0B\x96" +
	"\x54\xB9\x64\xDA\x64\xD9\x64\xD9\x64\xD9\x64\xD9\x64\xD9\x64\xD9\x64\xD9\x64\xD9\x64\xD9\x64\xD9\x64\xD9\x64\xD9\x64\xD9\x64\xD9" +
	"\x64\xD9\x64\xD9\x64\xD9\x64\xD9\x64\xD9\x64\xDA\x64\xDA\x64\xDA\x64\xDA\x13\xD7\x0B\xD7\x5C\xD9\x64\xDA\x6C\xFA\x64\xFA\x64\xFA" +
	"\x6C\xDA\x6C\xFA\x64\xDA\x0B\xD7\x3C\x78\x6C\xFA\x6C\xFA\x64\xFA\x6C\xFA\x6C\xFA\x6C\xFA\x54\xB9\x03\xD6\x1C\x17\x6C\xFA\x6C\xFA" +
	"\x6C\xF9\x6C\xFA\x6C\xFA\x6C\xFA\x6C\xF9\x6C\xFA\x6C\xFA\x6C\xFA\x6C\xFA\x6C\xFA\x6C\xFA\x6C\xFA\x6C\xFA\x6C\xFA\x6C\xFA\x6C\xFA" +
	"\x6C\xFA\x6C\xF9\x6C\xFA\x6C\xFA\x6C\xF9\x6C\xFA\x6C\xFA\x6C\xFA\x6C\xFA\x6C\xFA\x6C\xF9\x6C\xFA\x4C\xD9\x03\xF7\x03\xF7\x04\x17" +
	"\x2C\x98\x24\x78\x24\x98\x24\x78\x24\x78\x24\x78\x24\x78\x24\x78\x24\x78\x24\x78\x24\x78\x24\x78\x24\x78\x24\x78\x24\x78\x24\x78" +
	"\x24\x78\x2C\x78\x2C\x78\x2C\x78\x2C\x78\x2C\x58\x2C\x58\x34\x38\x34\x38\x2C\x38\x2C\x38\x2C\x38\x2C\x38\x2C\x38\x2C\x38\x2C\x38" +
	"\x2C\x38\x2C\x38\x34\x38\x34\x38\x34\x38\x34\x38\x34\x38\x34\x38\x2C\x38\x2C\x38\x2C\x58\x2C\x38\x2C\x58\x2C\x58\x2C\x58\x2C\x58" +
	"\x2C\x58\x2C\x58\x2C\x58\x2C\x58\x2C\x58\x2C\x58\x2C\x58\x2C\x58\x2C\x58\x2C\x58\x2C\x58\x24\x58\x24\x58\x24\x58\x24\x58\x24\x78" +
	"\x24\x78\x2C\x78\x2C\x78\x24\x78\x24\x78\x24\x78\x24\x78\x24\x78\x24\x78\x24\x78\x24\x78\x24\x78\x24\x78\x24\x78\x24\x78\x24\x78" +
	"\x24\x78\x24\x78\x1C\x78\x1C\x78\x1C\x78\x1C\x98\x1C\x78\x1C\x98\x1C\x78\x1C\x78\x24\x98\x1C\x98\x1C\x98\x1C\x98\x1C\x98\x1C\x99" +
	"\x33\xD6\x33\xD6\x33\xD7\x33\xD6\x33\xD6\x33\xD7\x33\xD7\x33\xD7\x33\xD7\x33\xD7\x33\xD7\x33\xD7\x33\xD7\x33\xD7\x33\xD7\x33\xD7" +
	"\x33\xD7\x33\xD7\x33\xD7\x33\xD7\x33\xD7\x33\xD7\x33\xD7\x33\xF7\x33\xF7\x3B\xF7\x3B\xF7\x3B\xF7\x3B\xF7\x3B\xF7\x3C\x17\x3C\x17" +
	"\x3C\x17\x3C\x17\x34\x17\x34\x37\x34\x18\x34\x18\x34\x18\x34\x18\x34\x18\x34\x18\x34\x18\x34\x18\x34\x18\x34\x18\x34\x37\x34\x38" +
	"\x34\x38\x34\x37\x34\x37\x34\x37\x34\x37\x34\x37\x34\x37\x34\x18\x15\x3A\x05\x9B\x0D\x9B\x0C\xB9\x13\xB6\x13\xB6\x1B\xD7\x13\xB6" +
	"\x5C\xB9\x64\xDA\x64\xD9\x64\xD9\x64\xDA\x64\xDA\x64\xDA\x64\xD9\x64\xD9\x64\xD9\x64\xD9\x64\xD9\x64\xD9\x64\xD9\x64\xD9\x64\xD9" +
	"\x64\xD9\x64\xD9\x64\xD9\x64\xD9\x64\xD9\x64\xD9\x64\xDA\x64\xDA\x6C\xDA\x1B\xF7\x0B\xB6\x4C\x99\x6C\xDA\x6C\xDA\x6C\xDA\x64\xFA" +
	"\x64\xDA\x6C\xDA\x6C\xFA\x0B\xF7\x1C\x17\x6C\xF9\x64\xF9\x6C\xF9\x64\xF9\x6C\xFA\x6C\xFA\x6C\xFA\x3C\x78\x03\xB6\x34\x78\x6C\xFA" +
	"\x6C\xFA\x6C\xFA\x6C\xFA\x6C\xF9\x6C\xF9\x6C\xF9\x6C\xF9\x6C\xFA\x6C\xFA\x6C\xFA\x6C\xF9\x6C\xFA\x6C\xFA\x6C\xFA\x6C\xFA\x6C\xFA" +
	"\x6C\xFA\x6C\xFA\x6C\xF9\x6C\xFA\x6C\xF9\x6C\xFA\x6C\xFA\x6C\xFA\x6C\xFA\x6C\xFA\x6C\xFA\x6D\x1A\x4C\xD9\x03\xF7\x03\xF7\x24\x58" +
	"\x24\x78\x24\x98\x24\x78\x24\x78\x24\x78\x24\x78\x24\x78\x24\x78\x24\x78\x24\x78\x24\x78\x24\x78\x24\x78\x24\x78\x24\x78\x24\x78" +
	"\x24\x78\x2C\x78\x2C\x78\x2C\x78\x2C\x58\x34\x58\x34\x38\x34\x38\x34\x38\x34\x38\x2C\x38\x2C\x38\x2C\x38\x2C\x38\x2C\x38\x2C\x38" +
	"\x2C\x38\x2C\x38\x2C\x38\x2C\x38\x34\x38\x34\x38\x34\x38\x34\x38\x34\x38\x2C\x38\x2C\x58\x2C\x58\x2C\x38\x2C\x58\x2C\x58\x2C\x58" +
	"\x2C\x58\x2C\x58\x2C\x58\x2C\x58\x2C\x58\x2C\x58\x2C\x58\x2C\x58\x2C\x58\x2C\x58\x2C\x58\x2C\x58\x24\x58\x24\x58\x24\x58\x24\x58" +
	"\x24\x58\x24\x78\x24\x78\x2C\x78\x2C\x58\x24\x78\x24\x78\x24\x78\x24\x78\x24\x78\x24\x78\x24\x78\x24\x78\x24\x78\x24\x78\x24\x78" +
	"\x24\x78\x1C\x78\x1C\x78\x1C\x78\x1C\x78\x1C\x98\x1C\x78\x1C\x78\x24\x98\x24\x98\x24\x98\x1C\x98\x1C\x98\x1C\x98\x1C\x98\x1C\x98" +
	"\x33\xD6\x33\xD6\x33\xD6\x33\xD6\x33\xD6\x33\xD6\x33\xD6\x33\xD7\x33\xD7\x33\xD7\x33\xD7\x33\xD7\x33\xD7\x33\xD7\x33\xD7\x33\xD7" +
	"\x33\xD7\x33\xD7\x33\xD7\x33\xD7\x33\xD7\x33\xD7\x33\xD7\x33\xD7\x33\xD7\x33\xF7\x33\xF7\x33\xF7\x33\xF7\x33\xF7\x3B\xF7\x3C\x17" +
	"\x3C\x17\x3C\x17\x34\x17\x3C\x17\x34\x37\x34\x38\x34\x18\x34\x18\x34\x18\x34\x18\x34\x18\x34\x18\x34\x18\x34\x18\x34\x17\x34\x37" +
	"\x34\x38\x34\x38\x34\x37\x34\x37\x34\x37\x34\x37\x34\x37\x34\x37\x34\x58\x15\x5B\x05\x9B\x05\xBB\x14\x98\x1B\xB6\x1B\xB6\x13\xB6" +
	"\x23\xD7\x44\x78\x64\xDA\x64\xDA\x64\xD9\x64\xD9\x64\xD9\x64\xD9\x64\xD9\x64\xD9\x64\xD9\x64\xD9\x64\xD9\x64\xD9\x64\xD9\x64\xD9" +
	"\x64\xD9\x64\xD9\x64\xD9\x64\xD9\x64\xD9\x64\xD9\x64\xDA\x64\xD9\x6C\xDA\x24\x17\x0B\xD6\x5C\xD9\x64\xFA\x6C\xDA\x6C\xDA\x6C\xDA" +
	"\x64\xDA\x64\xDA\x6C\xFA\x2C\x37\x13\xF7\x64\xFA\x64\xF9\x6C\xFA\x6C\xFA\x6C\xF9\x6C\xF9\x6C\xFA\x54\xB9\x03\xD6\x13\xF7\x6C\xFA" +
	"\x6C\xFA\x6C\xFA\x6C\xFA\x6C\xFA\x6C\xF9\x6C\xFA\x6C\xF9\x6C\xF9\x6C\xFA\x6C\xFA\x6C\xFA\x6C\xF9\x6C\xFA\x6C\xFA\x6C\xFA\x6C\xFA" +
	"\x6C\xFA\x6C\xFA\x6C\xFA\x6C\xFA\x6C\xFA\x6C\xFA\x6C\xFA\x6C\xFA\x6C\xFA\x6C\xFA\x75\x1A\x6D\x1A\x44\xB9\x03\xF7\x0C\x17\x24\x78" +
	"\x24\x78\x24\x98\x24\x98\x24\x78\x24\x78\x24\x78\x24\x78\x24\x78\x24\x78\x24\x78\x24\x78\x24\x78\x24\x78\x24\x78\x24\x78\x24\x78" +
	"\x2C\x78\x2C\x58\x2C\x58\x2C\x58\x34\x38\x34\x38\x34\x38\x34\x38\x34\x38\x34\x38\x34\x38\x34\x38\x2C\x38\x2C\x38\x2C\x38\x2C\x38" +
	"\x2C\x38\x2C\x38\x2C\x38\x2C\x38\x2C\x38\x34\x38\x34\x38\x34\x38\x34\x38\x34\x38\x34\x38\x34\x38\x2C\x58\x2C\x58\x2C\x38\x2C\x58" +
	"\x2C\x58\x2C\x58\x2C\x58\x2C\x58\x2C\x58\x2C\x58\x2C\x58\x2C\x58\x2C\x58\x2C\x58\x2C\x58\x2C\x58\x2C\x58\x2C\x58\x24\x58\x24\x58" +
	"\x24\x58\x24\x58\x24\x78\x24\x78\x24\x78\x2C\x78\x2C\x58\x24\x78\x24\x78\x24\x78\x24\x78\x24\x78\x24\x78\x1C\x98\x1C\x98\x1C\x78" +
	"\x1C\x78\x1C\x78\x24\x78\x1C\x78\x24\x78\x24\x78\x24\x98\x24\x98\x24\x98\x24\x98\x24\x98\x24\x98\x1C\x98\x1C\x99\x1C\x99\x1C\x98" +
	"\x33\xD6\x33\xD6\x33\xD6\x33\xD6\x33\xD6\x33\xD6\x33\xD6\x33\xD7\x33\xD7\x33\xD7\x33\xD7\x33\xD7\x33\xD7\x33\xD7\x33\xD7\x33\xD7" +
	"\x33\xD7\x33\xD7\x33\xD7\x33\xD7\x33\xD7\x33\xD7\x33\xD7\x33\xD7\x33\xD7\x33\xD7\x33\xD7\x33\xD7\x33\xD7\x33\xF7\x33\xF7\x33\xF7" +
	"\x3C\x17\x3C\x17\x3C\x17\x3C\x17\x3C\x17\x3C\x17\x3C\x17\x34\x18\x34\x18\x34\x18\x34\x18\x34\x18\x34\x18\x34\x18\x34\x18\x34\x18" +
	"\x34\x38\x34\x37\x34\x38\x34\x37\x34\x37\x34\x37\x34\x37\x34\x38\x34\x38\x34\x78\x0D\x7B\x0D\x9B\x05\x9B\x0D\x3A\x0C\x78\x1B\x96" +
	"\x13\xB6\x13\x96\x44\x78\x6C\xDA\x64\xDA\x64\xDA\x64\xDA\x64\xDA\x64\xD9\x64\xD9\x64\xD9\x64\xD9\x64\xD9\x64\xD9\x64\xD9\x64\xD9" +
	"\x64\xD9\x64\xD9\x64\xD9\x64\xD9\x64\xD9\x64\xD9\x64\xD9\x64\xDA\x64\xD9\x13\xD7\x13\xD7\x64\xDA\x64\xDA\x64\xFA\x6C\xDA\x6C\xDA" +
	"\x6C\xDA\x6C\xFA\x6C\xFA\x3C\x78\x03\xB6\x54\xB9\x6C\xDA\x64\xF9\x64\xFA\x6C\xFA\x64\xF9\x64\xF9\x6C\xFA\x2C\x58\x03\xB6\x44\xB9" +
	"\x6C\xFA\x6C\xFA\x6C\xFA\x6C\xFA\x6C\xFA\x6C\xF9\x6C\xFA\x6C\xFA\x6C\xFA\x6C\xF9\x6C\xFA\x6C\xFA\x6C\xFA\x6C\xFA\x6C\xFA\x6C\xFA" +
	"\x6C\xFA\x6C\xFA\x6C\xFA\x6C\xFA\x6C\xFA\x6C\xF9\x6C\xFA\x6C\xFA\x6C\xF9\x54\xD9\x34\x78\x14\x37\x03\xF7\x03\xF7\x14\x38\x24\x78" +
	"\x24\x78\x24\x78\x24\x78\x24\x78\x24\x78\x24\x78\x24\x78\x24\x78\x24\x78\x24\x78\x24\x78\x24\x78\x24\x78\x24\x78\x24\x78\x24\x78" +
	"\x2C\x78\x2C\x58\x34\x58\x34\x38\x34\x38\x34\x38\x2C\x38\x34\x38\x34\x38\x34\x38\x34\x38\x34\x38\x34\x38\x34\x38\x2C\x58\x2C\x38" +
	"\x2C\x38\x2C\x38\x2C\x38\x2C\x38\x2C\x38\x2C\x38\x2C\x38\x34\x38\x34\x38\x34\x38\x34\x38\x34\x38\x34\x38\x2C\x38\x2C\x58\x2C\x58" +
	"\x2C\x38\x2C\x58\x2C\x58\x2C\x58\x2C\x58\x2C\x58\x2C\x58\x2C\x58\x2C\x58\x2C\x58\x2C\x58\x2C\x58\x2C\x58\x2C\x58\x2C\x58\x2C\x58" +
	"\x24\x58\x24\x58\x24\x58\x24\x78\x24\x78\x24\x78\x24\x78\x24\x78\x24\x78\x24\x78\x24\x78\x24\x78\x24\x78\x24\x78\x24\x78\x1C\x78" +
	"\x1C\x78\x24\x78\x24\x78\x24\x78\x1C\x78\x24\x78\x24\x78\x24\x78\x24\x98\x24\x99\x24\x99\x24\x98\x24\x98\x24\x98\x1C\x98\x1C\x98" +
	"\x33\xD6\x33\xD6\x33\xD6\x33\xD6\x33\xD6\x33\xD6\x33\xD6\x33\xD7\x33\xD6\x33\xD7\x33\xD7\x33\xD7\x33\xD7\x33\xD7\x33\xD7\x33\xD7" +
	"\x33\xD7\x33\xD7\x33\xD7\x33\xD7\x33\xD7\x33\xD7\x33\xD7\x33\xD7\x33\xD7\x33\xD7\x33\xD7\x33\xD7\x33\xD7\x33\xD7\x33\xD7\x33\xD7" +
	"\x33\xF7\x3B\xF7\x3C\x17\x3C\x17\x3C\x17\x3C\x17\x3C\x17\x3C\x17\x3C\x18\x34\x38\x34\x18\x34\x18\x34\x18\x34\x38\x34\x18\x34\x18" +
	"\x34\x18\x34\x18\x34\x38\x34\x38\x34\x37\x34\x37\x34\x37\x34\x38\x34\x38\x34\x38\x2C\xB9\x15\x5B\x0D\x9B\x0D\x9B\x0D\x7B\x13\xD6" +
	"\x1B\xB6\x1B\xD7\x2C\x17\x2C\x17\x34\x58\x34\x38\x54\x99\x64\xD9\x64\xDA\x64\xDA\x64\xDA\x64\xD9\x64\xD9\x64\xD9\x64\xD9\x64\xD9" +
	"\x64\xD9\x64\xD9\x64\xD9\x64\xD9\x64\xD9\x64\xD9\x64\xD9\x64\xDA\x5C\xD9\x0B\xD6\x13\xF7\x64\xDA\x64\xDA\x64\xDA\x64\xDA\x64\xDA" +
	"\x6C\xDA\x6C\xDA\x6C\xDA\x64\xFA\x0B\xD7\x34\x78\x6C\xFA\x6C\xDA\x64\xF9\x64\xF9\x6C\xF9\x6C\xF9\x6C\xF9\x6C\xF9\x54\xD9\x64\xF9" +
	"\x6C\xFA\x6C\xF9\x6C\xFA\x6C\xFA\x6C\xFA\x6C\xFA\x6C\xFA\x6C\xFA\x6C\xFA\x6C\xFA\x6C\xFA\x6C\xFA\x6C\xFA\x6C\xFA\x6C\xFA\x6C\xFA" +
	"\x6C\xFA\x6C\xFA\x6C\xFA\x6C\xFA\x6C\xFA\x6C\xFA\x54\xB9\x2C\x78\x0C\x17\x03\xF7\x03\xF7\x03\xF7\x03\xF7\x04\x17\x1C\x58\x2C\x78" +
	"\x2C\x78\x2C\x78\x24\x78\x24\x78\x24\x78\x24\x78\x24\x78\x24\x78\x24\x78\x24\x78\x24\x78\x24\x78\x24\x78\x24\x78\x24\x78\x24\x78" +
	"\x2C\x58\x34\x38\x34\x38\x34\x38\x34\x38\x34\x38\x34\x38\x34\x38\x2C\x38\x34\x38\x34\x38\x34\x38\x34\x38\x34\x38\x34\x38\x2C\x38" +
	"\x2C\x38\x2C\x38\x2C\x38\x2C\x38\x2C\x38\x2C\x38\x2C\x38\x2C\x38\x2C\x38\x34\x38\x34\x38\x34\x38\x34\x38\x34\x38\x34\x38\x2C\x38" +
	"\x2C\x38\x2C\x38\x2C\x58\x34\x58\x2C\x58\x2C\x58\x2C\x58\x2C\x58\x2C\x58\x2C\x58\x2C\x58\x2C\x58\x2C\x58\x2C\x58\x2C\x58\x2C\x58" +
	"\x24\x58\x24\x58\x24\x78\x24\x58\x24\x78\x24\x78\x24\x78\x24\x78\x24\x78\x24\x78\x24\x78\x24\x78\x24\x78\x24\x78\x24\x78\x24\x78" +
	"\x24\x78\x24\x98\x1C\x78\x1C\x78\x24\x78\x24\x78\x1C\x78\x24\x78\x24\x78\x24\x78\x24\x99\x24\x98\x24\x98\x24\x98\x24\x98\x24\x99" +
	"\x33\xD6\x33\xD6\x33\xD6\x33\xD6\x33\xD6\x33\xD6\x33\xD6\x33\xD6\x33\xD6\x33\xD6\x33\xD6\x33\xD7\x33\xD7\x33\xD7\x33\xD7\x33\xD7" +
	"\x33\xD7\x33\xD7\x33\xD7\x33\xD7\x33\xD7\x33\xD7\x33\xD7\x33\xD7\x33\xD7\x33\xD7\x33\xD7\x33\xD7\x33\xD7\x33\xD7\x33\xD7\x33\xD7" +
	"\x33\xD7\x3B\xF7\x3C\x17\x3C\x17\x3C\x17\x3C\x17\x3C\x17\x3C\x17\x3C\x17\x34\x37\x34\x37\x34\x38\x34\x18\x34\x18\x34\x18\x34\x18" +
	"\x34\x18\x34\x18\x34\x18\x34\x18\x34\x38\x34\x38\x34\x38\x34\x37\x34\x37\x34\x38\x34\x37\x34\x38\x25\x1A\x05\x9B\x0D\x9B\x0C\xB9" +
	"\x1B\x96\x13\x96\x13\x96\x13\x96\x13\x96\x13\x96\x13\xB6\x13\xB6\x2C\x18\x64\xD9\x64\xD9\x64\xD9\x64\xD9\x64\xD9\x64\xD9\x64\xD9" +
	"\x64\xD9\x64\xD9\x64\xD9\x64\xD9\x64\xD9\x64\xD9\x64\xD9\x64\xDA\x4C\x99\x0B\xB6\x1C\x17\x6C\xFA\x64\xDA\x64\xDA\x64\xDA\x64\xDA" +
	"\x64\xDA\x6C\xDA\x6C\xDA\x6C\xFA\x13\xF7\x1C\x17\x6C\xFA\x6C\xDA\x6C\xDA\x64\xFA\x64\xFA\x6C\xFA\x64\xF9\x6C\xF9\x6C\xFA\x6C\xFA" +
	"\x6C\xFA\x6C\xFA\x6C\xFA\x6C\xF9\x6C\xFA\x6C\xFA\x6C\xFA\x6C\xFA\x6C\xFA\x6C\xFA\x6C\xFA\x6C\xFA\x6C\xF9\x6C\xFA\x6C\xFA\x6C\xF9" +
	"\x6C\xFA\x6C\xFA\x6C\xFA\x6C\xFA\x44\xB9\x0B\xF7\x03\xF7\x03\xF7\x03\xF7\x0C\x17\x14\x38\x24\x58\x2C\x78\x2C\x78\x2C\x78\x24\x78" +
	"\x24\x78\x2C\x78\x2C\x78\x24\x78\x24\x98\x24\x78\x24\x98\x24\x78\x24\x78\x24\x78\x24\x78\x24\x78\x24\x78\x24\x78\x24\x78\x2C\x78" +
	"\x34\x38\x34\x38\x34\x38\x34\x38\x34\x38\x34\x38\x34\x38\x34\x38\x34\x38\x34\x38\x34\x38\x34\x38\x34\x38\x34\x38\x34\x38\x34\x38" +
	"\x34\x38\x2C\x58\x2C\x38\x2C\x38\x2C\x38\x2C\x38\x2C\x38\x2C\x38\x2C\x38\x2C\x38\x2C\x38\x34\x38\x34\x38\x34\x38\x34\x38\x34\x38" +
	"\x34\x38\x2C\x38\x2C\x58\x2C\x58\x2C\x58\x2C\x58\x2C\x58\x2C\x58\x2C\x58\x2C\x58\x2C\x58\x2C\x58\x2C\x58\x2C\x58\x2C\x58\x24\x58" +
	"\x24\x58\x24\x58\x24\x58\x24\x58\x24\x78\x24\x78\x24\x78\x24\x78\x24\x78\x24\x78\x24\x78\x24\x78\x2C\x78\x24\x78\x24\x78\x24\x78" +
	"\x24\x78\x24\x78\x24\x78\x1C\x78\x1C\x78\x24\x78\x24\x78\x24\x78\x24\x78\x24\x78\x24\x78\x24\x78\x24\x98\x24\x98\x24\x98\x24\x98" +
	"\x33\xD6\x33\xD6\x33\xD6\x33\xD6\x33\xD6\x33\xD6\x33\xD6\x33\xD6\x33\xD6\x33\xD6\x33\xD6\x33\xD6\x33\xD6\x33\xD7\x33\xD7\x33\xD7" +
	"\x33\xD7\x33\xD7\x33\xD7\x33\xD7\x33\xD7\x33\xD7\x33\xD7\x33\xD7\x33\xD7\x33\xD7\x33\xD7\x33\xD7\x33\xD7\x33\xD7\x33\xD7\x33\xD7" +
	"\x33\xD7\x33\xF7\x3B\xF7\x3B\xF7\x3C\x17\x3C\x17\x3C\x17\x3C\x17\x3C\x17\x3C\x17\x3C\x17\x34\x17\x34\x37\x34\x18\x34\x18\x34\x18" +
	"\x34\x18\x34\x18\x34\x18\x34\x38\x34\x38\x34\x38\x34\x38\x34\x37\x34\x37\x34\x37\x34\x38\x34\x38\x34\x38\x24\xDA\x15\x7B\x0D\x9B" +
	"\x0C\xD9\x0C\x78\x14\x58\x0C\xB9\x1C\xFA\x24\x98\x23\xD7\x1B\xB6\x13\x96\x1B\xD7\x5C\xB9\x64\xDA\x64\xDA\x64\xD9\x64\xD9\x64\xD9" +
	"\x64\xD9\x64\xD9\x64\xD9\x64\xD9\x64\xD9\x64\xD9\x64\xD9\x64\xDA\x54\x99\x0B\xB6\x13\xF7\x6C\xDA\x64\xD9\x64\xDA\x64\xDA\x64\xDA" +
	"\x64\xDA\x64\xDA\x6C\xDA\x6C\xFA\x1B\xF7\x1C\x17\x6C\xFA\x6C\xDA\x6C\xDA\x6C\xDA\x6C\xDA\x64\xFA\x64\xFA\x6C\xF9\x64\xF9\x64\xF9" +
	"\x6C\xF9\x6C\xFA\x6C\xFA\x6C\xFA\x6C\xFA\x6C\xFA\x6C\xFA\x6C\xFA\x6C\xFA\x6C\xF9\x6C\xFA\x6C\xF9\x6C\xFA\x6C\xF9\x6C\xFA\x6C\xFA" +
	"\x6C\xFA\x6C\xFA\x4C\xB9\x14\x37\x03\xD7\x03\xF7\x0C\x17\x14\x37\x2C\x58\x2C\x78\x2C\x78\x2C\x78\x2C\x78\x2C\x78\x2C\x78\x2C\x78" +
	"\x24\x78\x24\x78\x2C\x78\x2C\x78\x24\x78\x24\x78\x24\x78\x24\x78\x24\x78\x24\x78\x24\x78\x24\x78\x24\x78\x24\x78\x24\x78\x2C\x58" +
	"\x34\x38\x34\x38\x34\x38\x34\x38\x34\x38\x34\x38\x34\x38\x34\x38\x34\x38\x34\x38\x34\x38\x34\x38\x34\x38\x34\x38\x34\x38\x34\x38" +
	"\x34\x38\x34\x38\x34\x38\x2C\x38\x2C\x38\x2C\x38\x2C\x38\x2C\x38\x2C\x38\x2C\x38\x2C\x38\x2C\x38\x2C\x38\x34\x38\x34\x38\x34\x38" +
	"\x34\x38\x34\x38\x2C\x38\x2C\x38\x2C\x58\x2C\x38\x2C\x58\x2C\x58\x2C\x58\x2C\x58\x2C\x58\x2C\x58\x2C\x58\x2C\x58\x2C\x58\x2C\x58" +
	"\x2C\x58\x24\x58\x24\x58\x24\x58\x24\x58\x24\x78\x24\x78\x24\x78\x24\x78\x24\x78\x24\x78\x24\x78\x24\x78\x24\x78\x2C\x78\x24\x78" +
	"\x24\x78\x24\x78\x24\x78\x24\x78\x24\x78\x1C\x78\x1C\x78\x24\x78\x24\x78\x24\x78\x24\x78\x24\x78\x24\x78\x24\x78\x24\x98\x24\x98" +
	"\x33\xD6\x33\xD6\x33\xD6\x33\xD6\x33\xD6\x33\xD6\x33\xD6\x33\xD6\x33\xD6\x33\xD6\x33\xD6\x33\xD7\x33\xD6\x33\xD6\x33\xD6\x33\xD7" +
	"\x33\xD7\x33\xD7\x33\xD7\x33\xD7\x33\xD7\x33\xD7\x33\xD7\x33\xD7\x33\xD7\x33\xD7\x33\xD7\x33\xD7\x33\xD7\x33\xD7\x33\xD7\x33\xD7" +
	"\x33\xD7\x33\xD7\x33\xF7\x3B\xF7\x3C\x17\x3C\x17\x3C\x17\x3C\x17\x3C\x17\x3C\x17\x3C\x17\x3C\x17\x34\x37\x34\x37\x34\x37\x34\x38" +
	"\x34\x18\x34\x18\x34\x18\x34\x18\x34\x38\x34\x18\x34\x38\x34\x38\x34\x38\x34\x38\x34\x38\x34\x38\x34\x38\x34\x18\x34\x58\x2C\xB9" +
	"\x0D\x7B\x05\x9B\x05\x9B\x05\x9B\x05\x9B\x05\x9B\x24\xD9\x24\x99\x23\xF7\x13\x96\x1B\xB6\x34\x58\x64\xD9\x64\xDA\x64\xDA\x64\xDA" +
	"\x64\xD9\x64\xDA\x64\xDA\x64\xD9\x64\xD9\x64\xD9\x64\xD9\x64\xD9\x5C\xB9\x0B\xD6\x13\xF7\x6C\xFA\x64\xD9\x64\xD9\x64\xDA\x64\xDA" +
	"\x64\xDA\x64\xDA\x64\xDA\x64\xFA\x64\xD9\x64\xD9\x6C\xDA\x64\xDA\x64\xDA\x6C\xFA\x6C\xDA\x6C\xDA\x64\xF9\x64\xF9\x64\xFA\x6C\xF9" +
	"\x6C\xFA\x6C\xFA\x6C\xFA\x6C\xFA\x6C\xFA\x6C\xF9\x6C\xF9\x6C\xFA\x6C\xFA\x6C\xFA\x6C\xFA\x6C\xFA\x6C\xFA\x6C\xFA\x6C\xFA\x54\xD9" +
	"\x34\x78\x14\x37\x03\xD6\x03\xD7\x0C\x17\x14\x17\x2C\x58\x2C\x58\x2C\x78\x2C\x58\x2C\x78\x2C\x58\x2C\x58\x2C\x78\x2C\x78\x24\x78" +
	"\x24\x78\x2C\x78\x2C\x78\x24\x78\x2C\x78\x2C\x78\x24\x78\x24\x78\x24\x78\x24\x78\x24\x78\x24\x78\x24\x78\x24\x78\x24\x78\x2C\x58" +
	"\x34\x38\x34\x38\x34\x38\x34\x18\x34\x38\x34\x38\x34\x38\x34\x38\x34\x38\x34\x38\x34\x38\x34\x38\x34\x38\x34\x38\x34\x38\x34\x38" +
	"\x34\x38\x2C\x38\x34\x38\x34\x38\x34\x38\x2C\x38\x2C\x38\x2C\x38\x2C\x38\x2C\x38\x2C\x38\x2C\x38\x2C\x38\x2C\x38\x2C\x38\x34\x38" +
	"\x34\x38\x34\x38\x34\x38\x34\x38\x2C\x38\x2C\x58\x2C\x58\x2C\x58\x2C\x58\x2C\x58\x2C\x58\x2C\x58\x2C\x58\x2C\x58\x2C\x58\x2C\x58" +
	"\x2C\x58\x2C\x58\x24\x58\x24\x58\x24\x58\x24\x58\x24\x58\x24\x78\x24\x78\x24\x78\x24\x78\x24\x78\x24\x78\x24\x78\x24\x78\x24\x78" +
	"\x24\x78\x24\x78\x24\x78\x24\x78\x24\x78\x24\x78\x24\x78\x1C\x78\x1C\x78\x1C\x78\x24\x78\x1C\x78\x24\x78\x24\x78\x24\x78\x24\x78" +
	"\x33\xD6\x33\xD6\x33\xD6\x33\xD6\x33\xD6\x33\xD6\x33\xD6\x33\xD6\x33\xD6\x33\xD6\x33\xD6\x33\xD6\x33\xD6\x33\xD6\x33\xD6\x33\xD6" +
	"\x33\xD7\x33\xD7\x33\xD7\x33\xD7\x33\xD7\x33\xD7\x33\xD7\x33\xD7\x33\xD7\x33\xD7\x33\xD7\x33\xD7\x33\xD7\x33\xD7\x33\xD7\x33\xD7" +
	"\x33\xD7\x33\xD7\x33\xD7\x33\xF7\x3B\xF7\x3C\x17\x3C\x17\x3C\x17\x3C\x17\x3C\x17\x3C\x17\x3C\x17\x3C\x17\x3C\x17\x3C\x17\x34\x37" +
	"\x34\x38\x34\x18\x34\x18\x34\x18\x34\x18\x34\x18\x34\x38\x34\x38\x34\x38\x34\x17\x34\x38\x34\x18\x34\x38\x34\x38\x34\x38\x34\x38" +
	"\x34\x78\x25\x1A\x0D\x7B\x05\x9B\x05\x9B\x05\x9B\x05\x9B\x05\x9B\x15\x7B\x14\x37\x13\xB6\x13\xB6\x13\xB6\x23\xF7\x44\x78\x5C\xB9" +
	"\x64\xDA\x64\xD9\x64\xD9\x64\xD9\x64\xD9\x64\xD9\x64\xD9\x64\xDA\x64\xDA\x13\xD7\x13\xD7\x64\xDA\x64\xD9\x64\xD9\x64\xD9\x64\xD9" +
	"\x64\xDA\x64\xDA\x64\xDA\x64\xDA\x64\xDA\x6C\xDA\x6C\xDA\x6C\xDA\x6C\xFA\x64\xDA\x6C\xDA\x6C\xDA\x6C\xDA\x64\xDA\x64\xF9\x64\xF9" +
	"\x6C\xFA\x64\xFA\x6C\xFA\x6C\xFA\x6C\xFA\x6C\xFA\x6C\xF9\x6C\xFA\x6C\xFA\x64\xF9\x6C\xFA\x54\xD9\x44\x98\x44\x99\x1C\x17\x03\xD7" +
	"\x03\xD6\x03\xD7\x0B\xF7\x1C\x38\x2C\x78\x2C\x78\x2C\x58\x2C\x78\x2C\x78\x2C\x58\x2C\x58\x2C\x78\x2C\x58\x2C\x78\x2C\x78\x2C\x78" +
	"\x24\x78\x2C\x78\x2C\x78\x2C\x78\x2C\x78\x2C\x78\x2C\x78\x2C\x78\x2C\x78\x2C\x78\x2C\x78\x24\x78\x24\x78\x24\x78\x2C\x78\x2C\x58" +
	"\x34\x38\x34\x38\x34\x38\x34\x38\x34\x38\x34\x38\x34\x38\x34\x38\x34\x38\x34\x38\x34\x38\x34\x38\x34\x38\x34\x38\x34\x38\x34\x38" +
	"\x34\x38\x34\x38\x2C\x38\x34\x38\x34\x38\x34\x38\x34\x38\x2C\x38\x2C\x38\x2C\x38\x2C\x38\x2C\x38\x2C\x38\x2C\x38\x2C\x38\x2C\x38" +
	"\x34\x38\x34\x38\x34\x38\x34\x38\x34\x38\x2C\x58\x2C\x58\x2C\x58\x2C\x58\x2C\x58\x2C\x58\x2C\x58\x2C\x58\x2C\x58\x2C\x58\x2C\x58" +
	"\x2C\x58\x2C\x58\x2C\x58\x2C\x58\x2C\x58\x24\x58\x24\x58\x24\x58\x24\x58\x24\x78\x24\x78\x24\x78\x24\x78\x24\x78\x24\x78\x24\x78" +
	"\x24\x78\x24\x78\x2C\x78\x24\x78\x24\x78\x24\x78\x24\x78\x24\x78\x24\x78\x24\x78\x1C\x78\x24\x78\x24\x78\x24\x78\x24\x78\x24\x78" +
	"\x33\xD6\x33\xD6\x33\xD6\x33\xD6\x33\xD6\x33\xD6\x33\xD6\x33\xD6\x33\xD6\x33\xD6\x33\xD6\x33\xD6\x33\xD6\x33\xD6\x33\xD6\x33\xD6" +
	"\x33\xD6\x33\xD6\x33\xD7\x33\xD7\x33\xD7\x33\xD7\x33\xD7\x33\xD7\x33\xD7\x33\xD7\x33\xD7\x33\xD7\x33\xD7\x33\xD7\x33\xD7\x33\xD7" +
	"\x33\xD7\x33\xD7\x33\xD7\x33\xD7\x33\xF7\x3B\xF7\x3B\xF7\x3C\x17\x3C\x17\x3C\x17\x3C\x17\x3C\x17\x3C\x17\x3C\x17\x3C\x17\x3C\x17" +
	"\x34\x18\x34\x18\x34\x18\x34\x18\x34\x18\x34\x18\x34\x18\x34\x38\x34\x58\x1D\x1A\x1D\x3A\x1D\x1A\x2C\x78\x34\x37\x34\x38\x34\x38" +
	"\x34\x37\x34\x37\x34\x78\x2C\xB9\x15\x5B\x05\x9B\x05\x9B\x05\x9B\x05\x9B\x05\x9B\x0C\xD9\x13\xF7\x1B\xB6\x13\x96\x13\x96\x1B\xD7" +
	"\x54\xB9\x64\xDA\x64\xDA\x64\xDA\x64\xD9\x64\xD9\x64\xD9\x64\xDA\x64\xDA\x13\xD7\x13\xD7\x64\xDA\x64\xD9\x64\xD9\x64\xD9\x64\xD9" +
	"\x64\xD9\x64\xD9\x64\xDA\x64\xDA\x64\xDA\x64\xDA\x6C\xDA\x6C\xDA\x6C\xDA\x6C\xDA\x64\xDA\x64\xFA\x6C\xFA\x6C\xDA\x6C\xDA\x64\xFA" +
	"\x64\xFA\x64\xFA\x64\xFA\x6C\xF9\x6C\xFA\x6C\xFA\x5C\xD9\x3C\x98\x14\x17\x0B\xD7\x0B\xD7\x03\xD6\x03\xD6\x03\xB6\x03\xD6\x04\x17" +
	"\x04\xB9\x1C\x78\x34\x58\x34\x58\x34\x58\x2C\x58\x2C\x58\x2C\x58\x2C\x78\x2C\x78\x2C\x58\x2C\x78\x2C\x78\x2C\x78\x2C\x78\x2C\x58" +
	"\x2C\x78\x24\x78\x2C\x78\x2C\x78\x2C\x78\x2C\x78\x2C\x78\x2C\x78\x2C\x78\x2C\x78\x2C\x78\x2C\x78\x24\x78\x24\x78\x2C\x58\x34\x38" +
	"\x34\x18\x34\x38\x34\x38\x34\x38\x34\x38\x34\x18\x34\x18\x34\x38\x34\x38\x34\x38\x34\x38\x34\x38\x34\x38\x34\x38\x34\x38\x34\x38" +
	"\x34\x38\x34\x38\x34\x38\x34\x38\x34\x38\x34\x38\x34\x38\x34\x38\x2C\x38\x2C\x38\x2C\x38\x2C\x38\x2C\x38\x2C\x38\x2C\x38\x2C\x38" +
	"\x2C\x38\x2C\x38\x34\x38\x34\x38\x2C\x58\x2C\x58\x2C\x38\x2C\x58\x2C\x58\x2C\x58\x2C\x58\x2C\x58\x2C\x58\x2C\x58\x2C\x58\x2C\x58" +
	"\x2C\x58\x2C\x58\x2C\x58\x2C\x58\x2C\x58\x2C\x58\x24\x58\x24\x58\x24\x58\x24\x58\x24\x58\x24\x78\x24\x78\x24\x78\x24\x78\x24\x78" +
	"\x24\x78\x24\x78\x24\x78\x24\x78\x24\x78\x24\x78\x24\x78\x24\x78\x24\x78\x24\x78\x24\x78\x1C\x78\x1C\x78\x24\x78\x24\x78\x24\x78" +
	"\x33\xD6\x33\xD6\x33\xD6\x33\xD6\x33\xD6\x33\xD6\x33\xD6\x33\xD6\x33\xD6\x33\xD6\x33\xD6\x33\xD6\x33\xD6\x33\xD6\x33\xD6\x33\xD6" +
	"\x33\xD6\x33\xD6\x33\xD6\x33\xD7\x33\xD7\x33\xD7\x33\xD7\x33\xD7\x33\xD7\x33\xD7\x33\xD7\x33\xD7\x33\xD7\x33\xD7\x33\xD7\x33\xD7" +
	"\x33\xD7\x33\xD7\x33\xD7\x33\xD7\x33\xD7\x33\xF7\x3B\xF7\x3B\xF7\x3C\x17\x3C\x17\x3C\x17\x3C\x17\x3C\x17\x3C\x17\x3C\x17\x3C\x17" +
	"\x3C\x17\x34\x18\x34\x18\x34\x18\x34\x38\x34\x18\x34\x38\x34\x18\x34\x98\x15\x5A\x1D\x1A\x0D\x9B\x0D\x7B\x24\xD9\x34\x38\x34\x38" +
	"\x34\x38\x34\x38\x34\x38\x34\x38\x34\x78\x0D\x7B\x0D\x9B\x05\x9B\x05\x9B\x05\x9B\x05\x9B\x05\x9B\x0D\x5B\x0C\xD9\x13\xF7\x13\x96" +
	"\x13\xB6\x44\x78\x64\xDA\x64\xD9\x64\xDA\x64\xDA\x64\xDA\x64\xDA\x64\xD9\x13\xD7\x1B\xF7\x64\xDA\x64\xD9\x64\xD9\x64\xD9\x64\xD9" +
	"\x64\xD9\x64\xD9\x64\xD9\x64\xDA\x64\xDA\x64\xDA\x64\xDA\x64\xDA\x6C\xDA\x6C\xDA\x6C\xDA\x6C\xDA\x64\xDA\x6C\xDA\x6C\xDA\x6C\xDA" +
	"\x64\xFA\x64\xF9\x64\xFA\x64\xFA\x4C\xB9\x24\x37\x03\xD7\x03\xB6\x03\xF7\x03\xF7\x04\x38\x04\x78\x0C\xB9\x14\x78\x05\x7B\x05\x9B" +
	"\x05\xBB\x24\x99\x34\x58\x2C\x58\x2C\x58\x2C\x58\x2C\x58\x2C\x58\x2C\x78\x2C\x58\x2C\x58\x2C\x58\x2C\x78\x2C\x58\x2C\x58\x2C\x58" +
	"\x2C\x78\x2C\x78\x2C\x78\x24\x78\x2C\x78\x2C\x78\x2C\x78\x2C\x78\x2C\x78\x2C\x78\x2C\x78\x2C\x78\x2C\x78\x2C\x78\x2C\x58\x34\x38" +
	"\x34\x17\x34\x38\x34\x38\x34\x38\x34\x38\x34\x38\x34\x18\x34\x18\x34\x38\x34\x38\x34\x38\x34\x38\x34\x38\x34\x38\x34\x38\x34\x38" +
	"\x34\x38\x34\x38\x34\x38\x34\x38\x34\x38\x34\x38\x34\x38\x34\x38\x34\x38\x34\x38\x2C\x38\x2C\x38\x2C\x38\x2C\x38\x2C\x38\x2C\x38" +
	"\x2C\x38\x2C\x38\x2C\x38\x2C\x38\x34\x38\x2C\x38\x2C\x58\x2C\x58\x2C\x58\x2C\x58\x2C\x58\x2C\x58\x2C\x58\x2C\x58\x2C\x58\x2C\x58" +
	"\x2C\x58\x2C\x58\x2C\x58\x2C\x58\x2C\x58\x2C\x58\x2C\x58\x2C\x58\x24\x58\x24\x58\x24\x58\x24\x58\x24\x58\x24\x78\x24\x78\x24\x78" +
	"\x24\x78\x24\x78\x24\x78\x24\x78\x24\x78\x24\x78\x2C\x78\x24\x78\x24\x78\x24\x78\x24\x78\x24\x78\x24\x78\x24\x78\x24\x78\x24\x78" +
	"\x33\xD6\x33\xD6\x33\xD6\x33\xD6\x33\xD6\x33\xD6\x33\xD6\x33\xD6\x33\xD6\x33\xD6\x33\xD6\x33\xD6\x33\xD6\x33\xD6\x33\xD6\x33\xD6" +
	"\x33\xD6\x33\xD6\x33\xD6\x33\xD6\x33\xD7\x33\xD7\x33\xD7\x33\xD7\x33\xD7\x33\xD7\x33\xD7\x33\xD7\x33\xD7\x33\xD7\x33\xD7\x33\xD7" +
	"\x33\xD7\x33\xD7\x33\xD7\x33\xD7\x33\xD7\x33\xD7\x33\xD7\x3B\xF7\x3B\xF7\x3C\x17\x3C\x17\x3C\x17\x3C\x17\x3C\x17\x3C\x17\x3C\x17" +
	"\x3C\x17\x3C\x17\x34\x17\x34\x38\x34\x18\x34\x38\x34\x18\x34\x17\x34\x17\x3C\x18\x34\x18\x34\x79\x1D\x1A\x0D\x9B\x24\xD9\x34\x38" +
	"\x34\x37\x34\x38\x34\x38\x34\x38\x34\x38\x2C\xB9\x15\x3A\x0D\x7B\x0D\x9B\x05\x9B\x05\x9B\x05\x9B\x05\x9B\x05\x9B\x05\x7B\x14\x99" +
	"\x13\x96\x13\xB6\x44\x78\x64\xDA\x64\xDA\x64\xD9\x64\xD9\x64\xDA\x5C\xD9\x13\xD6\x13\xD6\x5C\xD9\x64\xDA\x64\xD9\x64\xD9\x64\xD9" +
	"\x64\xD9\x64\xD9\x64\xD9\x64\xD9\x64\xDA\x64\xDA\x64\xDA\x64\xDA\x64\xDA\x6C\xDA\x6C\xDA\x6C\xDA\x6C\xDA\x64\xDA\x64\xFA\x6C\xDA" +
	"\x6C\xDA\x6C\xDA\x64\xF9\x1C\x17\x03\xB6\x03\xD7\x04\x99\x04\xD9\x05\x9B\x05\x9B\x05\xBB\x05\xBB\x05\xBB\x05\xBB\x05\xBB\x05\xBB" +
	"\x15\x3A\x34\x58\x34\x58\x34\x58\x2C\x58\x2C\x58\x2C\x58\x2C\x58\x2C\x78\x2C\x58\x2C\x58\x2C\x58\x2C\x78\x2C\x78\x2C\x78\x2C\x78" +
	"\x2C\x78\x2C\x78\x2C\x78\x2C\x78\x2C\x78\x2C\x78\x2C\x78\x2C\x78\x2C\x78\x2C\x78\x2C\x78\x2C\x78\x2C\x78\x2C\x58\x34\x38\x34\x17" +
	"\x34\x17\x34\x17\x34\x17\x34\x38\x34\x38\x34\x38\x34\x38\x34\x38\x34\x38\x34\x18\x34\x38\x34\x38\x34\x38\x34\x38\x34\x38\x34\x38" +
	"\x34\x38\x34\x38\x34\x38\x34\x38\x34\x38\x34\x38\x34\x38\x34\x38\x34\x38\x34\x38\x34\x38\x34\x38\x2C\x38\x2C\x38\x2C\x38\x2C\x38" +
	"\x2C\x38\x2C\x38\x2C\x38\x34\x38\x34\x38\x34\x38\x34\x38\x2C\x58\x2C\x58\x2C\x58\x2C\x58\x2C\x58\x2C\x58\x2C\x58\x2C\x58\x2C\x58" +
	"\x2C\x58\x2C\x58\x2C\x58\x2C\x58\x2C\x58\x2C\x58\x2C\x58\x2C\x58\x2C\x58\x24\x58\x24\x58\x24\x58\x24\x58\x24\x58\x24\x58\x24\x78" +
	"\x24\x78\x24\x78\x24\x78\x24\x78\x24\x78\x24\x78\x24\x78\x24\x78\x24\x78\x24\x78\x24\x78\x24\x78\x24\x78\x24\x78\x24\x78\x24\x78" +
	"\x33\xD6\x33\xD6\x33\xD6\x33\xD6\x33\xD6\x33\xD6\x33\xD6\x33\xD6\x33\xD6\x33\xD6\x33\xD6\x33\xD6\x33\xD6\x33\xD6\x33\xD6\x33\xD6" +
	"\x33\xD6\x33\xD6\x33\xD6\x33\xD6\x33\xD6\x33\xD6\x33\xD7\x33\xD7\x33\xD7\x33\xD7\x33\xD7\x33\xD7\x33\xD7\x33\xD7\x33\xD7\x33\xD7" +
	"\x33\xD7\x33\xD7\x33\xD7\x33\xD7\x33\xD7\x33\xD7\x33\xD7\x33\xD7\x33\xF7\x3B\xF7\x3B\xF7\x3C\x17\x3C\x17\x3C\x17\x3C\x17\x3C\x17" +
	"\x3C\x17\x3C\x17\x3C\x17\x3C\x17\x34\x38\x34\x18\x34\x38\x34\x18\x34\x18\x34\x38\x34\x18\x34\x18\x34\x38\x15\x5B\x0D\x7B\x24\xD9" +
	"\x34\x38\x34\x38\x34\x38\x34\x38\x34\x37\x34\x38\x3C\x38\x1D\x1A\x05\x9B\x0D\x7B\x05\x9B\x05\x9B\x05\x9B\x05\x9B\x05\x9B\x0D\x7B" +
	"\x14\x38\x1B\xB6\x13\xB6\x44\x78\x6C\xFA\x64\xDA\x64\xDA\x64\xDA\x64\xDA\x13\xD7\x0B\xB6\x54\xB9\x6C\xDA\x64\xD9\x64\xD9\x64\xD9" +
	"\x64\xD9\x64\xD9\x64\xD9\x64\xD9\x64\xD9\x64\xD9\x64\xDA\x64\xDA\x64\xDA\x64\xDA\x64\xDA\x6C\xDA\x6C\xDA\x6C\xFA\x64\xFA\x6C\xFA" +
	"\x64\xD9\x54\xD9\x24\x37\x03\xB6\x04\x78\x05\x7B\x05\xBB\x05\xBB\x05\xBB\x05\x9B\x05\x9B\x05\x9B\x05\x9B\x05\xBB\x05\xBB\x05\xBB" +
	"\x2C\x79\x2C\x78\x34\x78\x34\x78\x34\x58\x2C\x58\x2C\x58\x34\x58\x2C\x58\x2C\x58\x2C\x58\x2C\x58\x34\x58\x2C\x58\x2C\x78\x2C\x78" +
	"\x2C\x78\x2C\x78\x2C\x78\x2C\x78\x2C\x58\x2C\x78\x2C\x78\x2C\x58\x2C\x58\x2C\x78\x2C\x78\x2C\x78\x2C\x58\x2C\x58\x34\x38\x34\x17" +
	"\x34\x17\x34\x37\x34\x37\x34\x17\x34\x18\x34\x38\x34\x38\x34\x38\x34\x38\x34\x38\x34\x38\x34\x38\x34\x38\x34\x38\x34\x38\x34\x38" +
	"\x34\x38\x34\x38\x34\x38\x34\x38\x34\x38\x2C\x38\x34\x38\x34\x38\x34\x38\x34\x38\x34\x38\x34\x38\x34\x38\x2C\x58\x2C\x38\x2C\x38" +
	"\x2C\x38\x2C\x38\x2C\x38\x2C\x38\x34\x38\x34\x38\x34\x38\x34\x38\x2C\x38\x2C\x58\x2C\x58\x2C\x58\x2C\x58\x2C\x58\x2C\x58\x2C\x58" +
	"\x2C\x58\x2C\x58\x2C\x58\x2C\x58\x2C\x58\x2C\x58\x2C\x58\x2C\x58\x2C\x58\x2C\x58\x24\x58\x24\x58\x24\x58\x24\x58\x24\x58\x24\x58" +
	"\x24\x58\x24\x58\x24\x78\x24\x78\x24\x78\x24\x78\x24\x78\x24\x78\x24\x78\x24\x78\x24\x78\x24\x78\x24\x78\x24\x78\x24\x78\x24\x78" +
	"\x33\xD6\x33\xD6\x33\xD6\x33\xD6\x33\xD6\x33\xD6\x33\xD6\x33\xD6\x33\xD6\x33\xD6\x33\xD6\x33\xD6\x33\xD6\x33\xD6\x33\xD6\x33\xD6" +
	"\x33\xD6\x33\xD6\x33\xD6\x33\xD6\x33\xD7\x33\xD7\x33\xD7\x33\xD7\x33\xD7\x33\xD7\x33\xD7\x33\xD7\x33\xD7\x33\xD7\x33\xD7\x33\xD7" +
	"\x33\xD7\x33\xD7\x33\xD7\x33\xD7\x33\xD7\x33\xD7\x33\xD7\x33\xD7\x33\xD7\x33\xF7\x3B\xF7\x3B\xF7\x3C\x17\x3C\x17\x3C\x17\x3C\x17" +
	"\x3C\x17\x3C\x17\x34\x17\x3C\x17\x34\x17\x34\x17\x34\x38\x34\x38\x34\x38\x34\x38\x34\x38\x34\x38\x34\x18\x34\x78\x15\x7B\x0D\x9B" +
	"\x1D\x1A\x34\x58\x34\x38\x34\x38\x34\x38\x34\x38\x34\x38\x34\x58\x2C\xB9\x15\x5B\x0D\x9B\x0D\x9B\x05\x9B\x05\x9B\x05\x9B\x05\x9B" +
	"\x0D\x9B\x14\x17\x1B\x96\x13\xB6\x23\xF7\x3C\x78\x34\x38\x54\xB9\x54\x99\x23\xF7\x0B\xB6\x34\x58\x24\x17\x0B\xB6\x44\x78\x6C\xDA" +
	"\x64\xD9\x64\xD9\x64\xD9\x64\xD9\x64\xD9\x64\xD9\x64\xD9\x64\xDA\x6C\xDA\x64\xDA\x64\xDA\x64\xD9\x54\xB9\x34\x58\x1C\x17\x1B\xF7" +
	"\x03\xD6\x03\xB6\x04\x37\x05\x3A\x05\xBB\x05\xBB\x05\x9B\x05\xBB\x05\x9B\x05\x9B\x05\xBB\x05\xBB\x05\xBB\x05\xBB\x0D\x5A\x2C\x99" +
	"\x24\x99\x05\xBB\x24\xB9\x34\x58\x34\x58\x34\x58\x34\x58\x2C\x58\x2C\x58\x2C\x58\x2C\x58\x2C\x58\x2C\x58\x2C\x58\x2C\x78\x2C\x78" +
	"\x2C\x78\x2C\x78\x2C\x58\x2C\x78\x2C\x78\x2C\x78\x2C\x58\x2C\x78\x2C\x78\x2C\x78\x2C\x78\x2C\x78\x2C\x58\x34\x38\x34\x18\x34\x18" +
	"\x34\x18\x34\x18\x34\x18\x34\x37\x34\x37\x34\x38\x34\x37\x34\x38\x34\x38\x34\x38\x34\x38\x34\x18\x34\x38\x34\x38\x34\x38\x34\x38" +
	"\x34\x38\x34\x38\x34\x38\x34\x38\x34\x38\x34\x38\x34\x38\x34\x38\x34\x38\x34\x38\x34\x38\x2C\x38\x2C\x58\x2C\x38\x2C\x38\x2C\x38" +
	"\x2C\x38\x2C\x38\x2C\x38\x2C\x38\x2C\x38\x34\x38\x2C\x38\x2C\x38\x2C\x58\x2C\x58\x34\x38\x2C\x58\x2C\x58\x2C\x58\x2C\x58\x2C\x58" +
	"\x2C\x58\x2C\x58\x2C\x58\x2C\x58\x2C\x58\x2C\x58\x2C\x58\x2C\x58\x2C\x58\x2C\x58\x2C\x58\x24\x58\x24\x58\x24\x58\x24\x58\x24\x58" +
	"\x24\x58\x24\x58\x24\x58\x24\x78\x24\x78\x24\x78\x24\x78\x24\x78\x24\x78\x24\x78\x24\x78\x2C\x78\x24\x78\x24\x78\x24\x78\x24\x78" +
	"\x33\xD6\x33\xD6\x33\xD6\x33\xD6\x33\xD6\x33\xD6\x33\xD6\x33\xD6\x33\xD6\x33\xD6\x33\xD6\x33\xD6\x33\xD6\x33\xD6\x33\xD6\x33\xD6" +
	"\x33\xD6\x33\xD6\x33\xD6\x33\xD6\x33\xD6\x33\xD6\x33\xD6\x33\xD6\x33\xD7\x33\xD7\x33\xD7\x33\xD7\x33\xD7\x33\xD7\x33\xD7\x33\xD7" +
	"\x33\xD7\x33\xD7\x33\xD7\x33\xD7\x33\xD7\x33\xD7\x33\xD7\x33\xD7\x33\xD7\x33\xD7\x33\xD7\x33\xF7\x3B\xF7\x3B\xF7\x3B\xF7\x3C\x17" +
	"\x3C\x17\x3C\x17\x3C\x17\x3C\x17\x3C\x17\x3C\x17\x34\x17\x34\x18\x34\x17\x34\x18\x34\x18\x34\x38\x34\x38\x34\x18\x34\x38\x1D\x1A" +
	"\x05\x9B\x0D\x7B\x24\xFA\x34\x58\x34\x38\x34\x37\x34\x38\x34\x38\x34\x38\x34\x38\x25\x1A\x0D\x9B\x0D\x7B\x05\x9B\x05\x9B\x05\x9B" +
	"\x05\x9B\x05\x5B\x14\x58\x14\x17\x13\x96\x13\x96\x13\x96\x13\xB6\x13\xB6\x13\xB6\x13\xB6\x13\xB6\x13\xB6\x13\xB6\x13\xF7\x34\x38" +
	"\x54\xB9\x54\xB9\x54\xB9\x54\xB9\x5C\xB9\x64\xD9\x64\xD9\x54\xB9\x2C\x38\x24\x17\x13\xF7\x0B\xD6\x03\xB6\x03\xB6\x0B\xB6\x03\xF7" +
	"\x04\x58\x05\x3A\x05\x9B\x05\x7B\x05\x9B\x05\x9B\x05\x9B\x05\xBB\x05\xBB\x05\xBB\x05\x9B\x05\xBB\x05\xBB\x24\xB9\x34\x38\x24\xB9" +
	"\x05\x9B\x0D\x5B\x34\x58\x34\x58\x34\x58\x34\x58\x34\x58\x2C\x58\x2C\x58\x2C\x58\x2C\x58\x2C\x58\x2C\x58\x2C\x58\x2C\x58\x2C\x58" +
	"\x2C\x58\x2C\x58\x2C\x58\x2C\x58\x2C\x58\x2C\x78\x2C\x78\x2C\x78\x2C\x78\x2C\x58\x2C\x58\x2C\x78\x34\x38\x34\x17\x34\x18\x34\x18" +
	"\x34\x18\x34\x18\x34\x18\x34\x18\x34\x18\x34\x37\x34\x17\x34\x18\x34\x38\x34\x38\x34\x38\x34\x37\x34\x38\x34\x38\x34\x38\x34\x38" +
	"\x34\x38\x34\x38\x34\x38\x34\x38\x34\x38\x34\x38\x34\x38\x34\x38\x34\x38\x34\x38\x34\x38\x2C\x38\x2C\x38\x2C\x38\x2C\x38\x2C\x38" +
	"\x2C\x38\x2C\x38\x2C\x38\x2C\x38\x2C\x38\x2C\x38\x2C\x38\x2C\x38\x2C\x38\x2C\x58\x2C\x38\x2C\x58\x2C\x58\x2C\x58\x2C\x58\x2C\x58" +
	"\x2C\x58\x2C\x58\x2C\x58\x2C\x58\x2C\x58\x2C\x58\x2C\x58\x2C\x58\x2C\x58\x2C\x58\x2C\x58\x2C\x58\x24\x58\x24\x58\x24\x58\x24\x58" +
	"\x24\x58\x24\x58\x24\x58\x24\x58\x24\x58\x24\x78\x24\x78\x24\x78\x24\x78\x24\x78\x24\x78\x24\x78\x24\x78\x2C\x78\x24\x78\x24\x78" +
	"\x33\xD6\x33\xD6\x33\xD6\x33\xD6\x33\xD6\x33\xD6\x33\xD6\x33\xD6\x33\xD6\x33\xD6\x33\xD6\x33\xD6\x33\xD6\x33\xD6\x33\xD6\x33\xD6" +
	"\x33\xD6\x33\xD6\x33\xD6\x33\xD6\x33\xD6\x33\xD6\x33\xD6\x33\xD6\x33\xD7\x33\xD7\x33\xD7\x33\xD7\x33\xD7\x33\xD7\x33\xD7\x33\xD7" +
	"\x33\xD7\x33\xD7\x33\xD7\x33\xD7\x33\xD7\x33\xD7\x33\xD7\x33\xD7\x33\xD7\x33\xD7\x33\xD7\x33\xD7\x33\xD7\x33\xF7\x33\xF7\x3B\xF7" +
	"\x3C\x17\x3C\x17\x3C\x17\x3C\x17\x3C\x17\x3C\x17\x3C\x17\x25\x1A\x2C\xD9\x34\x58\x34\x17\x34\x38\x34\x18\x34\x38\x34\x18\x34\x38" +
	"\x24\xD9\x15\x5B\x05\x9B\x0D\x9B\x1C\xFA\x34\x78\x34\x38\x34\x38\x34\x38\x34\x38\x34\x38\x1D\x3A\x0D\x9B\x0D\x7B\x05\x9B\x05\x9B" +
	"\x05\x9B\x05\x9B\x05\x9B\x05\x9B\x0C\xF9\x0C\xB9\x0C\x78\x0C\x17\x0C\x37\x14\x58\x14\x38\x13\xB6\x13\xB6\x13\xB6\x13\xB6\x0B\xB6" +
	"\x0B\xB6\x0B\xB6\x0B\xB6\x0B\xB6\x0B\xD6\x13\xD6\x13\xB6\x0B\xB6\x0B\xB6\x13\xD6\x1B\xD7\x1B\xF7\x23\xF7\x34\x38\x2C\x78\x05\x9B" +
	"\x05\xBB\x05\x9B\x05\x9B\x05\x9B\x05\x9B\x05\xBB\x05\x9B\x05\x9B\x05\x9B\x05\xBB\x05\x9B\x05\x7B\x24\xB9\x34\x58\x2C\x78\x05\xBB" +
	"\x0D\x7B\x2C\x78\x34\x58\x34\x58\x34\x58\x34\x58\x34\x58\x34\x58\x34\x58\x2C\x58\x2C\x58\x2C\x58\x2C\x58\x2C\x58\x2C\x58\x2C\x58" +
	"\x2C\x58\x2C\x58\x2C\x58\x2C\x58\x2C\x58\x2C\x58\x2C\x78\x2C\x78\x2C\x58\x2C\x58\x2C\x78\x34\x58\x34\x17\x34\x17\x34\x18\x34\x18" +
	"\x34\x18\x34\x18\x34\x18\x34\x17\x34\x17\x34\x38\x34\x18\x34\x37\x34\x37\x34\x17\x34\x18\x34\x38\x34\x38\x34\x38\x34\x38\x34\x38" +
	"\x34\x38\x34\x38\x34\x38\x34\x38\x34\x38\x34\x38\x34\x38\x34\x38\x34\x38\x34\x38\x34\x38\x34\x38\x34\x38\x2C\x38\x2C\x38\x2C\x38" +
	"\x2C\x38\x2C\x38\x2C\x38\x2C\x38\x2C\x38\x2C\x38\x34\x38\x2C\x38\x2C\x38\x2C\x38\x2C\x38\x2C\x58\x2C\x58\x2C\x38\x2C\x38\x2C\x58" +
	"\x2C\x58\x2C\x58\x2C\x58\x2C\x58\x2C\x58\x2C\x58\x2C\x58\x2C\x58\x2C\x58\x2C\x58\x2C\x58\x2C\x58\x2C\x58\x2C\x58\x24\x58\x24\x58" +
	"\x24\x58\x24\x58\x24\x58\x24\x58\x24\x58\x24\x58\x24\x78\x24\x78\x24\x78\x24\x78\x24\x78\x24\x78\x24\x78\x24\x78\x2C\x78\x2C\x78" +
	"\x33\xD6\x33\xD6\x33\xD6\x33\xD6\x33\xD6\x33\xD6\x33\xD6\x33\xD6\x33\xD6\x33\xD6\x33\xD6\x33\xD6\x33\xD6\x33\xD6\x33\xD6\x33\xD6" +
	"\x33\xD6\x33\xD6\x33\xD6\x33\xD6\x33\xD6\x33\xD6\x33\xD6\x33\xD6\x33\xD6\x33\xD7\x33\xD7\x33\xD7\x33\xD7\x33\xD7\x33\xD7\x33\xD7" +
	"\x33\xD7\x33\xD7\x33\xD7\x33\xD7\x33\xD7\x33\xD7\x33\xD7\x33\xD7\x33\xD7\x33\xD7\x33\xD7\x33\xD7\x33\xD7\x33\xD7\x33\xD7\x33\xF7" +
	"\x33\xF7\x3C\x17\x3C\x17\x3C\x17\x3C\x17\x3C\x17\x3C\x17\x34\x78\x1D\x5B\x1D\x7B\x2C\xD9\x34\x58\x34\x17\x34\x37\x34\x18\x34\x38" +
	"\x34\x18\x34\x38\x2C\xB9\x1D\x1A\x05\x9B\x05\x9B\x24\xF9\x34\x58\x34\x38\x34\x38\x34\x38\x34\x38\x34\x58\x1D\x1A\x0D\x9B\x05\x9B" +
	"\x05\x9B\x05\x9B\x05\x9B\x05\x9B\x05\x9B\x05\x9B\x05\x9B\x05\x9B\x05\xBB\x05\x9B\x05\x9B\x05\x7B\x05\x3A\x05\x5B\x05\x5B\x05\x1A" +
	"\x04\xB9\x0C\x58\x0C\x38\x0C\x58\x14\x17\x0C\x17\x0C\x98\x0C\xB9\x04\xF9\x1D\x1A\x15\x3A\x0D\x5B\x15\x3A\x0D\x7B\x05\x9B\x05\x9B" +
	"\x05\x9B\x05\x9B\x05\x9B\x05\x9B\x05\x9B\x05\x9B\x05\xBB\x05\xBB\x05\xBB\x05\x9B\x15\x3A\x2C\x78\x34\x58\x34\x58\x0D\x5A\x05\x7B" +
	"\x2C\x78\x34\x58\x34\x58\x34\x58\x34\x58\x34\x58\x2C\x58\x34\x58\x34\x58\x34\x58\x34\x58\x2C\x58\x2C\x58\x2C\x58\x2C\x58\x2C\x58" +
	"\x2C\x58\x2C\x58\x2C\x58\x2C\x58\x2C\x58\x2C\x58\x2C\x58\x2C\x58\x2C\x58\x2C\x58\x34\x58\x34\x17\x34\x17\x34\x17\x34\x17\x34\x17" +
	"\x34\x17\x34\x17\x34\x17\x34\x17\x34\x17\x34\x17\x34\x18\x34\x18\x34\x18\x34\x18\x34\x37\x34\x38\x34\x38\x34\x38\x34\x38\x34\x38" +
	"\x34\x38\x34\x18\x34\x18\x34\x38\x34\x38\x34\x38\x34\x38\x34\x38\x34\x38\x34\x38\x34\x38\x34\x38\x34\x38\x2C\x38\x2C\x38\x34\x38" +
	"\x2C\x38\x2C\x38\x2C\x38\x2C\x38\x2C\x38\x2C\x38\x2C\x38\x2C\x38\x34\x38\x2C\x38\x2C\x38\x2C\x38\x2C\x38\x2C\x38\x2C\x58\x2C\x38" +
	"\x2C\x38\x2C\x58\x2C\x58\x2C\x58\x2C\x58\x2C\x58\x2C\x58\x2C\x58\x2C\x58\x2C\x58\x2C\x58\x2C\x58\x2C\x58\x2C\x58\x2C\x58\x24\x58" +
	"\x24\x58\x24\x58\x24\x58\x24\x58\x24\x58\x24\x58\x24\x58\x24\x58\x24\x78\x24\x78\x24\x78\x24\x78\x24\x78\x24\x78\x24\x78\x24\x78" +
	"\x33\xD6\x33\xD6\x33\xD6\x33\xD6\x33\xD6\x33\xD6\x33\xD6\x33\xD6\x33\xD6\x33\xD6\x33\xD6\x33\xD6\x33\xD6\x33\xD6\x33\xD6\x33\xD6" +
	"\x33\xD6\x33\xD6\x33\xD6\x33\xD6\x33\xD6\x33\xD6\x33\xD6\x33\xD6\x33\xD6\x33\xD6\x33\xD6\x33\xD7\x33\xD7\x33\xD7\x33\xD7\x33\xD7" +
	"\x33\xD7\x33\xD7\x33\xD7\x33\xD7\x33\xD7\x33\xD7\x33\xD7\x33\xD7\x33\xD7\x33\xD7\x33\xD7\x33\xD7\x33\xD7\x33\xD7\x33\xD7\x33\xD7" +
	"\x33\xD7\x33\xF7\x3B\xF7\x3B\xF7\x3C\x17\x3C\x17\x3C\x17\x3C\x17\x3C\x18\x2C\xD9\x1D\x7B\x1D\x5B\x24\xFA\x34\x58\x3C\x17\x34\x17" +
	"\x34\x18\x34\x38\x34\x18\x34\x38\x2C\x99\x1D\x3A\x05\x9B\x15\x5B\x34\x78\x34\x37\x34\x38\x34\x38\x34\x38\x34\x38\x34\x78\x2C\xD9" +
	"\x15\x5A\x0D\x7B\x05\x9B\x05\x9B\x05\x9B\x0D\x5B\x0D\x5B\x0D\x7B\x05\x9B\x05\x9B\x05\x9B\x05\x9B\x05\x9B\x05\x9B\x05\x9B\x05\x9B" +
	"\x05\x9B\x05\x9B\x05\x9B\x05\x9B\x05\x9B\x05\x9B\x05\xBB\x05\xBB\x05\x9B\x05\x9B\x05\x9B\x05\x9B\x05\x9B\x05\x9B\x05\x9B\x05\x9B" +
	"\x05\x9B\x05\x9B\x05\x9B\x05\x9B\x05\x9B\x05\x9B\x05\x9B\x14\xFA\x2C\x98\x2C\x58\x34\x38\x34\x58\x34\x38\x15\x1A\x05\xBB\x2C\x79" +
	"\x34\x58\x34\x58\x34\x58\x34\x58\x34\x58\x34\x58\x34\x58\x34\x58\x34\x58\x34\x58\x34\x58\x34\x58\x2C\x58\x2C\x58\x2C\x58\x2C\x58" +
	"\x2C\x58\x2C\x58\x2C\x58\x2C\x58\x2C\x58\x2C\x58\x2C\x58\x2C\x58\x34\x58\x34\x38\x34\x17\x34\x17\x34\x17\x34\x17\x34\x17\x34\x17" +
	"\x34\x17\x34\x17\x34\x17\x34\x17\x34\x18\x34\x18\x34\x18\x34\x18\x34\x18\x34\x38\x34\x37\x34\x37\x34\x17\x34\x18\x34\x38\x34\x38" +
	"\x34\x38\x34\x38\x34\x38\x34\x18\x34\x38\x34\x38\x34\x38\x34\x38\x34\x38\x34\x38\x34\x38\x34\x38\x34\x38\x34\x38\x34\x38\x2C\x38" +
	"\x2C\x38\x2C\x38\x2C\x38\x2C\x38\x2C\x38\x2C\x38\x2C\x38\x2C\x38\x34\x38\x34\x38\x34\x38\x2C\x38\x2C\x38\x2C\x38\x2C\x38\x2C\x58" +
	"\x2C\x58\x2C\x38\x2C\x58\x2C\x58\x2C\x58\x2C\x58\x2C\x58\x2C\x58\x2C\x58\x2C\x58\x2C\x58\x2C\x58\x2C\x58\x2C\x58\x2C\x58\x2C\x58" +
	"\x2C\x58\x24\x58\x24\x58\x24\x58\x24\x58\x24\x58\x24\x58\x24\x58\x24\x58\x24\x58\x24\x78\x24\x78\x2C\x78\x2C\x78\x2C\x78\x24\x78" +
	"\x33\xD6\x33\xD6\x33\xD6\x33\xD6\x33\xD6\x33\xD6\x33\xD6\x33\xD6\x33\xD6\x33\xD6\x33\xD6\x33\xD6\x33\xD6\x33\xD6\x33\xD6\x33\xD6" +
	"\x33\xD6\x33\xD6\x33\xD6\x33\xD6\x33\xD6\x33\xD6\x33\xD6\x33\xD6\x33\xD6\x33\xD6\x33\xD6\x33\xD7\x33\xD7\x33\xD7\x33\xD7\x33\xD7" +
	"\x33\xD7\x33\xD7\x33\xD7\x33\xD7\x33\xD7\x33\xD7\x33\xD7\x33\xD7\x33\xD7\x33\xD7\x33\xD7\x33\xD7\x33\xD7\x33\xD7\x33\xD7\x33\xD7" +
	"\x33\xD7\x33\xF7\x33\xF7\x33\xF7\x3B\xF7\x3B\xF7\x3B\xF7\x3C\x17\x3C\x17\x3C\x17\x3C\x38\x2C\xD9\x25\x5B\x1D\x7B\x25\x1A\x34\x78" +
	"\x3C\x17\x34\x17\x34\x18\x34\x38\x34\x18\x3C\x18\x2C\x99\x0D\x9B\x05\x9B\x24\xD9\x34\x38\x34\x17\x34\x38\x34\x38\x34\x38\x34\x38" +
	"\x34\x38\x34\x78\x2C\xB9\x1D\x1A\x25\x1A\x2C\xB9\x34\x58\x34\x38\x2C\x58\x2C\x78\x2C\x99\x24\x99\x0D\x5B\x0D\x7B\x05\x7B\x05\x9B" +
	"\x05\x9B\x05\x9B\x05\x9B\x05\x9B\x05\x9B\x05\x9B\x05\x9B\x05\x9B\x05\x9B\x05\x9B\x05\xBB\x05\x9B\x05\x9B\x05\x9B\x05\x9B\x05\x9B" +
	"\x05\x9B\x05\x9B\x0D\x5A\x15\x1A\x15\x3A\x1C\xD9\x2C\x78\x34\x38\x34\x58\x34\x38\x34\x38\x34\x38\x1C\xFA\x05\xBB\x24\xD9\x34\x38" +
	"\x34\x58\x34\x58\x34\x58\x34\x58\x34\x58\x34\x58\x34\x58\x34\x58\x34\x58\x34\x58\x2C\x58\x34\x58\x34\x58\x34\x58\x2C\x58\x34\x58" +
	"\x34\x58\x34\x58\x2C\x58\x2C\x58\x2C\x58\x2C\x58\x2C\x58\x34\x58\x34\x38\x34\x17\x34\x17\x34\x17\x34\x17\x34\x17\x34\x17\x34\x17" +
	"\x34\x17\x34\x17\x34\x17\x34\x17\x34\x18\x34\x18\x34\x18\x34\x18\x34\x18\x34\x18\x34\x18\x34\x38\x34\x38\x34\x17\x34\x18\x34\x38" +
	"\x34\x38\x34\x38\x34\x38\x34\x38\x34\x38\x34\x38\x34\x38\x34\x38\x34\x38\x34\x38\x34\x38\x34\x38\x34\x38\x34\x38\x34\x38\x34\x38" +
	"\x34\x38\x2C\x38\x2C\x38\x2C\x38\x2C\x38\x2C\x38\x2C\x38\x2C\x38\x2C\x38\x2C\x38\x34\x38\x34\x38\x2C\x38\x2C\x38\x2C\x38\x2C\x38" +
	"\x2C\x58\x2C\x58\x2C\x38\x2C\x38\x2C\x38\x2C\x58\x2C\x58\x2C\x58\x2C\x58\x2C\x58\x2C\x58\x2C\x58\x2C\x58\x2C\x58\x2C\x58\x2C\x58" +
	"\x2C\x58\x2C\x58\x2C\x58\x24\x58\x24\x58\x24\x58\x24\x58\x24\x58\x24\x58\x24\x58\x24\x58\x24\x58\x2C\x58\x2C\x58\x2C\x58\x2C\x58" +
	"\x33\xD6\x33\xD6\x33\xD6\x33\xD6\x33\xD6\x33\xD6\x33\xD6\x33\xD6\x33\xD6\x33\xD6\x33\xD6\x33\xD6\x33\xD6\x33\xD6\x33\xD6\x33\xD6" +
	"\x33\xD6\x33\xD6\x33\xD6\x33\xD6\x33\xD6\x33\xD6\x33\xD6\x33\xD6\x33\xD6\x33\xD6\x33\xD6\x33\xD6\x33\xD6\x33\xD7\x33\xD7\x33\xD7" +
	"\x33\xD7\x33\xD7\x33\xD7\x33\xD7\x33\xD7\x33\xD7\x33\xD7\x33\xD7\x33\xD7\x33\xD7\x33\xD7\x33\xD7\x33\xD7\x33\xD7\x33\xD7\x33\xD7" +
	"\x33\xD7\x33\xF7\x33\xF7\x33\xF7\x33\xF7\x3B\xF7\x3B\xF7\x3B\xF7\x3B\xF7\x3B\xF7\x3B\xF7\x3B\xF7\x3C\x18\x2C\xD9\x24\xFA\x1D\x7B" +
	"\x25\x1A\x2C\xFA\x34\x58\x34\x17\x34\x18\x34\x18\x34\x18\x34\x78\x15\x5A\x05\x9B\x15\x5A\x1D\x1A\x24\xD9\x24\xF9\x15\x5B\x0D\x7B" +
	"\x0D\x9B\x05\x9B\x0D\x7B\x0D\x7B\x0D\x9B\x05\x9B\x2C\x98\x34\x38\x34\x38\x34\x38\x34\x38\x34\x38\x34\x38\x34\x38\x34\x58\x2C\x99" +
	"\x2C\x99\x1C\xFA\x1D\x1A\x1C\xFA\x15\x3A\x0D\x7B\x15\x3A\x0D\x5B\x05\x9B\x0D\x5B\x15\x1A\x1C\xFA\x1C\xFA\x15\x1A\x24\xB9\x2C\x99" +
	"\x2C\x78\x2C\x78\x34\x58\x34\x38\x34\x38\x34\x38\x34\x38\x34\x38\x34\x38\x34\x38\x2C\x98\x0D\x5B\x05\xBB\x24\xD9\x34\x38\x34\x38" +
	"\x34\x38\x34\x58\x34\x58\x34\x58\x34\x58\x34\x58\x34\x58\x34\x58\x34\x58\x34\x58\x34\x58\x34\x58\x34\x58\x34\x58\x34\x58\x34\x58" +
	"\x34\x58\x34\x58\x34\x58\x2C\x58\x2C\x58\x34\x58\x34\x38\x34\x18\x34\x17\x34\x17\x34\x17\x34\x17\x34\x17\x34\x17\x34\x17\x34\x17" +
	"\x34\x17\x34\x17\x34\x17\x34\x17\x34\x17\x34\x17\x34\x18\x34\x18\x34\x18\x34\x18\x34\x17\x34\x18\x34\x18\x34\x38\x34\x37\x34\x17" +
	"\x34\x38\x34\x38\x34\x38\x34\x38\x34\x38\x34\x38\x34\x38\x34\x38\x34\x38\x34\x38\x34\x38\x34\x38\x34\x38\x34\x38\x34\x38\x34\x38" +
	"\x34\x38\x34\x38\x34\x38\x2C\x38\x2C\x38\x2C\x38\x2C\x38\x2C\x38\x2C\x38\x2C\x38\x2C\x38\x2C\x38\x34\x38\x34\x38\x2C\x38\x2C\x38" +
	"\x2C\x38\x2C\x38\x2C\x38\x2C\x38\x2C\x38\x2C\x38\x2C\x38\x2C\x58\x2C\x58\x2C\x58\x2C\x58\x2C\x58\x2C\x58\x2C\x58\x2C\x58\x2C\x58" +
	"\x2C\x58\x2C\x58\x2C\x58\x2C\x58\x2C\x58\x24\x58\x24\x58\x24\x58\x24\x58\x24\x58\x24\x58\x24\x58\x2C\x58\x2C\x58\x2C\x58\x2C\x78" +
	"\x33\xD6\x33\xD6\x33\xD6\x33\xD6\x33\xD6\x33\xD6\x33\xD6\x33\xD6\x33\xD6\x33\xD6\x33\xD6\x33\xD6\x33\xD6\x33\xD6\x33\xD6\x33\xD6" +
	"\x33\xD6\x33\xD6\x33\xD6\x33\xD6\x33\xD6\x33\xD6\x33\xD6\x33\xD6\x33\xD6\x33\xD6\x33\xD6\x33\xD6\x33\xD6\x33\xD6\x33\xD6\x33\xD7" +
	"\x33\xD7\x33\xD7\x33\xD7\x33\xD7\x33\xD7\x33\xD7\x33\xD7\x33\xD7\x33\xD7\x33\xD7\x33\xD7\x33\xD7\x33\xD7\x33\xD7\x33\xD7\x33\xD7" +
	"\x33\xD7\x33\xD7\x33\xF7\x33\xF7\x33\xF7\x3B\xF7\x3B\xF7\x3B\xF7\x3B\xF7\x3B\xF7\x3B\xF7\x3B\xF7\x3B\xF7\x3B\xF7\x3B\xF7\x34\x58" +
	"\x34\x99\x25\x3A\x1D\x7B\x24\xFA\x34\x37\x34\x38\x34\x38\x34\x18\x34\x38\x24\xD9\x0D\x7B\x05\x9B\x05\x9B\x0D\x7B\x15\x5A\x15\x5A" +
	"\x1C\xFA\x2C\xB9\x24\xFA\x2C\x99\x34\x38\x34\x78\x34\x38\x34\x38\x34\x38\x34\x38\x34\x38\x34\x38\x34\x38\x34\x38\x34\x38\x34\x38" +
	"\x34\x38\x34\x38\x34\x38\x34\x38\x34\x38\x34\x38\x34\x38\x34\x38\x2C\x78\x34\x58\x34\x38\x34\x38\x34\x38\x34\x38\x34\x38\x34\x38" +
	"\x34\x38\x34\x38\x34\x38\x34\x38\x34\x38\x34\x38\x34\x58\x2C\x78\x24\xB9\x15\x1A\x05\xBB\x0D\x7B\x24\xD9\x34\x38\x34\x58\x34\x38" +
	"\x34\x38\x34\x38\x34\x38\x34\x58\x34\x58\x34\x58\x34\x58\x34\x58\x34\x58\x34\x58\x34\x58\x34\x58\x2C\x58\x34\x58\x34\x58\x34\x58" +
	"\x34\x58\x34\x58\x34\x58\x34\x58\x34\x38\x34\x38\x34\x17\x3C\x18\x3C\x18\x3C\x18\x34\x17\x34\x17\x34\x17\x34\x17\x34\x17\x34\x17" +
	"\x34\x17\x34\x17\x34\x17\x34\x17\x34\x17\x34\x17\x34\x17\x34\x18\x34\x18\x34\x18\x34\x18\x34\x18\x34\x18\x34\x17\x34\x38\x34\x18" +
	"\x34\x37\x34\x17\x34\x18\x34\x38\x34\x38\x34\x38\x34\x38\x34\x38\x34\x38\x34\x38\x34\x38\x34\x38\x34\x38\x34\x38\x34\x38\x34\x38" +
	"\x34\x38\x34\x38\x34\x38\x2C\x38\x2C\x38\x2C\x38\x2C\x38\x2C\x38\x2C\x38\x2C\x38\x2C\x38\x2C\x38\x2C\x38\x2C\x38\x34\x38\x34\x38" +
	"\x2C\x38\x2C\x38\x2C\x38\x2C\x38\x2C\x38\x2C\x58\x2C\x58\x2C\x38\x2C\x38\x2C\x58\x2C\x58\x2C\x58\x2C\x58\x2C\x58\x2C\x58\x2C\x58" +
	"\x2C\x58\x2C\x58\x2C\x58\x2C\x58\x2C\x58\x2C\x58\x2C\x58\x24\x58\x24\x58\x24\x58\x24\x58\x24\x58\x24\x58\x24\x58\x2C\x58\x2C\x58" +
	"\x33\xD6\x33\xD6\x33\xD6\x33\xD6\x33\xD6\x33\xD6\x33\xD6\x33\xD6\x33\xD6\x33\xD6\x33\xD6\x33\xD6\x33\xD6\x33\xD6\x33\xD6\x33\xD6" +
	"\x33\xD6\x33\xD6\x33\xD6\x33\xD6\x33\xD6\x33\xD6\x33\xD6\x33\xD6\x33\xD6\x33\xD6\x33\xD6\x33\xD6\x33\xD6\x33\xD6\x33\xD6\x33\xD6" +
	"\x33\xD7\x33\xD7\x33\xD7\x33\xD7\x33\xD7\x33\xD7\x33\xD7\x33\xD7\x33\xD7\x33\xD7\x33\xD7\x33\xD7\x33\xD7\x33\xD7\x33\xD7\x33\xD7" +
	"\x33\xD7\x33\xD7\x33\xF7\x33\xF7\x33\xF7\x33\xF7\x3B\xF7\x33\xF7\x33\xF7\x3B\xF7\x3B\xF7\x3B\xF7\x3B\xF7\x3B\xF7\x33\xF7\x3B\xF7" +
	"\x3B\xF7\x3C\x17\x34\x78\x2C\xD9\x3C\x17\x34\x37\x34\x38\x34\x18\x34\x38\x34\x18\x34\x58\x34\x58\x34\x38\x34\x38\x34\x38\x34\x38" +
	"\x34\x37\x34\x37\x34\x18\x34\x38\x34\x38\x34\x38\x34\x38\x34\x38\x34\x38\x34\x38\x34\x38\x34\x38\x34\x38\x34\x38\x34\x38\x34\x38" +
	"\x34\x38\x34\x38\x34\x38\x34\x38\x34\x38\x34\x38\x34\x38\x34\x38\x34\x38\x34\x38\x34\x38\x34\x38\x34\x38\x34\x38\x34\x38\x34\x38" +
	"\x34\x38\x34\x38\x34\x58\x34\x58\x2C\x78\x1C\xFA\x0D\x5A\x05\x9B\x05\xBB\x0D\x7B\x1C\xD9\x34\x58\x34\x38\x34\x38\x34\x38\x34\x38" +
	"\x34\x38\x34\x38\x34\x38\x34\x58\x34\x58\x34\x58\x34\x58\x34\x58\x34\x58\x34\x58\x34\x58\x34\x58\x34\x58\x34\x58\x34\x58\x34\x58" +
	"\x34\x58\x34\x58\x34\x58\x34\x18\x34\x17\x3B\xF7\x34\x17\x34\x17\x3C\x18\x3C\x18\x3C\x18\x34\x17\x34\x17\x34\x17\x34\x17\x34\x17" +
	"\x34\x17\x34\x17\x34\x17\x34\x17\x34\x17\x34\x17\x34\x17\x34\x18\x34\x18\x34\x18\x34\x18\x34\x18\x34\x18\x34\x17\x34\x18\x34\x18" +
	"\x34\x37\x34\x17\x34\x18\x34\x18\x34\x18\x34\x18\x34\x38\x34\x38\x34\x38\x34\x38\x34\x38\x34\x38\x34\x38\x34\x38\x34\x38\x34\x38" +
	"\x34\x38\x34\x38\x34\x38\x34\x38\x2C\x38\x2C\x38\x2C\x38\x2C\x38\x2C\x38\x2C\x38\x2C\x38\x2C\x38\x2C\x38\x2C\x38\x2C\x38\x2C\x38" +
	"\x34\x38\x34\x38\x2C\x38\x2C\x38\x2C\x38\x2C\x38\x2C\x38\x2C\x58\x2C\x38\x2C\x58\x2C\x38\x2C\x58\x2C\x58\x2C\x58\x2C\x58\x2C\x58" +
	"\x2C\x58\x2C\x58\x2C\x58\x2C\x58\x2C\x58\x2C\x58\x2C\x58\x2C\x58\x2C\x58\x24\x58\x24\x58\x24\x58\x24\x58\x24\x58\x24\x58\x2C\x58" +
	"\x33\xD6\x33\xD6\x33\xD6\x33\xD6\x33\xD6\x33\xD6\x33\xD6\x33\xD6\x33\xD6\x33\xD6\x33\xD6\x33\xD6\x33\xD6\x33\xD6\x33\xD6\x33\xD6" +
	"\x33\xD6\x33\xD6\x33\xD6\x33\xD6\x33\xD6\x33\xD6\x33\xD6\x33\xD6\x33\xD6\x33\xD6\x33\xD6\x33\xD6\x33\xD6\x33\xD6\x33\xD6\x33\xD6" +
	"\x33\xD6\x33\xD6\x33\xD7\x33\xD7\x33\xD7\x33\xD7\x33\xD7\x33\xD7\x33\xD7\x33\xD7\x33\xD7\x33\xD7\x33\xD7\x33\xD7\x33\xD7\x33\xD7" +
	"\x33\xD7\x33\xD7\x33\xD7\x33\xF7\x33\xF7\x33\xF7\x33\xF7\x3B\xF7\x3B\xF7\x3B\xF7\x3B\xF7\x3B\xF7\x3B\xF7\x3B\xF7\x3B\xF7\x3B\xF7" +
	"\x3B\xF7\x3B\xF7\x3B\xF7\x3C\x17\x3C\x17\x3C\x17\x34\x37\x34\x38\x34\x18\x34\x18\x34\x18\x34\x18\x34\x18\x34\x38\x34\x37\x34\x38" +
	"\x34\x37\x34\x38\x34\x38\x34\x38\x34\x38\x34\x37\x34\x38\x34\x38\x34\x38\x34\x38\x34\x38\x34\x38\x34\x38\x34\x38\x34\x38\x34\x38" +
	"\x34\x38\x34\x38\x34\x38\x34\x38\x34\x58\x34\x38\x34\x38\x34\x38\x34\x38\x34\x58\x24\xD9\x24\xD9\x1C\xD9\x1C\xFA\x15\x1A\x1C\xFA" +
	"\x15\x3A\x15\x3A\x0D\x7B\x05\x9B\x05\xBB\x05\x9B\x0D\x7B\x1C\xFA\x2C\x78\x34\x58\x34\x38\x34\x38\x34\x38\x34\x58\x34\x38\x34\x38" +
	"\x34\x38\x34\x38\x34\x58\x34\x58\x34\x58\x34\x58\x34\x58\x34\x58\x34\x58\x34\x58\x34\x58\x34\x58\x34\x58\x34\x58\x34\x58\x34\x58" +
	"\x34\x38\x34\x18\x3C\x17\x3B\xF7\x3B\xF7\x3B\xF7\x3B\xF7\x3B\xF7\x34\x17\x3C\x18\x3C\x18\x3C\x18\x3C\x18\x34\x17\x34\x17\x34\x17" +
	"\x34\x17\x34\x17\x34\x17\x34\x17\x34\x17\x34\x17\x34\x17\x34\x17\x34\x17\x34\x17\x34\x17\x34\x17\x34\x18\x34\x18\x34\x18\x34\x17" +
	"\x34\x17\x34\x37\x34\x38\x34\x18\x34\x38\x34\x38\x34\x18\x34\x38\x34\x18\x34\x38\x34\x38\x34\x38\x34\x38\x34\x38\x34\x38\x34\x38" +
	"\x34\x38\x34\x38\x34\x38\x2C\x38\x2C\x38\x2C\x38\x2C\x38\x2C\x38\x2C\x58\x2C\x38\x2C\x38\x2C\x38\x2C\x38\x2C\x38\x2C\x38\x2C\x38" +
	"\x2C\x38\x2C\x38\x34\x38\x34\x38\x2C\x38\x2C\x38\x2C\x38\x2C\x38\x2C\x38\x2C\x58\x2C\x58\x2C\x38\x2C\x58\x2C\x58\x2C\x58\x2C\x58" +
	"\x2C\x58\x2C\x58\x2C\x58\x2C\x58\x2C\x58\x2C\x58\x2C\x58\x2C\x58\x2C\x58\x2C\x58\x2C\x58\x2C\x58\x24\x58\x24\x58\x24\x58\x2C\x58" +
	"\x33\xD6\x33\xD6\x33\xD6\x33\xD6\x33\xD6\x33\xD6\x33\xD6\x33\xD6\x33\xD6\x33\xD6\x33\xD6\x33\xD6\x33\xD6\x33\xD6\x33\xD6\x33\xD6" +
	"\x33\xD6\x33\xD6\x33\xD6\x33\xD6\x33\xD6\x33\xD6\x33\xD6\x33\xD6\x33\xD6\x33\xD6\x33\xD6\x33\xD6\x33\xD6\x33\xD6\x33\xD6\x33\xD6" +
	"\x33\xD6\x33\xD6\x33\xD6\x33\xD7\x33\xD7\x33\xD7\x33\xD7\x33\xD7\x33\xD7\x33\xD7\x33\xD7\x33\xD7\x33\xD7\x33\xD7\x33\xD7\x33\xD7" +
	"\x33\xD7\x33\xD7\x33\xD7\x33\xF7\x33\xF7\x33\xF7\x33\xF7\x33\xF7\x3B\xF7\x3B\xF7\x3B\xF7\x3B\xF7\x3B\xF7\x3B\xF7\x3B\xF7\x3B\xF7" +
	"\x3B\xF7\x3B\xF7\x3B\xF7\x3B\xF7\x3C\x17\x3C\x17\x3C\x17\x34\x37\x34\x38\x34\x18\x34\x18\x34\x18\x34\x18\x34\x18\x34\x18\x34\x38" +
	"\x34\x38\x34\x38\x34\x38\x34\x37\x34\x37\x34\x37\x34\x37\x34\x37\x34\x38\x34\x38\x34\x38\x34\x38\x34\x38\x34\x38\x34\x38\x34\x38" +
	"\x34\x38\x34\x38\x34\x38\x34\x38\x34\x38\x34\x38\x34\x58\x1C\xFA\x15\x3A\x05\x9B\x05\x9B\x0D\x7B\x0D\x9B\x05\x9B\x0D\x7B\x0D\x5A" +
	"\x15\x3A\x0D\x7B\x0D\x5B\x1C\xFA\x24\xB9\x34\x58\x34\x38\x34\x38\x34\x38\x34\x38\x34\x38\x34\x38\x34\x38\x34\x58\x34\x58\x34\x38" +
	"\x34\x38\x34\x58\x34\x38\x34\x38\x34\x58\x34\x58\x34\x58\x34\x58\x34\x58\x34\x58\x34\x38\x34\x38\x34\x58\x34\x38\x34\x38\x34\x17" +
	"\x3B\xF7\x3B\xF7\x3B\xF7\x3B\xF7\x3B\xF7\x3B\xF7\x3B\xF7\x3B\xF7\x3B\xF7\x3C\x17\x34\x17\x3C\x18\x3C\x18\x3C\x18\x34\x18\x34\x17" +
	"\x34\x17\x34\x17\x34\x17\x34\x17\x34\x17\x34\x17\x34\x17\x34\x17\x34\x17\x34\x17\x34\x17\x34\x17\x34\x17\x34\x18\x34\x18\x34\x18" +
	"\x34\x17\x34\x18\x34\x18\x34\x38\x34\x38\x34\x18\x34\x18\x34\x18\x34\x18\x34\x18\x34\x38\x34\x38\x34\x38\x34\x38\x34\x38\x34\x38" +
	"\x34\x38\x34\x38\x34\x38\x34\x38\x2C\x38\x2C\x38\x2C\x38\x2C\x38\x2C\x38\x2C\x38\x2C\x38\x2C\x38\x2C\x38\x2C\x38\x2C\x38\x2C\x38" +
	"\x2C\x38\x2C\x38\x2C\x38\x2C\x38\x34\x38\x34\x38\x2C\x38\x2C\x38\x2C\x38\x2C\x38\x2C\x38\x2C\x58\x2C\x58\x2C\x38\x2C\x58\x2C\x58" +
	"\x2C\x58\x2C\x58\x2C\x58\x2C\x58\x2C\x58\x2C\x58\x2C\x58\x2C\x58\x2C\x58\x2C\x58\x2C\x58\x2C\x58\x2C\x58\x24\x58\x24\x58\x24\x58" +
	"\x33\xD6\x33\xD6\x33\xD6\x33\xD6\x33\xD6\x33\xD6\x33\xD6\x33\xD6\x33\xD6\x33\xD6\x33\xD6\x33\xD6\x33\xD6\x33\xD6\x33\xD6\x33\xD6" +
	"\x33\xD6\x33\xD6\x33\xD6\x33\xD6\x33\xD6\x33\xD6\x33\xD6\x33\xD6\x33\xD6\x33\xD6\x33\xD6\x33\xD6\x33\xD6\x33\xD6\x33\xD6\x33\xD6" +
	"\x33\xD6\x33\xD6\x33\xD6\x33\xD6\x33\xD7\x33\xD7\x33\xD7\x33\xD7\x33\xD7\x33\xD7\x33\xD7\x33\xD7\x33\xD7\x33\xD7\x33\xD7\x33\xD7" +
	"\x33\xD7\x33\xD7\x33\xD7\x33\xD7\x33\xF7\x33\xF7\x33\xF7\x33\xF7\x3B\xF7\x3B\xF7\x3B\xF7\x3B\xF7\x3B\xF7\x3B\xF7\x3B\xF7\x3B\xF7" +
	"\x3B\xF7\x3B\xF7\x3B\xF7\x3B\xF7\x3B\xF7\x3B\xF7\x3C\x17\x3C\x17\x34\x37\x34\x17\x34\x18\x34\x18\x34\x18\x34\x18\x34\x18\x34\x18" +
	"\x34\x38\x34\x38\x34\x38\x34\x37\x34\x38\x34\x38\x34\x38\x34\x38\x34\x38\x34\x38\x34\x38\x34\x38\x34\x38\x34\x38\x34\x38\x34\x38" +
	"\x34\x38\x34\x38\x34\x38\x34\x38\x34\x38\x2C\x99\x0D\x7B\x05\x9B\x0D\x5B\x24\xD9\x2C\x79\x34\x38\x34\x38\x34\x38\x34\x38\x34\x38" +
	"\x34\x38\x34\x38\x34\x38\x34\x38\x34\x38\x34\x38\x34\x38\x34\x38\x34\x38\x34\x38\x34\x38\x34\x38\x34\x38\x34\x38\x34\x38\x34\x58" +
	"\x34\x38\x34\x38\x34\x38\x34\x58\x34\x58\x34\x58\x34\x58\x34\x58\x34\x58\x34\x38\x34\x58\x34\x38\x34\x38\x34\x17\x33\xF7\x3B\xF7" +
	"\x3B\xF7\x3B\xF7\x3B\xF7\x3B\xF7\x3B\xF7\x3B\xF7\x3B\xF7\x3B\xF7\x3B\xF7\x3B\xF7\x3B\xF7\x34\x17\x34\x18\x3C\x18\x3C\x18\x34\x18" +
	"\x34\x17\x34\x17\x34\x17\x34\x17\x34\x17\x34\x17\x34\x17\x34\x17\x34\x17\x34\x17\x34\x17\x34\x17\x34\x17\x34\x18\x34\x18\x34\x18" +
	"\x34\x37\x34\x38\x34\x38\x34\x17\x34\x17\x34\x18\x34\x18\x34\x18\x34\x18\x34\x18\x34\x18\x34\x38\x34\x38\x34\x38\x34\x38\x34\x38" +
	"\x34\x38\x34\x38\x34\x38\x34\x38\x2C\x38\x2C\x38\x2C\x38\x2C\x38\x34\x38\x2C\x38\x2C\x38\x2C\x58\x2C\x38\x2C\x38\x2C\x38\x2C\x38" +
	"\x2C\x38\x2C\x38\x2C\x38\x2C\x38\x2C\x38\x2C\x38\x34\x38\x34\x38\x2C\x38\x2C\x38\x2C\x38\x2C\x38\x2C\x38\x2C\x58\x2C\x58\x2C\x58" +
	"\x2C\x58\x2C\x58\x2C\x58\x2C\x58\x2C\x58\x2C\x58\x2C\x58\x2C\x58\x2C\x58\x2C\x58\x2C\x58\x2C\x58\x2C\x58\x2C\x58\x2C\x58\x24\x58" +
	"\x33\xD6\x33\xD6\x33\xD6\x33\xD6\x33\xD6\x33\xD6\x33\xD6\x33\xD6\x33\xD6\x33\xD6\x33\xD6\x33\xD6\x33\xD6\x33\xD6\x33\xD6\x33\xD6" +
	"\x33\xD6\x33\xD6\x33\xD6\x33\xD6\x33\xD6\x33\xD6\x33\xD6\x33\xD6\x33\xD6\x33\xD6\x33\xD6\x33\xD6\x33\xD6\x33\xD6\x33\xD6\x33\xD6" +
	"\x33\xD6\x33\xD6\x33\xD7\x33\xD7\x33\xD6\x33\xD7\x33\xD7\x33\xD7\x33\xD7\x33\xD7\x33\xD7\x33\xD7\x33\xD7\x33\xD7\x33\xD7\x33\xD7" +
	"\x33\xD7\x33\xD7\x33\xD7\x33\xD7\x33\xD7\x33\xF7\x33\xF7\x33\xF7\x33\xF7\x3B\xF7\x3B\xF7\x3B\xF7\x3B\xF7\x3B\xF7\x3B\xF7\x3B\xF7" +
	"\x3B\xF7\x3B\xF7\x3B\xF7\x3B\xF7\x3B\xF7\x3B\xF7\x3B\xF7\x3C\x17\x3C\x17\x3C\x17\x34\x17\x34\x17\x34\x38\x34\x18\x34\x38\x34\x38" +
	"\x34\x38\x34\x18\x34\x38\x34\x38\x34\x37\x34\x37\x34\x37\x34\x37\x34\x37\x34\x38\x34\x38\x34\x38\x34\x38\x34\x38\x34\x38\x34\x38" +
	"\x34\x38\x34\x38\x34\x38\x34\x38\x34\x58\x15\x3A\x15\x1A\x2C\x78\x34\x38\x34\x38\x34\x38\x34\x58\x34\x38\x34\x58\x34\x38\x34\x38" +
	"\x34\x38\x34\x38\x34\x38\x34\x38\x34\x38\x34\x38\x34\x38\x34\x38\x34\x38\x34\x38\x34\x38\x34\x38\x34\x38\x34\x38\x34\x38\x34\x38" +
	"\x34\x38\x34\x58\x34\x38\x34\x58\x34\x58\x34\x58\x34\x58\x34\x38\x34\x58\x34\x38\x34\x38\x34\x17\x3B\xF7\x3B\xF7\x3B\xF7\x3B\xF7" +
	"\x3B\xF7\x3B\xF7\x3B\xF7\x3B\xF7\x3B\xF7\x3B\xF7\x3B\xF7\x3B\xF7\x3B\xF7\x3B\xF7\x3C\x17\x33\xF7\x34\x17\x34\x17\x3C\x18\x3C\x18" +
	"\x3C\x18\x34\x18\x34\x17\x34\x17\x34\x17\x34\x17\x34\x17\x34\x17\x34\x17\x34\x17\x34\x17\x34\x17\x34\x17\x34\x17\x34\x17\x34\x17" +
	"\x34\x17\x34\x18\x34\x37\x34\x38\x34\x18\x34\x18\x34\x38\x34\x38\x34\x38\x34\x38\x34\x38\x34\x38\x34\x38\x34\x38\x34\x38\x34\x38" +
	"\x34\x38\x34\x38\x34\x38\x34\x38\x2C\x38\x2C\x38\x2C\x38\x2C\x38\x2C\x38\x2C\x38\x2C\x38\x2C\x38\x2C\x38\x2C\x38\x2C\x38\x2C\x38" +
	"\x2C\x38\x2C\x38\x2C\x38\x2C\x38\x2C\x38\x2C\x38\x2C\x38\x2C\x38\x34\x38\x34\x38\x2C\x38\x2C\x38\x2C\x38\x2C\x38\x2C\x38\x2C\x58" +
	"\x2C\x38\x2C\x38\x2C\x58\x2C\x58\x2C\x58\x2C\x58\x2C\x58\x2C\x58\x2C\x58\x2C\x58\x2C\x58\x2C\x58\x2C\x58\x2C\x58\x2C\x58\x2C\x58" +
	"\x33\xD6\x33\xD6\x33\xD6\x33\xD6\x33\xD6\x33\xD6\x33\xD6\x33\xD6\x33\xD6\x33\xD6\x33\xD6\x33\xD6\x33\xD6\x33\xD6\x33\xD6\x33\xD6" +
	"\x33\xD6\x33\xD6\x33\xD6\x33\xD6\x33\xD6\x33\xD6\x33\xD6\x33\xD6\x33\xD6\x33\xD6\x33\xD6\x33\xD6\x33\xD6\x33\xD6\x33\xD6\x33\xD6" +
	"\x33\xD6\x33\xD6\x33\xD6\x33\xD6\x33\xD6\x33\xD6\x33\xD6\x33\xD7\x33\xD7\x33\xD7\x33\xD7\x33\xD7\x33\xD7\x33\xD7\x33\xD7\x33\xD7" +
	"\x33\xD7\x33\xD7\x33\xD7\x33\xD7\x33\xD7\x33\xD7\x33\xF7\x33\xF7\x33\xF7\x33\xF7\x3B\xF7\x3B\xF7\x3B\xF7\x33\xF7\x3B\xF7\x3B\xF7" +
	"\x3B\xF7\x3B\xF7\x3B\xF7\x3B\xF7\x3B\xF7\x3B\xF7\x3B\xF7\x3B\xF7\x3B\xF7\x3C\x17\x3C\x17\x3C\x17\x34\x37\x34\x38\x34\x38\x34\x38" +
	"\x34\x18\x34\x18\x34\x18\x34\x18\x34\x18\x34\x38\x34\x18\x34\x38\x34\x18\x34\x38\x34\x38\x34\x38\x34\x38\x34\x38\x34\x38\x34\x38" +
	"\x34\x38\x34\x38\x34\x38\x34\x38\x34\x38\x34\x38\x34\x38\x34\x38\x34\x38\x34\x38\x34\x38\x34\x38\x34\x38\x34\x38\x34\x38\x34\x38" +
	"\x34\x38\x34\x38\x34\x38\x34\x38\x34\x38\x34\x38\x34\x38\x34\x38\x34\x38\x34\x38\x34\x38\x34\x38\x34\x38\x34\x38\x34\x38\x34\x38" +
	"\x34\x38\x34\x38\x34\x38\x34\x38\x34\x38\x34\x38\x34\x38\x34\x38\x34\x38\x34\x17\x3C\x17\x3B\xF7\x3B\xF7\x3B\xF7\x3B\xF7\x3B\xF7" +
	"\x3B\xF7\x3B\xF7\x3B\xF7\x3B\xF7\x3B\xF7\x3B\xF7\x3B\xF7\x3B\xF7\x3B\xF7\x3B\xF7\x3B\xF7\x3B\xF7\x3B\xF7\x3B\xF7\x34\x17\x3C\x18" +
	"\x3C\x18\x3C\x18\x3C\x18\x34\x17\x34\x17\x34\x17\x34\x17\x34\x17\x34\x17\x34\x17\x34\x17\x34\x17\x34\x17\x34\x17\x34\x17\x34\x18" +
	"\x34\x18\x34\x18\x34\x18\x34\x18\x34\x38\x34\x38\x34\x37\x34\x18\x34\x38\x34\x38\x34\x38\x34\x38\x34\x18\x34\x18\x34\x18\x34\x38" +
	"\x34\x38\x34\x38\x34\x38\x34\x38\x34\x38\x34\x38\x2C\x38\x2C\x38\x34\x38\x34\x38\x2C\x38\x2C\x38\x2C\x38\x2C\x38\x2C\x38\x2C\x38" +
	"\x2C\x38\x2C\x38\x2C\x38\x2C\x38\x2C\x38\x2C\x38\x2C\x38\x2C\x38\x2C\x38\x2C\x38\x34\x38\x2C\x38\x2C\x38\x2C\x38\x2C\x38\x2C\x38" +
	"\x2C\x38\x2C\x58\x2C\x38\x2C\x58\x2C\x58\x2C\x58\x2C\x58\x2C\x58\x2C\x58\x2C\x58\x2C\x58\x2C\x58\x2C\x58\x2C\x58\x2C\x58\x2C\x58" +
	"\x33\xD6\x33\xD6\x33\xD6\x33\xD6\x33\xD6\x33\xD6\x33\xD6\x33\xD6\x33\xD6\x33\xD6\x33\xD6\x33\xD6\x33\xD6\x33\xD6\x33\xD6\x33\xD6" +
	"\x33\xD6\x33\xD6\x33\xD6\x33\xD6\x33\xD6\x33\xD6\x33\xD6\x33\xD6\x33\xD6\x33\xD6\x33\xD6\x33\xD6\x33\xD6\x33\xD6\x33\xD6\x33\xD6" +
	"\x33\xD6\x33\xD6\x33\xD6\x33\xD6\x33\xD6\x33\xD6\x33\xD6\x33\xD7\x33\xD7\x33\xD7\x33\xD7\x33\xD7\x33\xD7\x33\xD7\x33\xD7\x33\xD7" +
	"\x33\xD7\x33\xD7\x33\xD7\x33\xD7\x33\xD7\x33\xD7\x33\xD7\x33\xF7\x33\xF7\x33\xF7\x33\xF7\x33\xF7\x3B\xF7\x3B\xF7\x3B\xF7\x33\xF7" +
	"\x3B\xF7\x3B\xF7\x3B\xF7\x3B\xF7\x3B\xF7\x3B\xF7\x3B\xF7\x3B\xF7\x3B\xF7\x3B\xF7\x3C\x17\x3C\x17\x3C\x17\x3C\x17\x34\x37\x34\x37" +
	"\x34\x37\x34\x38\x34\x38\x34\x38\x34\x38\x34\x38\x34\x38\x34\x38\x34\x38\x34\x38\x34\x38\x34\x18\x34\x38\x34\x38\x34\x38\x3C\x18" +
	"\x3C\x17\x3C\x17\x3C\x17\x3C\x17\x3C\x17\x3C\x17\x3C\x17\x3C\x17\x3B\xF7\x33\xF7\x33\xF7\x3B\xF7\x3B\xF7\x33\xF7\x33\xF7\x3C\x17" +
	"\x3C\x17\x3C\x18\x34\x38\x34\x38\x34\x38\x34\x38\x34\x38\x34\x38\x34\x38\x34\x38\x34\x38\x34\x38\x34\x38\x34\x38\x34\x38\x34\x38" +
	"\x34\x38\x34\x38\x34\x38\x34\x38\x34\x38\x34\x38\x34\x17\x34\x17\x34\x17\x34\x17\x3B\xF7\x3B\xF7\x33\xF7\x3B\xF7\x3B\xF7\x33\xF7" +
	"\x3B\xF7\x3B\xF7\x3B\xF7\x3B\xF7\x3B\xF7\x3B\xF7\x3B\xF7\x3B\xF7\x3B\xF7\x3B\xF7\x3B\xF7\x3B\xF7\x33\xF7\x3B\xF7\x33\xF7\x34\x17" +
	"\x34\x17\x3C\x18\x3C\x18\x3C\x18\x34\x18\x34\x17\x34\x17\x34\x17\x34\x17\x34\x17\x34\x17\x34\x17\x34\x17\x34\x17\x34\x17\x34\x17" +
	"\x34\x17\x34\x17\x34\x17\x34\x18\x34\x18\x34\x18\x34\x38\x34\x37\x34\x37\x34\x37\x34\x38\x34\x38\x34\x18\x34\x18\x34\x18\x34\x38" +
	"\x34\x38\x34\x18\x34\x38\x34\x38\x34\x38\x34\x38\x34\x38\x34\x38\x2C\x38\x2C\x38\x2C\x38\x2C\x38\x2C\x38\x2C\x38\x2C\x38\x2C\x38" +
	"\x2C\x38\x2C\x38\x2C\x38\x2C\x38\x2C\x38\x2C\x38\x2C\x38\x2C\x38\x2C\x38\x2C\x38\x2C\x38\x34\x38\x34\x38\x34\x38\x2C\x38\x2C\x38" +
	"\x2C\x38\x2C\x38\x2C\x58\x2C\x58\x2C\x58\x2C\x38\x2C\x58\x2C\x58\x2C\x58\x2C\x58\x2C\x58\x2C\x58\x2C\x58\x2C\x58\x2C\x58\x2C\x58" +
	"\x33\xD6\x33\xD6\x33\xD6\x33\xD6\x33\xD6\x33\xD6\x33\xD6\x33\xD6\x33\xD6\x33\xD6\x33\xD6\x33\xD6\x33\xD6\x33\xD6\x33\xD6\x33\xD6" +
	"\x33\xD6\x33\xD6\x33\xD6\x33\xD6\x33\xD6\x33\xD6\x33\xD6\x33\xD6\x33\xD6\x33\xD6\x33\xD6\x33\xD6\x33\xD6\x33\xD6\x33\xD6\x33\xD6" +
	"\x33\xD6\x33\xD6\x33\xD6\x33\xD6\x33\xD7\x33\xD6\x33\xD6\x33\xD6\x33\xD7\x33\xD7\x33\xD7\x33\xD7\x33\xD7\x33\xD7\x33\xD7\x33\xD7" +
	"\x33\xD7\x33\xD7\x33\xD7\x33\xD7\x33\xD7\x33\xD7\x33\xD7\x33\xD7\x33\xF7\x33\xF7\x33\xF7\x33\xF7\x33\xF7\x3B\xF7\x3B\xF7\x33\xF7" +
	"\x3B\xF7\x3B\xF7\x3B\xF7\x3B\xF7\x3B\xF7\x3B\xF7\x3B\xF7\x3B\xF7\x3B\xF7\x3B\xF7\x3B\xF7\x3B\xF7\x3B\xF7\x3C\x17\x3C\x17\x3C\x17" +
	"\x3C\x17\x3C\x17\x3C\x17\x3C\x17\x3C\x17\x3C\x17\x34\x17\x3C\x17\x3C\x17\x3C\x17\x3C\x17\x3C\x17\x3C\x17\x3C\x17\x3B\xF7\x3C\x17" +
	"\x3B\xF7\x3B\xF7\x3B\xF7\x33\xF7\x33\xF7\x33\xF7\x33\xF7\x33\xF7\x33\xF7\x33\xF7\x33\xF7\x33\xF7\x33\xF7\x33\xF7\x33\xF7\x33\xF7" +
	"\x33\xF7\x34\x17\x34\x18\x34\x38\x34\x38\x34\x38\x34\x38\x34\x38\x34\x38\x34\x38\x34\x38\x34\x38\x34\x38\x34\x38\x34\x38\x34\x38" +
	"\x34\x38\x34\x38\x34\x38\x34\x18\x34\x17\x34\x17\x34\x17\x34\x17\x3B\xF7\x3B\xF7\x3B\xF7\x3B\xF7\x3B\xF7\x3B\xF7\x3B\xF7\x3B\xF7" +
	"\x3B\xF7\x3B\xF7\x3B\xF7\x3B\xF7\x3B\xF7\x3B\xF7\x3B\xF7\x3B\xF7\x3B\xF7\x3B\xF7\x3B\xF7\x3B\xF7\x3B\xF7\x3B\xF7\x33\xF7\x33\xF7" +
	"\x33\xF7\x34\x17\x34\x17\x3C\x18\x3C\x18\x3C\x18\x34\x17\x34\x17\x34\x17\x34\x17\x34\x17\x34\x17\x34\x17\x34\x17\x34\x17\x34\x17" +
	"\x34\x17\x34\x17\x34\x18\x34\x18\x34\x18\x34\x18\x34\x18\x34\x38\x34\x38\x34\x37\x34\x17\x34\x38\x34\x18\x34\x18\x34\x18\x34\x38" +
	"\x34\x38\x34\x38\x34\x38\x34\x38\x34\x38\x34\x38\x34\x38\x34\x38\x34\x38\x34\x38\x2C\x38\x2C\x38\x34\x38\x34\x38\x2C\x38\x2C\x38" +
	"\x2C\x38\x2C\x38\x2C\x38\x2C\x38\x2C\x38\x2C\x38\x2C\x38\x2C\x38\x2C\x38\x2C\x38\x2C\x38\x2C\x38\x2C\x38\x34\x38\x34\x38\x2C\x38" +
	"\x2C\x38\x2C\x38\x2C\x38\x2C\x38\x2C\x58\x2C\x38\x2C\x58\x2C\x58\x2C\x58\x2C\x58\x2C\x58\x2C\x58\x2C\x58\x2C\x58\x2C\x58\x2C\x58" +
	"\x33\xD6\x33\xD6\x33\xD6\x33\xD6\x33\xD6\x33\xD6\x33\xD6\x33\xD6\x33\xD6\x33\xD6\x33\xD6\x33\xD6\x33\xD6\x33\xD6\x33\xD6\x33\xD6" +
	"\x33\xD6\x33\xD6\x33\xD6\x33\xD6\x33\xD6\x33\xD6\x33\xD6\x33\xD6\x33\xD6\x33\xD6\x33\xD6\x33\xD6\x33\xD6\x33\xD6\x33\xD6\x33\xD6" +
	"\x33\xD6\x33\xD6\x33\xD6\x33\xD6\x33\xD6\x33\xD6\x33\xD6\x33\xD6\x33\xD6\x33\xD6\x33\xD7\x33\xD7\x33\xD7\x33\xD7\x33\xD7\x33\xD7" +
	"\x33\xD7\x33\xD7\x33\xD7\x33\xD7\x33\xD7\x33\xD7\x33\xD7\x33\xD7\x33\xD7\x33\xF7\x33\xF7\x33\xF7\x33\xF7\x33\xF7\x33\xF7\x33\xF7" +
	"\x3B\xF7\x3B\xF7\x3B\xF7\x3B\xF7\x3B\xF7\x3B\xF7\x3B\xF7\x3B\xF7\x3B\xF7\x3B\xF7\x3B\xF7\x3B\xF7\x3B\xF7\x3B\xF7\x3B\xF7\x3B\xF7" +
	"\x3B\xF7\x3B\xF7\x3B\xF7\x3B\xF7\x3B\xF7\x33\xF7\x33\xF7\x3B\xF7\x3B\xF7\x3B\xF7\x3B\xF7\x3B\xF7\x3B\xF7\x3B\xF7\x33\xF7\x33\xF7" +
	"\x33\xF7\x33\xF7\x33\xF7\x33\xF7\x33\xF7\x33\xF7\x33\xF7\x33\xF7\x33\xF7\x33\xF7\x33\xF7\x33\xF7\x33\xF7\x33\xF7\x33\xF7\x33\xF7" +
	"\x33\xF7\x33\xF7\x34\x17\x34\x17\x34\x38\x34\x38\x34\x38\x34\x38\x34\x38\x34\x38\x34\x38\x34\x38\x34\x38\x34\x38\x34\x38\x34\x38" +
	"\x34\x37\x3C\x17\x3B\xF7\x34\x17\x34\x18\x34\x17\x34\x17\x3B\xF7\x3B\xF7\x3B\xF7\x3B\xF7\x3B\xF7\x3B\xF7\x3B\xF7\x3B\xF7\x3B\xF7" +
	"\x3B\xF7\x3B\xF7\x3B\xF7\x3B\xF7\x3B\xF7\x33\xF7\x3B\xF7\x3B\xF7\x3B\xF7\x3B\xF7\x3B\xF7\x3B\xF7\x3B\xF7\x3B\xF7\x3B\xF7\x3B\xF7" +
	"\x33\xF7\x33\xF7\x3B\xF7\x34\x17\x3C\x18\x3C\x18\x3C\x18\x34\x18\x34\x17\x34\x17\x34\x17\x34\x17\x34\x17\x34\x17\x34\x17\x34\x17" +
	"\x34\x17\x34\x17\x34\x17\x34\x18\x34\x18\x34\x18\x34\x18\x34\x18\x34\x18\x34\x18\x34\x17\x34\x37\x34\x17\x34\x38\x34\x38\x34\x38" +
	"\x34\x38\x34\x38\x34\x38\x34\x38\x34\x38\x34\x38\x34\x38\x34\x38\x34\x38\x34\x38\x34\x38\x34\x38\x34\x38\x2C\x38\x2C\x38\x2C\x38" +
	"\x2C\x38\x34\x38\x2C\x38\x2C\x38\x2C\x38\x2C\x38\x2C\x38\x2C\x38\x2C\x38\x2C\x38\x2C\x38\x2C\x38\x2C\x38\x2C\x38\x2C\x38\x34\x38" +
	"\x34\x38\x2C\x38\x2C\x38\x2C\x38\x2C\x38\x2C\x58\x2C\x58\x2C\x38\x2C\x58\x2C\x58\x2C\x58\x2C\x58\x2C\x58\x2C\x58\x2C\x58\x2C\x58" +
	"\x33\xD6\x33\xD6\x33\xD6\x33\xD6\x33\xD6\x33\xD6\x33\xD6\x33\xD6\x33\xD6\x33\xD6\x33\xD6\x33\xD6\x33\xD6\x33\xD6\x33\xD6\x33\xD6" +
	"\x33\xD6\x33\xD6\x33\xD6\x33\xD6\x33\xD6\x33\xD6\x33\xD6\x33\xD6\x33\xD6\x33\xD6\x33\xD6\x33\xD6\x33\xD6\x33\xD6\x33\xD6\x33\xD6" +
	"\x33\xD6\x33\xD6\x33\xD6\x33\xD6\x33\xD6\x33\xD6\x33\xD6\x33\xD6\x33\xD6\x33\xD6\x33\xD7\x33\xD7\x33\xD7\x33\xD7\x33\xD7\x33\xD7" +
	"\x33\xD7\x33\xD7\x33\xD7\x33\xD7\x33\xD7\x33\xD7\x33\xD7\x33\xD7\x33\xD7\x33\xD7\x33\xF7\x33\xF7\x33\xF7\x33\xF7\x33\xF7\x33\xF7" +
	"\x33\xF7\x33\xF7\x33\xF7\x3B\xF7\x3B\xF7\x3B\xF7\x3B\xF7\x3B\xF7\x3B\xF7\x3B\xF7\x33\xF7\x3B\xF7\x3B\xF7\x3B\xF7\x3B\xF7\x3B\xF7" +
	"\x3B\xF7\x3B\xF7\x3B\xF7\x3B\xF7\x3B\xF7\x33\xF7\x33\xF7\x33\xF7\x33\xF7\x33\xF7\x33\xF7\x33\xF7\x33\xF7\x33\xF7\x33\xF7\x33\xD7" +
	"\x33\xD7\x33\xD7\x33\xD7\x33\xF7\x33\xF7\x33\xF7\x33\xF7\x33\xF7\x33\xF7\x33\xF7\x33\xF7\x33\xF7\x33\xF7\x33\xF7\x33\xF7\x33\xF7" +
	"\x33\xF7\x33\xF7\x33\xF7\x33\xF7\x34\x17\x3C\x17\x34\x18\x34\x38\x34\x38\x34\x38\x34\x38\x34\x38\x34\x38\x34\x17\x3C\x17\x3B\xF7" +
	"\x3B\xF7\x3B\xF7\x3B\xF7\x3B\xF7\x3B\xF7\x3B\xF7\x3B\xF7\x3B\xF7\x3B\xF7\x3B\xF7\x3B\xF7\x3B\xF7\x3B\xF7\x3B\xF7\x3B\xF7\x3B\xF7" +
	"\x3B\xF7\x3B\xF7\x3B\xF7\x3B\xF7\x3B\xF7\x3B\xF7\x3B\xF7\x3B\xF7\x3B\xF7\x3B\xF7\x3B\xF7\x3B\xF7\x3B\xF7\x3B\xF7\x3B\xF7\x3B\xF7" +
	"\x3B\xF7\x3B\xF7\x3B\xF7\x3B\xF7\x34\x17\x34\x17\x3C\x18\x3C\x18\x3C\x18\x34\x18\x34\x17\x34\x17\x34\x17\x34\x17\x34\x17\x34\x17" +
	"\x34\x17\x34\x17\x34\x17\x34\x18\x34\x18\x34\x18\x34\x18\x34\x18\x34\x18\x34\x17\x34\x18\x34\x38\x34\x17\x34\x37\x34\x17\x34\x18" +
	"\x34\x38\x34\x38\x34\x38\x34\x38\x34\x38\x34\x38\x34\x38\x34\x38\x34\x38\x34\x38\x34\x38\x34\x38\x34\x38\x34\x38\x2C\x38\x2C\x38" +
	"\x2C\x38\x2C\x38\x2C\x38\x2C\x38\x2C\x38\x2C\x38\x2C\x58\x2C\x38\x2C\x38\x2C\x38\x2C\x38\x2C\x38\x2C\x38\x2C\x38\x2C\x38\x2C\x38" +
	"\x2C\x38\x34\x38\x34\x38\x2C\x38\x2C\x38\x2C\x38\x2C\x38\x2C\x58\x2C\x58\x2C\x38\x34\x58\x2C\x58\x2C\x58\x2C\x58\x2C\x58\x2C\x58" +
	"\x33\xD6\x33\xD6\x33\xD6\x33\xD6\x33\xD6\x33\xD6\x33\xD6\x33\xD6\x33\xD6\x33\xD6\x33\xD6\x33\xD6\x33\xD6\x33\xD6\x33\xD6\x33\xD6" +
	"\x33\xD6\x33\xD6\x33\xD6\x33\xD6\x33\xD6\x33\xD6\x33\xD6\x33\xD6\x33\xD6\x33\xD6\x33\xD6\x33\xD6\x33\xD6\x33\xD6\x33\xD6\x33\xD6" +
	"\x33\xD6\x33\xD6\x33\xD6\x33\xD6\x33\xD6\x33\xD6\x33\xD6\x33\xD7\x33\xD6\x33\xD6\x33\xD6\x33\xD7\x33\xD7\x33\xD7\x33\xD7\x33\xD7" +
	"\x33\xD7\x33\xD7\x33\xD7\x33\xD7\x33\xD7\x33\xD7\x33\xD7\x33\xD7\x33\xD7\x33\xD7\x33\xD7\x33\xD7\x33\xF7\x33\xF7\x33\xF7\x33\xF7" +
	"\x3B\xF7\x33\xF7\x33\xF7\x33\xF7\x33\xF7\x33\xF7\x33\xF7\x3B\xF7\x33\xF7\x33\xF7\x33\xF7\x33\xF7\x3B\xF7\x33\xF7\x33\xF7\x33\xF7" +
	"\x33\xF7\x3B\xF7\x33\xF7\x33\xF7\x33\xF7\x33\xF7\x33\xF7\x33\xF7\x33\xF7\x33\xF7\x33\xD7\x33\xD7\x33\xD7\x33\xD7\x33\xD7\x33\xD7" +
	"\x33\xF7\x33\xF7\x33\xD7\x33\xF7\x33\xD7\x33\xF7\x33\xF7\x33\xF7\x33\xF7\x33\xF7\x33\xF7\x33\xF7\x33\xF7\x33\xF7\x33\xF7\x33\xF7" +
	"\x33\xF7\x33\xF7\x33\xF7\x33\xF7\x33\xF7\x33\xF7\x3B\xF7\x3B\xF7\x33\xF7\x3B\xF7\x3B\xF7\x3B\xF7\x3B\xF7\x33\xF7\x3B\xF7\x3B\xF7" +
	"\x3B\xF7\x3B\xF7\x3B\xF7\x33\xF7\x3B\xF7\x3B\xF7\x3B\xF7\x3B\xF7\x3B\xF7\x3B\xF7\x3B\xF7\x3B\xF7\x3B\xF7\x3B\xF7\x3B\xF7\x3B\xF7" +
	"\x3B\xF7\x3B\xF7\x3B\xF7\x3B\xF7\x3B\xF7\x3B\xF7\x3B\xF7\x3B\xF7\x33\xF7\x3B\xF7\x3B\xF7\x3B\xF7\x3B\xF7\x3B\xF7\x3B\xF7\x3B\xF7" +
	"\x3B\xF7\x3B\xF7\x3B\xF7\x3B\xF7\x3B\xF7\x33\xF7\x34\x17\x34\x17\x3C\x18\x3C\x18\x3C\x18\x34\x17\x34\x17\x34\x17\x34\x17\x34\x17" +
	"\x34\x17\x34\x17\x34\x17\x34\x17\x34\x17\x34\x17\x34\x17\x34\x17\x34\x17\x34\x17\x34\x17\x34\x18\x34\x38\x34\x38\x34\x38\x34\x37" +
	"\x34\x17\x34\x37\x34\x38\x34\x38\x34\x18\x34\x38\x34\x38\x34\x38\x34\x38\x34\x38\x34\x38\x34\x38\x34\x38\x34\x38\x34\x38\x2C\x38" +
	"\x2C\x38\x2C\x38\x34\x38\x2C\x38\x2C\x38\x2C\x38\x2C\x38\x2C\x38\x2C\x38\x2C\x38\x2C\x38\x2C\x38\x2C\x38\x2C\x38\x2C\x38\x2C\x38" +
	"\x2C\x38\x2C\x38\x2C\x38\x34\x38\x34\x38\x2C\x38\x2C\x38\x2C\x38\x2C\x38\x2C\x58\x2C\x58\x2C\x38\x2C\x38\x34\x58\x2C\x58\x2C\x58" +
	"\x33\xD6\x33\xD6\x33\xD6\x33\xD6\x33\xD6\x33\xD6\x33\xD6\x33\xD6\x33\xD6\x33\xD6\x33\xD6\x33\xD6\x33\xD6\x33\xD6\x33\xD6\x33\xD6" +
	"\x33\xD6\x33\xD6\x33\xD6\x33\xD6\x33\xD6\x33\xD6\x33\xD6\x33\xD6\x33\xD6\x33\xD6\x33\xD6\x33\xD6\x33\xD6\x33\xD6\x33\xD6\x33\xD6" +
	"\x33\xD6\x33\xD6\x33\xD6\x33\xD6\x33\xD6\x33\xD6\x33\xD6\x33\xD6\x33\xD6\x33\xD6\x33\xD6\x33\xD6\x33\xD7\x33\xD7\x33\xD7\x33\xD7" +
	"\x33\xD7\x33\xD7\x33\xD7\x33\xD7\x33\xD7\x33\xD7\x33\xD7\x33\xD7\x33\xD7\x33\xD7\x33\xD7\x33\xD7\x33\xD7\x33\xD7\x33\xF7\x33\xF7" +
	"\x33\xF7\x33\xF7\x33\xF7\x3B\xF7\x33\xF7\x33\xF7\x33\xF7\x33\xF7\x33\xF7\x33\xF7\x33\xF7\x33\xF7\x33\xF7\x33\xF7\x33\xF7\x33\xF7" +
	"\x33\xF7\x33\xF7\x33\xF7\x33\xF7\x33\xD7\x33\xD7\x33\xD7\x33\xD7\x33\xD7\x33\xD7\x33\xD7\x33\xD7\x33\xD7\x33\xD7\x33\xD7\x33\xD7" +
	"\x33\xD7\x33\xD7\x33\xD7\x33\xD7\x33\xD7\x33\xD7\x33\xF7\x33\xF7\x33\xF7\x33\xF7\x33\xF7\x33\xF7\x33\xF7\x33\xF7\x33\xF7\x33\xF7" +
	"\x33\xF7\x33\xF7\x33\xF7\x33\xF7\x33\xF7\x33\xF7\x33\xF7\x33\xF7\x33\xF7\x33\xF7\x33\xF7\x33\xF7\x3B\xF7\x3B\xF7\x3B\xF7\x33\xF7" +
	"\x33\xF7\x3B\xF7\x3B\xF7\x33\xF7\x3B\xF7\x3B\xF7\x33\xF7\x3B\xF7\x3B\xF7\x3B\xF7\x3B\xF7\x3B\xF7\x3B\xF7\x3B\xF7\x3B\xF7\x3B\xF7" +
	"\x3B\xF7\x3B\xF7\x3B\xF7\x3B\xF7\x3B\xF7\x3B\xF7\x3B\xF7\x3B\xF7\x3B\xF7\x33\xF7\x33\xF7\x3B\xF7\x3B\xF7\x3B\xF7\x3B\xF7\x3B\xF7" +
	"\x3B\xF7\x3B\xF7\x3B\xF7\x3B\xF7\x3B\xF7\x3B\xF7\x3B\xF7\x34\x17\x34\x17\x34\x18\x3C\x18\x3C\x18\x34\x17\x34\x17\x34\x17\x34\x17" +
	"\x34\x17\x34\x17\x34\x17\x34\x17\x34\x17\x34\x17\x34\x17\x34\x17\x34\x17\x34\x18\x34\x18\x34\x18\x34\x18\x34\x18\x34\x18\x34\x37" +
	"\x34\x37\x34\x37\x34\x38\x34\x38\x34\x38\x34\x38\x34\x38\x34\x38\x34\x38\x34\x38\x34\x38\x34\x38\x34\x38\x34\x38\x34\x38\x34\x38" +
	"\x34\x38\x2C\x38\x2C\x38\x34\x38\x2C\x38\x2C\x38\x2C\x38\x2C\x38\x2C\x38\x2C\x38\x2C\x58\x2C\x58\x2C\x38\x2C\x38\x2C\x38\x2C\x38" +
	"\x2C\x38\x2C\x38\x2C\x38\x2C\x38\x2C\x38\x34\x38\x34\x38\x2C\x38\x2C\x38\x34\x38\x34\x38\x2C\x58\x2C\x58\x2C\x58\x2C\x58\x2C\x58" +
	"\x33\xD6\x33\xD6\x33\xD6\x33\xD6\x33\xD6\x33\xD6\x33\xD6\x33\xD6\x33\xD6\x33\xD6\x33\xD6\x33\xD6\x33\xD6\x33\xD6\x33\xD6\x33\xD6" +
	"\x33\xD6\x33\xD6\x33\xD6\x33\xD6\x33\xD6\x33\xD6\x33\xD6\x33\xD6\x33\xD6\x33\xD6\x33\xD6\x33\xD6\x33\xD6\x33\xD6\x33\xD6\x33\xD6" +
	"\x33\xD6\x33\xD6\x33\xD6\x33\xD6\x33\xD6\x33\xD6\x33\xD6\x33\xD6\x33\xD6\x33\xD6\x33\xD6\x33\xD6\x33\xD6\x33\xD7\x33\xD7\x33\xD7" +
	"\x33\xD7\x33\xD7\x33\xD7\x33\xD7\x33\xD7\x33\xD7\x33\xD7\x33\xD7\x33\xD7\x33\xD7\x33\xD7\x33\xD7\x33\xD7\x33\xD7\x33\xD7\x33\xD7" +
	"\x33\xD7\x33\xD7\x33\xF7\x33\xD7\x33\xF7\x33\xF7\x33\xF7\x33\xF7\x33\xF7\x33\xF7\x33\xF7\x33\xF7\x33\xF7\x33\xD7\x33\xD7\x33\xD7" +
	"\x33\xD7\x33\xD7\x33\xD7\x33\xD7\x33\xD7\x33\xD7\x33\xD7\x33\xD7\x33\xD7\x33\xD7\x33\xD7\x33\xD7\x33\xD7\x33\xD7\x33\xD7\x33\xD7" +
	"\x33\xD7\x33\xD7\x33\xD7\x33\xD7\x33\xD7\x33\xD7\x33\xD7\x33\xD7\x33\xF7\x33\xF7\x33\xF7\x33\xF7\x33\xF7\x33\xF7\x33\xF7\x33\xF7" +
	"\x33\xF7\x33\xF7\x33\xD7\x33\xD7\x33\xD7\x33\xD7\x33\xD7\x33\xD7\x33\xD7\x33\xF7\x33\xF7\x3B\xF7\x33\xF7\x33\xF7\x33\xF7\x33\xF7" +
	"\x33\xF7\x33\xF7\x33\xF7\x3B\xF7\x3B\xF7\x33\xF7\x3B\xF7\x3B\xF7\x3B\xF7\x3B\xF7\x3B\xF7\x3B\xF7\x3B\xF7\x3B\xF7\x3B\xF7\x3B\xF7" +
	"\x3B\xF7\x3B\xF7\x3B\xF7\x3B\xF7\x3B\xF7\x3B\xF7\x3B\xF7\x3B\xF7\x3B\xF7\x3B\xF7\x3B\xF7\x33\xF7\x3B\xF7\x3B\xF7\x3B\xF7\x3B\xF7" +
	"\x3B\xF7\x3B\xF7\x3B\xF7\x3B\xF7\x3B\xF7\x33\xF7\x3B\xF7\x3B\xF7\x3B\xF7\x34\x17\x34\x18\x3C\x18\x3C\x18\x34\x17\x34\x17\x34\x17" +
	"\x34\x17\x34\x17\x34\x17\x34\x17\x34\x17\x34\x17\x34\x17\x34\x17\x34\x17\x34\x18\x34\x18\x34\x18\x34\x18\x34\x18\x34\x18\x34\x17" +
	"\x34\x37\x34\x38\x34\x37\x34\x17\x34\x38\x34\x38\x34\x18\x34\x18\x34\x38\x34\x38\x34\x38\x34\x38\x34\x38\x34\x38\x34\x38\x34\x38" +
	"\x34\x38\x34\x38\x34\x38\x2C\x38\x2C\x38\x2C\x38\x2C\x38\x34\x38\x2C\x38\x2C\x38\x2C\x38\x2C\x38\x2C\x38\x2C\x38\x2C\x38\x2C\x38" +
	"\x2C\x38\x2C\x38\x2C\x38\x2C\x38\x2C\x38\x2C\x38\x34\x38\x34\x38\x2C\x38\x34\x38\x34\x38\x34\x38\x34\x38\x34\x58\x2C\x58\x2C\x58" +
	"\x33\xD6\x33\xD6\x33\xD6\x33\xD6\x33\xD6\x33\xD6\x33\xD6\x33\xD6\x33\xD6\x33\xD6\x33\xD6\x33\xD6\x33\xD6\x33\xD6\x33\xD6\x33\xD6" +
	"\x33\xD6\x33\xD6\x33\xD6\x33\xD6\x33\xD6\x33\xD6\x33\xD6\x33\xD6\x33\xD6\x33\xD6\x33\xD6\x33\xD6\x33\xD6\x33\xD6\x33\xD6\x33\xD6" +
	"\x33\xD6\x33\xD6\x33\xD6\x33\xD6\x33\xD6\x33\xD6\x33\xD6\x33\xD6\x33\xD6\x33\xD6\x33\xD6\x33\xD6\x33\xD6\x33\xD7\x33\xD7\x33\xD7" +
	"\x33\xD7\x33\xD7\x33\xD7\x33\xD7\x33\xD7\x33\xD7\x33\xD7\x33\xD7\x33\xD7\x33\xD7\x33\xD7\x33\xD7\x33\xD7\x33\xD7\x33\xD7\x33\xD7" +
	"\x33\xD7\x33\xD7\x33\xD7\x33\xD7\x33\xD7\x33\xD7\x33\xD7\x33\xD7\x33\xD7\x33\xD7\x33\xD7\x33\xD7\x33\xD7\x33\xD7\x33\xD7\x33\xD7" +
	"\x33\xD7\x33\xD7\x33\xD7\x33\xD7\x33\xD7\x33\xD7\x33\xD7\x33\xD7\x33\xD7\x33\xD7\x33\xD7\x33\xD7\x33\xD7\x33\xD7\x33\xD7\x33\xD7" +
	"\x33\xD7\x33\xD7\x33\xD7\x33\xD7\x33\xD7\x33\xD7\x33\xD7\x33\xD7\x33\xD7\x33\xD7\x33\xF7\x33\xF7\x33\xD7\x33\xD7\x33\xD7\x33\xD7" +
	"\x33\xD7\x33\xD7\x33\xF7\x33\xD7\x33\xD7\x33\xD7\x33\xD7\x33\xD7\x33\xD7\x33\xD7\x33\xF7\x33\xD7\x3B\xF7\x33\xF7\x33\xF7\x33\xF7" +
	"\x33\xF7\x33\xF7\x33\xF7\x33\xF7\x3B\xF7\x33\xF7\x33\xF7\x33\xF7\x3B\xF7\x3B\xF7\x3B\xF7\x3B\xF7\x3B\xF7\x3B\xF7\x3B\xF7\x3B\xF7" +
	"\x3B\xF7\x3B\xF7\x3B\xF7\x3B\xF7\x3B\xF7\x3B\xF7\x3B\xF7\x3B\xF7\x3B\xF7\x3B\xF7\x3B\xF7\x3B\xF7\x33\xF7\x3B\xF7\x3B\xF7\x3B\xF7" +
	"\x3B\xF7\x3B\xF7\x3B\xF7\x3B\xF7\x3B\xF7\x3B\xF7\x3B\xF7\x3B\xF7\x33\xF7\x3B\xF7\x3B\xF7\x34\x17\x3C\x18\x34\x17\x34\x17\x34\x17" +
	"\x34\x17\x34\x17\x34\x17\x34\x17\x34\x17\x34\x17\x34\x17\x34\x17\x34\x17\x34\x17\x34\x17\x34\x17\x34\x17\x34\x17\x34\x17\x34\x18" +
	"\x34\x18\x34\x17\x34\x38\x34\x37\x34\x38\x34\x18\x34\x38\x34\x38\x34\x38\x34\x18\x34\x38\x34\x38\x34\x38\x34\x38\x34\x38\x34\x38" +
	"\x34\x38\x34\x38\x34\x38\x34\x38\x34\x38\x2C\x38\x2C\x38\x34\x38\x2C\x38\x2C\x38\x2C\x38\x2C\x38\x2C\x38\x2C\x38\x2C\x38\x2C\x38" +
	"\x2C\x38\x2C\x38\x2C\x38\x2C\x38\x2C\x38\x2C\x38\x2C\x38\x2C\x38\x2C\x38\x34\x38\x34\x38\x34\x38\x34\x38\x34\x38\x2C\x58\x2C\x58" +
	"\x33\xD6\x33\xD6\x33\xD6\x33\xD6\x33\xD6\x33\xD6\x33\xD6\x33\xD6\x33\xD6\x33\xD6\x33\xD6\x33\xD6\x33\xD6\x33\xD6\x33\xD6\x33\xD6" +
	"\x33\xD6\x33\xD6\x33\xD6\x33\xD6\x33\xD6\x33\xD6\x33\xD6\x33\xD6\x33\xD6\x33\xD6\x33\xD6\x33\xD6\x33\xD6\x33\xD6\x33\xD6\x33\xD6" +
	"\x33\xD6\x33\xD6\x33\xD6\x33\xD6\x33\xD6\x33\xD6\x33\xD6\x33\xD6\x33\xD6\x33\xD6\x33\xD6\x33\xD6\x33\xD6\x33\xD7\x33\xD7\x33\xD7" +
	"\x33\xD7\x33\xD7\x33\xD7\x33\xD7\x33\xD7\x33\xD7\x33\xD7\x33\xD7\x33\xD7\x33\xD7\x33\xD7\x33\xD7\x33\xD7\x33\xD7\x33\xD7\x33\xD7" +
	"\x33\xD7\x33\xD7\x33\xD7\x33\xD7\x33\xD7\x33\xD7\x33\xD7\x33\xD7\x33\xD7\x33\xD7\x33\xD7\x33\xD7\x33\xD7\x33\xD7\x33\xD7\x33\xD7" +
	"\x33\xD7\x33\xD7\x33\xD7\x33\xD7\x33\xD7\x33\xD7\x33\xD7\x33\xD7\x33\xD7\x33\xD7\x33\xD7\x33\xD7\x33\xD7\x33\xD7\x33\xD7\x33\xD7" +
	"\x33\xD7\x33\xD7\x33\xD7\x33\xD7\x33\xD7\x33\xD7\x33\xD7\x33\xD7\x33\xD7\x33\xD7\x33\xD7\x33\xD7\x33\xD7\x33\xD7\x33\xD7\x33\xD7" +
	"\x33\xD7\x33\xD7\x33\xD7\x33\xD7\x33\xD7\x33\xD7\x33\xD7\x33\xD7\x33\xD7\x33\xD7\x33\xD7\x33\xD7\x33\xF7\x3B\xF7\x3B\xF7\x33\xF7" +
	"\x33\xF7\x33\xF7\x33\xF7\x33\xF7\x33\xF7\x33\xF7\x33\xF7\x33\xF7\x33\xF7\x3B\xF7\x3B\xF7\x3B\xF7\x3B\xF7\x3B\xF7\x3B\xF7\x3B\xF7" +
	"\x3B\xF7\x3B\xF7\x3B\xF7\x3B\xF7\x3B\xF7\x3B\xF7\x3B\xF7\x3B\xF7\x3B\xF7\x3B\xF7\x3B\xF7\x3B\xF7\x3B\xF7\x3B\xF7\x33\xF7\x3B\xF7" +
	"\x3B\xF7\x3B\xF7\x3B\xF7\x3B\xF7\x3B\xF7\x3B\xF7\x3B\xF7\x3B\xF7\x3B\xF7\x3B\xF7\x3B\xF7\x33\xF7\x34\x17\x34\x17\x34\x17\x34\x17" +
	"\x34\x17\x34\x17\x34\x17\x34\x17\x34\x17\x34\x17\x34\x17\x34\x17\x34\x17\x34\x17\x34\x17\x34\x17\x34\x17\x34\x17\x34\x17\x34\x18" +
	"\x34\x18\x34\x18\x34\x18\x34\x38\x34\x38\x34\x18\x34\x18\x34\x18\x34\x18\x34\x18\x34\x18\x34\x38\x34\x38\x34\x38\x34\x38\x34\x38" +
	"\x34\x38\x34\x38\x34\x38\x34\x38\x34\x38\x34\x38\x2C\x38\x2C\x38\x2C\x38\x2C\x38\x2C\x38\x2C\x38\x2C\x38\x34\x38\x2C\x38\x2C\x38" +
	"\x2C\x38\x2C\x38\x2C\x38\x2C\x38\x2C\x38\x2C\x38\x2C\x38\x2C\x38\x2C\x38\x2C\x38\x34\x38\x34\x38\x34\x38\x34\x38\x34\x38\x34\x38" +
	"\x33\xD6\x33\xD6\x33\xD6\x33\xD6\x33\xD6\x33\xD6\x33\xD6\x33\xD6\x33\xD6\x33\xD6\x33\xD6\x33\xD6\x33\xD6\x33\xD6\x33\xD6\x33\xD6" +
	"\x33\xD6\x33\xD6\x33\xD6\x33\xD6\x33\xD6\x33\xD6\x33\xD6\x33\xD6\x33\xD6\x33\xD6\x33\xD6\x33\xD6\x33\xD6\x33\xD6\x33\xD6\x33\xD6" +
	"\x33\xD6\x33\xD6\x33\xD6\x33\xD6\x33\xD6\x33\xD6\x33\xD6\x33\xD6\x33\xD6\x33\xD6\x33\xD6\x33\xD6\x33\xD6\x33\xD6\x33\xD7\x33\xD7" +
	"\x33\xD7\x33\xD7\x33\xD7\x33\xD7\x33\xD7\x33\xD7\x33\xD7\x33\xD7\x33\xD7\x33\xD7\x33\xD7\x33\xD7\x33\xD7\x33\xD7\x33\xD7\x33\xD7" +
	"\x33\xD7\x33\xD7\x33\xD7\x33\xD7\x33\xD7\x33\xD7\x33\xD7\x33\xD7\x33\xD7\x33\xD7\x33\xD7\x33\xD7\x33\xD7\x33\xD7\x33\xD7\x33\xD7" +
	"\x33\xD7\x33\xD7\x33\xD7\x33\xD7\x33\xD7\x33\xD7\x33\xD7\x33\xD7\x33\xD7\x33\xD7\x33\xD7\x33\xD7\x33\xD7\x33\xD7\x33\xD7\x33\xD7" +
	"\x33\xD7\x33\xD7\x33\xD7\x33\xD7\x33\xD7\x33\xD7\x33\xD7\x33\xD7\x33\xD7\x33\xD7\x33\xD7\x33\xD7\x33\xD7\x33\xD7\x33\xD7\x33\xD7" +
	"\x33\xD7\x33\xD7\x33\xD7\x33\xD7\x33\xD7\x33\xD7\x33\xD7\x33\xD7\x33\xD7\x33\xD7\x33\xD7\x33\xD7\x33\xD7\x33\xF7\x33\xF7\x33\xF7" +
	"\x33\xF7\x33\xF7\x33\xF7\x33\xF7\x33\xF7\x33\xF7\x33\xF7\x33\xF7\x33\xF7\x33\xF7\x33\xF7\x3B\xF7\x3B\xF7\x3B\xF7\x3B\xF7\x3B\xF7" +
	"\x3B\xF7\x3B\xF7\x3B\xF7\x3B\xF7\x3B\xF7\x3B\xF7\x3B\xF7\x3B\xF7\x3B\xF7\x3B\xF7\x3B\xF7\x3B\xF7\x3B\xF7\x3B\xF7\x3B\xF7\x3B\xF7" +
	"\x3B\xF7\x3B\xF7\x3B\xF7\x3B\xF7\x3B\xF7\x3B\xF7\x3B\xF7\x3B\xF7\x3B\xF7\x3B\xF7\x33\xF7\x33\xF7\x3C\x17\x34\x17\x34\x17\x34\x17" +
	"\x34\x17\x34\x17\x34\x17\x34\x17\x34\x17\x34\x17\x34\x17\x34\x17\x34\x17\x34\x17\x34\x17\x34\x17\x34\x17\x34\x17\x34\x17\x34\x18" +
	"\x34\x18\x34\x18\x34\x17\x34\x38\x34\x38\x34\x18\x34\x18\x34\x18\x34\x18\x34\x18\x34\x18\x34\x38\x34\x18\x34\x38\x34\x38\x34\x38" +
	"\x34\x38\x34\x38\x34\x38\x34\x38\x34\x38\x34\x38\x34\x38\x34\x38\x2C\x38\x34\x38\x2C\x38\x2C\x38\x2C\x38\x2C\x38\x2C\x38\x2C\x38" +
	"\x2C\x38\x2C\x58\x2C\x38\x2C\x38\x2C\x38\x2C\x38\x2C\x38\x2C\x38\x2C\x38\x2C\x38\x2C\x38\x34\x38\x34\x38\x34\x38\x34\x38\x34\x38" +
	"\x33\xD6\x33\xD6\x33\xD6\x33\xD6\x33\xD6\x33\xD6\x33\xD6\x33\xD6\x33\xD6\x33\xD6\x33\xD6\x33\xD6\x33\xD6\x33\xD6\x33\xD6\x33\xD6" +
	"\x33\xD6\x33\xD6\x33\xD6\x33\xD6\x33\xD6\x33\xD6\x33\xD6\x33\xD6\x33\xD6\x33\xD6\x33\xD6\x33\xD6\x33\xD6\x33\xD6\x33\xD6\x33\xD6" +
	"\x33\xD6\x33\xD6\x33\xD6\x33\xD6\x33\xD6\x33\xD6\x33\xD6\x33\xD6\x33\xD6\x33\xD6\x33\xD6\x33\xD6\x33\xD6\x33\xD6\x33\xD6\x33\xD7" +
	"\x33\xD7\x33\xD7\x33\xD7\x33\xD7\x33\xD7\x33\xD7\x33\xD7\x33\xD7\x33\xD7\x33\xD7\x33\xD7\x33\xD7\x33\xD7\x33\xD7\x33\xD7\x33\xD7" +
	"\x33\xD7\x33\xD7\x33\xD7\x33\xD7\x33\xD7\x33\xD7\x33\xD7\x33\xD7\x33\xD7\x33\xD7\x33\xD7\x33\xD7\x33\xD7\x33\xD7\x33\xD7\x33\xD7" +
	"\x33\xD7\x33\xD7\x33\xD7\x33\xD7\x33\xD7\x33\xD7\x33\xD7\x33\xD7\x33\xD7\x33\xD7\x33\xD7\x33\xD7\x33\xD7\x33\xD7\x33\xD7\x33\xD7" +
	"\x33\xD7\x33\xF7\x33\xD7\x33\xD7\x33\xD7\x33\xD7\x33\xD7\x33\xD7\x33\xD7\x33\xD7\x33\xD7\x33\xD7\x33\xD7\x33\xD7\x33\xD7\x33\xD7" +
	"\x33\xD7\x33\xD7\x33\xD7\x33\xD7\x33\xD7\x33\xD7\x33\xD7\x33\xD7\x33\xD7\x33\xD7\x33\xD7\x33\xD7\x33\xD7\x33\xF7\x33\xF7\x33\xF7" +
	"\x33\xF7\x33\xF7\x33\xF7\x33\xF7\x33\xF7\x33\xF7\x33\xF7\x33\xF7\x3B\xF7\x33\xF7\x33\xF7\x3B\xF7\x3B\xF7\x3B\xF7\x3B\xF7\x3B\xF7" +
	"\x3B\xF7\x3B\xF7\x3B\xF7\x3B\xF7\x3B\xF7\x3B\xF7\x3B\xF7\x3B\xF7\x3B\xF7\x3B\xF7\x3B\xF7\x3B\xF7\x3B\xF7\x3B\xF7\x3B\xF7\x3B\xF7" +
	"\x3B\xF7\x33\xF7\x3B\xF7\x3B\xF7\x3B\xF7\x3B\xF7\x3B\xF7\x3B\xF7\x3B\xF7\x3B\xF7\x3B\xF7\x3B\xF7\x33\xF7\x34\x17\x34\x17\x34\x17" +
	"\x34\x17\x34\x17\x34\x17\x34\x17\x34\x17\x34\x17\x34\x17\x34\x17\x34\x17\x34\x17\x34\x17\x34\x17\x34\x17\x34\x17\x34\x17\x34\x18" +
	"\x34\x18\x34\x18\x34\x17\x34\x38\x34\x38\x34\x38\x34\x38\x34\x38\x34\x18\x34\x18\x34\x18\x34\x18\x34\x38\x34\x18\x34\x38\x34\x38" +
	"\x34\x38\x34\x38\x34\x38\x34\x38\x34\x38\x34\x38\x34\x38\x34\x38\x34\x38\x34\x38\x2C\x38\x2C\x38\x2C\x38\x2C\x38\x2C\x38\x2C\x38" +
	"\x34\x38\x2C\x38\x2C\x38\x2C\x58\x2C\x38\x2C\x38\x2C\x38\x2C\x38\x2C\x38\x2C\x38\x2C\x38\x2C\x38\x2C\x38\x2C\x38\x34\x38\x34\x38" +
	"\x33\xD6\x33\xD6\x33\xD6\x33\xD6\x33\xD6\x33\xD6\x33\xD6\x33\xD6\x33\xD6\x33\xD6\x33\xD6\x33\xD6\x33\xD6\x33\xD6\x33\xD6\x33\xD6" +
	"\x33\xD6\x33\xD6\x33\xD6\x33\xD6\x33\xD6\x33\xD6\x33\xD6\x33\xD6\x33\xD6\x33\xD6\x33\xD6\x33\xD6\x33\xD6\x33\xD6\x33\xD6\x33\xD6" +
	"\x33\xD6\x33\xD6\x33\xD6\x33\xD6\x33\xD6\x33\xD6\x33\xD6\x33\xD6\x33\xD6\x33\xD6\x33\xD6\x33\xD6\x33\xD6\x33\xD6\x33\xD6\x33\xD6" +
	"\x33\xD7\x33\xD7\x33\xD7\x33\xD7\x33\xD7\x33\xD7\x33\xD7\x33\xD7\x33\xD7\x33\xD7\x33\xD7\x33\xD7\x33\xD7\x33\xD7\x33\xD7\x33\xD7" +
	"\x33\xD7\x33\xD7\x33\xD7\x33\xD7\x33\xD7\x33\xD7\x33\xD7\x33\xD7\x33\xD7\x33\xD7\x33\xD7\x33\xD7\x33\xD7\x33\xD7\x33\xD7\x33\xD7" +
	"\x33\xD7\x33\xD7\x33\xD7\x33\xD7\x33\xD7\x33\xD7\x33\xD7\x33\xD7\x33\xD7\x33\xD7\x33\xD7\x33\xD7\x33\xD7\x33\xD7\x33\xD7\x33\xD7" +
	"\x33\xD7\x33\xD7\x33\xD7\x33\xD7\x33\xD7\x33\xD7\x33\xD7\x33\xD7\x33\xD7\x33\xD7\x33\xD7\x33\xD7\x33\xD7\x33\xD7\x33\xD7\x33\xD7" +
	"\x33\xD7\x33\xD7\x33\xD7\x33\xD7\x33\xD7\x33\xD7\x33\xD7\x33\xD7\x33\xD7\x33\xD7\x33\xD7\x33\xD7\x33\xD7\x33\xD7\x33\xD7\x33\xF7" +
	"\x33\xF7\x33\xF7\x33\xF7\x33\xF7\x33\xF7\x33\xF7\x33\xF7\x33\xF7\x33\xF7\x33\xF7\x33\xF7\x3B\xF7\x3B\xF7\x3B\xF7\x3B\xF7\x3B\xF7" +
	"\x3B\xF7\x3B\xF7\x3B\xF7\x3B\xF7\x3B\xF7\x3B\xF7\x3B\xF7\x3B\xF7\x3B\xF7\x3B\xF7\x3B\xF7\x3B\xF7\x3B\xF7\x3B\xF7\x3B\xF7\x3B\xF7" +
	"\x3B\xF7\x3B\xF7\x3B\xF7\x33\xF7\x3B\xF7\x3B\xF7\x3B\xF7\x3B\xF7\x3B\xF7\x3B\xF7\x3B\xF7\x3B\xF7\x3B\xF7\x34\x17\x34\x17\x34\x17" +
	"\x34\x17\x34\x18\x34\x17\x34\x17\x34\x17\x34\x17\x34\x17\x34\x17\x34\x17\x34\x17\x34\x17\x34\x17\x34\x17\x34\x17\x34\x17\x34\x17" +
	"\x34\x17\x34\x17\x34\x17\x34\x17\x34\x17\x34\x18\x34\x38\x34\x38\x34\x18\x34\x38\x34\x38\x34\x18\x34\x18\x34\x18\x34\x18\x34\x18" +
	"\x34\x18\x34\x38\x34\x38\x34\x38\x34\x38\x34\x38\x34\x38\x34\x38\x34\x38\x34\x38\x34\x38\x34\x38\x2C\x38\x2C\x38\x34\x38\x34\x38" +
	"\x2C\x38\x2C\x38\x2C\x38\x2C\x38\x2C\x38\x2C\x38\x2C\x38\x2C\x38\x2C\x38\x2C\x38\x2C\x38\x2C\x38\x2C\x38\x2C\x38\x2C\x38\x34\x38" +
	"\x33\xD6\x33\xD6\x33\xD6\x33\xD6\x33\xD6\x33\xD6\x33\xD6\x33\xD6\x33\xD6\x33\xD6\x33\xD6\x33\xD6\x33\xD6\x33\xD6\x33\xD6\x33\xD6" +
	"\x33\xD6\x33\xD6\x33\xD6\x33\xD6\x33\xD6\x33\xD6\x33\xD6\x33\xD6\x33\xD6\x33\xD6\x33\xD6\x33\xD6\x33\xD6\x33\xD6\x33\xD6\x33\xD6" +
	"\x33\xD6\x33\xD6\x33\xD6\x33\xD6\x33\xD6\x33\xD6\x33\xD6\x33\xD6\x33\xD6\x33\xD6\x33\xD6\x33\xD6\x33\xD6\x33\xD6\x33\xD6\x33\xD6" +
	"\x33\xD7\x33\xD7\x33\xD7\x33\xD7\x33\xD7\x33\xD7\x33\xD7\x33\xD7\x33\xD7\x33\xD7\x33\xD7\x33\xD7\x33\xD7\x33\xD7\x33\xD7\x33\xD7" +
	"\x33\xD7\x33\xD7\x33\xD7\x33\xD7\x33\xD7\x33\xD7\x33\xD7\x33\xD7\x33\xD7\x33\xD7\x33\xD7\x33\xD7\x33\xD7\x33\xD7\x33\xD7\x33\xD7" +
	"\x33\xD7\x33\xD7\x33\xD7\x33\xD7\x33\xD7\x33\xD7\x33\xD7\x33\xD7\x33\xD7\x33\xD7\x33\xD7\x33\xD7\x33\xD7\x33\xD7\x33\xD7\x33\xD7" +
	"\x33\xD7\x33\xD7\x33\xD7\x33\xD7\x33\xD7\x33\xD7\x33\xD7\x33\xD7\x33\xD7\x33\xD7\x33\xD7\x33\xD7\x33\xD7\x33\xD7\x33\xD7\x33\xD7" +
	"\x33\xD7\x33\xD7\x33\xD7\x33\xD7\x33\xD7\x33\xD7\x33\xD7\x33\xD7\x33\xD7\x33\xD7\x33\xF7\x33\xF7\x33\xD7\x33\xD7\x33\xD7\x33\xD7" +
	"\x33\xD7\x33\xF7\x33\xF7\x33\xF7\x33\xF7\x33\xF7\x33\xF7\x33\xF7\x33\xF7\x33\xF7\x33\xF7\x33\xF7\x3B\xF7\x33\xF7\x3B\xF7\x3B\xF7" +
	"\x3B\xF7\x3B\xF7\x3B\xF7\x3B\xF7\x3B\xF7\x3B\xF7\x3B\xF7\x3B\xF7\x3B\xF7\x3B\xF7\x3B\xF7\x3B\xF7\x3B\xF7\x3B\xF7\x3B\xF7\x3B\xF7" +
	"\x3B\xF7\x3B\xF7\x3B\xF7\x3B\xF7\x3B\xF7\x33\xF7\x3B\xF7\x3B\xF7\x3B\xF7\x3B\xF7\x3B\xF7\x3B\xF7\x3B\xF7\x3B\xF7\x34\x17\x34\x17" +
	"\x34\x17\x34\x17\x34\x18\x34\x17\x34\x17\x34\x17\x34\x17\x34\x17\x34\x17\x34\x17\x34\x17\x34\x17\x34\x17\x34\x17\x34\x17\x34\x17" +
	"\x34\x17\x34\x17\x34\x17\x34\x18\x34\x18\x34\x17\x34\x38\x34\x38\x34\x38\x34\x18\x34\x17\x34\x18\x34\x18\x34\x18\x34\x18\x34\x18" +
	"\x34\x18\x34\x38\x34\x18\x34\x38\x34\x38\x34\x38\x34\x38\x34\x38\x34\x38\x34\x38\x34\x38\x34\x38\x34\x38\x34\x38\x2C\x38\x34\x38" +
	"\x34\x38\x2C\x38\x2C\x38\x2C\x38\x2C\x38\x2C\x38\x2C\x38\x2C\x58\x2C\x38\x2C\x38\x2C\x38\x2C\x38\x2C\x38\x2C\x38\x2C\x38\x2C\x38" +
	"\x33\xD6\x33\xD6\x33\xD6\x33\xD6\x33\xD6\x33\xD6\x33\xD6\x33\xD6\x33\xD6\x33\xD6\x33\xD6\x33\xD6\x33\xD6\x33\xD6\x33\xD6\x33\xD6" +
	"\x33\xD6\x33\xD6\x33\xD6\x33\xD6\x33\xD6\x33\xD6\x33\xD6\x33\xD6\x33\xD6\x33\xD6\x33\xD6\x33\xD6\x33\xD6\x33\xD6\x33\xD6\x33\xD6" +
	"\x33\xD6\x33\xD6\x33\xD6\x33\xD6\x33\xD6\x33\xD6\x33\xD6\x33\xD6\x33\xD6\x33\xD6\x33\xD6\x33\xD6\x33\xD6\x33\xD6\x33\xD6\x33\xD6" +
	"\x33\xD6\x33\xD7\x33\xD7\x33\xD7\x33\xD7\x33\xD7\x33\xD7\x33\xD7\x33\xD7\x33\xD7\x33\xD7\x33\xD7\x33\xD7\x33\xD7\x33\xD7\x33\xD7" +
	"\x33\xD7\x33\xD7\x33\xD7\x33\xD7\x33\xD7\x33\xD7\x33\xD7\x33\xD7\x33\xD7\x33\xD7\x33\xD7\x33\xD7\x33\xD7\x33\xD7\x33\xD7\x33\xD7" +
	"\x33\xD7\x33\xD7\x33\xD7\x33\xD7\x33\xD7\x33\xD7\x33\xD7\x33\xD7\x33\xD7\x33\xD7\x33\xD7\x33\xD7\x33\xD7\x33\xD7\x33\xD7\x33\xD7" +
	"\x33\xD7\x33\xD7\x33\xD7\x33\xD7\x33\xD7\x33\xD7\x33\xD7\x33\xD7\x33\xD7\x33\xD7\x33\xD7\x33\xD7\x33\xD7\x33\xD7\x33\xD7\x33\xD7" +
	"\x33\xD7\x33\xD7\x33\xD7\x33\xD7\x33\xD7\x33\xD7\x33\xD7\x33\xD7\x33\xD7\x33\xD7\x33\xF7\x33\xF7\x33\xD7\x33\xD7\x33\xD7\x33\xD7" +
	"\x33\xD7\x33\xF7\x33\xF7\x33\xF7\x33\xF7\x33\xF7\x33\xF7\x33\xF7\x33\xF7\x33\xF7\x33\xF7\x33\xF7\x33\xF7\x3B\xF7\x3B\xF7\x3B\xF7" +
	"\x3B\xF7\x3B\xF7\x3B\xF7\x3B\xF7\x3B\xF7\x3B\xF7\x3B\xF7\x3B\xF7\x3B\xF7\x3B\xF7\x3B\xF7\x3B\xF7\x3B\xF7\x3B\xF7\x3B\xF7\x3B\xF7" +
	"\x3B\xF7\x3B\xF7\x3B\xF7\x3B\xF7\x3B\xF7\x3B\xF7\x3B\xF7\x3B\xF7\x3B\xF7\x3B\xF7\x3B\xF7\x3B\xF7\x3B\xF7\x3B\xF7\x3B\xF7\x3C\x17" +
	"\x34\x17\x34\x17\x34\x17\x34\x17\x34\x18\x34\x17\x34\x17\x34\x17\x34\x17\x34\x17\x34\x17\x34\x17\x34\x17\x34\x17\x34\x17\x34\x17" +
	"\x34\x17\x34\x17\x34\x17\x34\x17\x34\x17\x34\x18\x34\x18\x34\x18\x34\x38\x34\x38\x34\x38\x34\x38\x34\x18\x34\x38\x34\x18\x34\x18" +
	"\x34\x18\x34\x38\x34\x18\x34\x18\x34\x38\x34\x38\x34\x38\x34\x38\x34\x38\x34\x38\x34\x38\x34\x38\x34\x38\x34\x38\x34\x38\x2C\x38" +
	"\x2C\x38\x34\x38\x2C\x38\x2C\x38\x2C\x38\x2C\x38\x2C\x38\x2C\x38\x2C\x38\x2C\x38\x2C\x38\x2C\x38\x2C\x38\x2C\x38\x2C\x38\x2C\x38" +
	"\x33\xD6\x33\xD6\x33\xD6\x33\xD6\x33\xD6\x33\xD6\x33\xD6\x33\xD6\x33\xD6\x33\xD6\x33\xD6\x33\xD6\x33\xD6\x33\xD6\x33\xD6\x33\xD6" +
	"\x33\xD6\x33\xD6\x33\xD6\x33\xD6\x33\xD6\x33\xD6\x33\xD6\x33\xD6\x33\xD6\x33\xD6\x33\xD6\x33\xD6\x33\xD6\x33\xD6\x33\xD6\x33\xD6" +
	"\x33\xD6\x33\xD6\x33\xD6\x33\xD6\x33\xD6\x33\xD6\x33\xD6\x33\xD6\x33\xD6\x33\xD6\x33\xD6\x33\xD6\x33\xD6\x33\xD6\x33\xD6\x33\xD6" +
	"\x33\xD6\x33\xD6\x33\xD7\x33\xD7\x33\xD7\x33\xD7\x33\xD7\x33\xD7\x33\xD7\x33\xD7\x33\xD7\x33\xD7\x33\xD7\x33\xD7\x33\xD7\x33\xD7" +
	"\x33\xD7\x33\xD7\x33\xD7\x33\xD7\x33\xD7\x33\xD7\x33\xD7\x33\xD7\x33\xD7\x33\xD7\x33\xD7\x33\xD7\x33\xD7\x33\xD7\x33\xD7\x33\xD7" +
	"\x33\xD7\x33\xD7\x33\xD7\x33\xD7\x33\xD7\x33\xD7\x33\xD7\x33\xD7\x33\xD7\x33\xD7\x33\xD7\x33\xD7\x33\xD7\x33\xD7\x33\xD7\x33\xD7" +
	"\x33\xD7\x33\xD7\x33\xD7\x33\xD7\x33\xD7\x33\xD7\x33\xD7\x33\xD7\x33\xD7\x33\xD7\x33\xD7\x33\xD7\x33\xD7\x33\xD7\x33\xD7\x33\xD7" +
	"\x33\xD7\x33\xD7\x33\xD7\x33\xD7\x33\xD7\x33\xD7\x33\xD7\x33\xD7\x33\xD7\x33\xD7\x33\xF7\x33\xF7\x33\xF7\x33\xF7\x33\xD7\x33\xD7" +
	"\x33\xD7\x33\xD7\x33\xF7\x33\xF7\x33\xF7\x33\xF7\x33\xF7\x33\xF7\x33\xF7\x33\xF7\x33\xF7\x33\xF7\x33\xF7\x33\xF7\x33\xF7\x33\xF7" +
	"\x3B\xF7\x3B\xF7\x3B\xF7\x3B\xF7\x3B\xF7\x3B\xF7\x3B\xF7\x3B\xF7\x3B\xF7\x3B\xF7\x3B\xF7\x3B\xF7\x3B\xF7\x3B\xF7\x3B\xF7\x3B\xF7" +
	"\x3B\xF7\x3B\xF7\x3B\xF7\x3B\xF7\x3B\xF7\x3B\xF7\x3B\xF7\x3B\xF7\x33\xF7\x3B\xF7\x3B\xF7\x3B\xF7\x3B\xF7\x3B\xF7\x3B\xF7\x3B\xF7" +
	"\x3B\xF7\x34\x17\x34\x17\x34\x17\x34\x17\x34\x17\x34\x17\x34\x17\x34\x17\x34\x17\x34\x17\x34\x17\x34\x17\x34\x17\x34\x17\x34\x17" +
	"\x34\x17\x34\x17\x34\x17\x34\x18\x34\x17\x34\x18\x34\x18\x34\x18\x34\x17\x34\x38\x34\x38\x34\x38\x34\x18\x34\x38\x34\x18\x34\x18" +
	"\x34\x18\x34\x18\x34\x18\x34\x18\x34\x18\x34\x18\x34\x18\x34\x38\x34\x38\x34\x38\x34\x38\x34\x38\x34\x38\x34\x38\x34\x38\x34\x38" +
	"\x34\x38\x2C\x38\x2C\x38\x34\x38\x34\x38\x34\x38\x2C\x38\x2C\x38\x2C\x38\x2C\x38\x2C\x38\x2C\x38\x2C\x38\x2C\x38\x2C\x38\x2C\x38" +
	"\x33\xD6\x33\xD6\x33\xD6\x33\xD6\x33\xD6\x33\xD6\x33\xD6\x33\xD6\x33\xD6\x33\xD6\x33\xD6\x33\xD6\x33\xD6\x33\xD6\x33\xD6\x33\xD6" +
	"\x33\xD6\x33\xD6\x33\xD6\x33\xD6\x33\xD6\x33\xD6\x33\xD6\x33\xD6\x33\xD6\x33\xD6\x33\xD6\x33\xD6\x33\xD6\x33\xD6\x33\xD6\x33\xD6" +
	"\x33\xD6\x33\xD6\x33\xD6\x33\xD6\x33\xD6\x33\xD6\x33\xD6\x33\xD6\x33\xD6\x33\xD6\x33\xD6\x33\xD6\x33\xD6\x33\xD6\x33\xD6\x33\xD6" +
	"\x33\xD6\x33\xD6\x33\xD7\x33\xD7\x33\xD7\x33\xD7\x33\xD7\x33\xD7\x33\xD7\x33\xD7\x33\xD7\x33\xD7\x33\xD7\x33\xD7\x33\xD7\x33\xD7" +
	"\x33\xD7\x33\xD7\x33\xD7\x33\xD7\x33\xD7\x33\xD7\x33\xD7\x33\xD7\x33\xD7\x33\xD7\x33\xD7\x33\xD7\x33\xD7\x33\xD7\x33\xD7\x33\xD7" +
	"\x33\xD7\x33\xD7\x33\xD7\x33\xD7\x33\xD7\x33\xD7\x33\xD7\x33\xD7\x33\xD7\x33\xD7\x33\xD7\x33\xD7\x33\xD7\x33\xD7\x33\xD7\x33\xD7" +
	"\x33\xD7\x33\xD7\x33\xD7\x33\xD7\x33\xD7\x33\xD7\x33\xD7\x33\xD7\x33\xD7\x33\xD7\x33\xD7\x33\xD7\x33\xD7\x33\xD7\x33\xD7\x33\xD7" +
	"\x33\xD7\x33\xD7\x33\xD7\x33\xD7\x33\xD7\x33\xD7\x33\xD7\x33\xD7\x33\xD7\x33\xD7\x33\xD7\x33\xF7\x33\xF7\x33\xF7\x33\xD7\x33\xD7" +
	"\x33\xD7\x33\xD7\x33\xD7\x33\xD7\x33\xF7\x33\xF7\x33\xF7\x33\xF7\x33\xF7\x33\xF7\x33\xF7\x33\xF7\x33\xF7\x33\xF7\x33\xF7\x33\xF7" +
	"\x33\xF7\x33\xF7\x33\xF7\x3B\xF7\x3B\xF7\x3B\xF7\x3B\xF7\x3B\xF7\x3B\xF7\x3B\xF7\x3B\xF7\x3B\xF7\x3B\xF7\x3B\xF7\x3B\xF7\x3B\xF7" +
	"\x3B\xF7\x3B\xF7\x3B\xF7\x3B\xF7\x3B\xF7\x3B\xF7\x3B\xF7\x3B\xF7\x3B\xF7\x33\xF7\x3B\xF7\x3B\xF7\x3B\xF7\x3B\xF7\x3B\xF7\x3B\xF7" +
	"\x3B\xF7\x3B\xF7\x33\xF7\x34\x17\x34\x17\x34\x17\x34\x17\x34\x18\x34\x18\x34\x17\x34\x17\x34\x17\x34\x17\x34\x17\x34\x17\x34\x17" +
	"\x34\x17\x34\x17\x34\x17\x34\x17\x34\x18\x34\x18\x34\x18\x34\x18\x34\x17\x34\x18\x34\x18\x34\x18\x34\x38\x34\x38\x34\x18\x34\x18" +
	"\x34\x18\x34\x18\x34\x18\x34\x18\x34\x18\x34\x18\x34\x18\x34\x38\x34\x38\x34\x38\x34\x38\x34\x38\x34\x38\x34\x38\x34\x38\x34\x38" +
	"\x34\x38\x34\x38\x34\x38\x2C\x38\x2C\x38\x34\x38\x34\x38\x34\x38\x2C\x38\x2C\x38\x2C\x38\x2C\x58\x2C\x58\x2C\x38\x2C\x38\x2C\x38" +
	"\x33\xD6\x33\xD6\x33\xD6\x33\xD6\x33\xD6\x33\xD6\x33\xD6\x33\xD6\x33\xD6\x33\xD6\x33\xD6\x33\xD6\x33\xD6\x33\xD6\x33\xD6\x33\xD6" +
	"\x33\xD6\x33\xD6\x33\xD6\x33\xD6\x33\xD6\x33\xD6\x33\xD6\x33\xD6\x33\xD6\x33\xD6\x33\xD6\x33\xD6\x33\xD6\x33\xD6\x33\xD6\x33\xD6" +
	"\x33\xD6\x33\xD6\x33\xD6\x33\xD6\x33\xD6\x33\xD6\x33\xD6\x33\xD6\x33\xD6\x33\xD6\x33\xD6\x33\xD6\x33\xD6\x33\xD6\x33\xD6\x33\xD6" +
	"\x33\xD6\x33\xD6\x33\xD7\x33\xD7\x33\xD7\x33\xD7\x33\xD7\x33\xD7\x33\xD7\x33\xD7\x33\xD7\x33\xD7\x33\xD7\x33\xD7\x33\xD7\x33\xD7" +
	"\x33\xD7\x33\xD7\x33\xD7\x33\xD7\x33\xD7\x33\xD7\x33\xD7\x33\xD7\x33\xD7\x33\xD7\x33\xD7\x33\xD7\x33\xD7\x33\xD7\x33\xD7\x33\xD7" +
	"\x33\xD7\x33\xD7\x33\xD7\x33\xD7\x33\xD7\x33\xD7\x33\xD7\x33\xD7\x33\xD7\x33\xD7\x33\xD7\x33\xD7\x33\xD7\x33\xD7\x33\xD7\x33\xD7" +
	"\x33\xD7\x33\xD7\x33\xD7\x33\xD7\x33\xD7\x33\xD7\x33\xD7\x33\xD7\x33\xD7\x33\xD7\x33\xD7\x33\xD7\x33\xD7\x33\xD7\x33\xD7\x33\xD7" +
	"\x33\xD7\x33\xD7\x33\xD7\x33\xD7\x33\xD7\x33\xD7\x33\xD7\x33\xD7\x33\xD7\x33\xD7\x33\xD7\x33\xD7\x33\xF7\x33\xF7\x33\xF7\x33\xF7" +
	"\x33\xD7\x33\xD7\x33\xD7\x33\xD7\x33\xF7\x33\xF7\x33\xF7\x33\xF7\x33\xF7\x33\xF7\x33\xF7\x33\xF7\x33\xF7\x33\xF7\x33\xF7\x33\xF7" +
	"\x33\xF7\x33\xF7\x33\xF7\x3B\xF7\x3B\xF7\x3B\xF7\x3B\xF7\x3B\xF7\x3B\xF7\x3B\xF7\x3B\xF7\x3B\xF7\x3B\xF7\x3B\xF7\x3B\xF7\x3B\xF7" +
	"\x3B\xF7\x3B\xF7\x3B\xF7\x3B\xF7\x3B\xF7\x3B\xF7\x3B\xF7\x3B\xF7\x3B\xF7\x3B\xF7\x33\xF7\x33\xF7\x3B\xF7\x3B\xF7\x3B\xF7\x3B\xF7" +
	"\x3B\xF7\x3B\xF7\x3B\xF7\x34\x17\x34\x17\x34\x17\x34\x17\x34\x17\x34\x18\x34\x18\x34\x18\x34\x17\x34\x17\x34\x17\x34\x17\x34\x17" +
	"\x34\x17\x34\x17\x34\x17\x34\x17\x34\x18\x34\x18\x34\x18\x34\x18\x34\x18\x34\x17\x34\x17\x34\x17\x34\x18\x34\x18\x34\x18\x34\x38" +
	"\x34\x38\x34\x18\x34\x38\x34\x38\x34\x18\x34\x18\x34\x18\x34\x18\x34\x18\x34\x38\x34\x38\x34\x38\x34\x38\x34\x38\x34\x38\x34\x38" +
	"\x34\x38\x34\x38\x34\x38\x34\x38\x34\x38\x2C\x38\x34\x38\x34\x38\x34\x38\x2C\x38\x2C\x38\x2C\x38\x2C\x38\x2C\x38\x2C\x38\x2C\x38" +
	"\x33\xD6\x33\xD6\x33\xD6\x33\xD6\x33\xD6\x33\xD6\x33\xD6\x33\xD6\x33\xD6\x33\xD6\x33\xD6\x33\xD6\x33\xD6\x33\xD6\x33\xD6\x33\xD6" +
	"\x33\xD6\x33\xD6\x33\xD6\x33\xD6\x33\xD6\x33\xD6\x33\xD6\x33\xD6\x33\xD6\x33\xD6\x33\xD6\x33\xD6\x33\xD6\x33\xD6\x33\xD6\x33\xD6" +
	"\x33\xD6\x33\xD6\x33\xD6\x33\xD6\x33\xD6\x33\xD6\x33\xD6\x33\xD6\x33\xD6\x33\xD6\x33\xD6\x33\xD6\x33\xD6\x33\xD6\x33\xD6\x33\xD6" +
	"\x33\xD6\x33\xD6\x33\xD6\x33\xD7\x33\xD7\x33\xD7\x33\xD7\x33\xD7\x33\xD7\x33\xD7\x33\xD7\x33\xD7\x33\xD7\x33\xD7\x33\xD7\x33\xD7" +
	"\x33\xD7\x33\xD7\x33\xD7\x33\xD7\x33\xD7\x33\xD7\x33\xD7\x33\xD7\x33\xD7\x33\xD7\x33\xD7\x33\xD7\x33\xD7\x33\xD7\x33\xD7\x33\xD7" +
	"\x33\xD7\x33\xD7\x33\xD7\x33\xD7\x33\xD7\x33\xD7\x33\xD7\x33\xD7\x33\xD7\x33\xD7\x33\xD7\x33\xD7\x33\xD7\x33\xD7\x33\xD7\x33\xD7" +
	"\x33\xD7\x33\xD7\x33\xD7\x33\xD7\x33\xD7\x33\xD7\x33\xD7\x33\xD7\x33\xD7\x33\xD7\x33\xD7\x33\xD7\x33\xD7\x33\xD7\x33\xD7\x33\xD7" +
	"\x33\xD7\x33\xD7\x33\xD7\x33\xD7\x33\xD7\x33\xD7\x33\xD7\x33\xD7\x33\xD7\x33\xD7\x33\xD7\x33\xD7\x33\xD7\x33\xF7\x33\xF7\x33\xF7" +
	"\x33\xF7\x33\xD7\x33\xD7\x33\xD7\x33\xF7\x33\xF7\x33\xF7\x33\xF7\x33\xF7\x33\xF7\x33\xF7\x33\xF7\x33\xF7\x33\xF7\x33\xF7\x33\xF7" +
	"\x33\xF7\x33\xF7\x33\xF7\x33\xF7\x3B\xF7\x3B\xF7\x3B\xF7\x3B\xF7\x3B\xF7\x3B\xF7\x3B\xF7\x3B\xF7\x3B\xF7\x3B\xF7\x3B\xF7\x3B\xF7" +
	"\x3B\xF7\x3B\xF7\x3B\xF7\x3B\xF7\x3B\xF7\x3B\xF7\x3B\xF7\x3B\xF7\x3B\xF7\x3B\xF7\x3B\xF7\x3B\xF7\x3B\xF7\x3B\xF7\x3B\xF7\x3B\xF7" +
	"\x3B\xF7\x3B\xF7\x3B\xF7\x3B\xF7\x3B\xF7\x34\x17\x34\x17\x34\x17\x34\x17\x34\x17\x34\x18\x34\x17\x34\x17\x34\x17\x34\x17\x34\x17" +
	"\x34\x17\x34\x17\x34\x17\x34\x17\x34\x17\x34\x17\x34\x17\x34\x17\x34\x17\x34\x17\x34\x17\x34\x18\x34\x18\x34\x18\x34\x18\x34\x38" +
	"\x34\x38\x34\x38\x34\x38\x34\x18\x34\x18\x34\x18\x34\x18\x34\x18\x34\x18\x34\x18\x34\x18\x34\x38\x34\x38\x34\x38\x34\x38\x34\x38" +
	"\x34\x38\x34\x38\x34\x38\x34\x38\x34\x38\x34\x38\x2C\x38\x2C\x38\x34\x38\x2C\x38\x2C\x38\x2C\x38\x34\x38\x34\x38\x34\x38\x2C\x58" +
	"\x33\xD6\x33\xD6\x33\xD6\x33\xD6\x33\xD6\x33\xD6\x33\xD6\x33\xD6\x33\xD6\x33\xD6\x33\xD6\x33\xD6\x33\xD6\x33\xD6\x33\xD6\x33\xD6" +
	"\x33\xD6\x33\xD6\x33\xD6\x33\xD6\x33\xD6\x33\xD6\x33\xD6\x33\xD6\x33\xD6\x33\xD6\x33\xD6\x33\xD6\x33\xD6\x33\xD6\x33\xD6\x33\xD6" +
	"\x33\xD6\x33\xD6\x33\xD6\x33\xD6\x33\xD6\x33\xD6\x33\xD6\x33\xD6\x33\xD6\x33\xD6\x33\xD6\x33\xD6\x33\xD6\x33\xD6\x33\xD6\x33\xD6" +
	"\x33\xD6\x33\xD6\x33\xD6\x33\xD7\x33\xD7\x33\xD7\x33\xD7\x33\xD7\x33\xD7\x33\xD7\x33\xD7\x33\xD7\x33\xD7\x33\xD7\x33\xD7\x33\xD7" +
	"\x33\xD7\x33\xD7\x33\xD7\x33\xD7\x33\xD7\x33\xD7\x33\xD7\x33\xD7\x33\xD7\x33\xD7\x33\xD7\x33\xD7\x33\xD7\x33\xD7\x33\xD7\x33\xD7" +
	"\x33\xD7\x33\xD7\x33\xD7\x33\xD7\x33\xD7\x33\xD7\x33\xD7\x33\xD7\x33\xD7\x33\xD7\x33\xD7\x33\xD7\x33\xD7\x33\xD7\x33\xD7\x33\xD7" +
	"\x33\xD7\x33\xD7\x33\xD7\x33\xD7\x33\xD7\x33\xD7\x33\xD7\x33\xD7\x33\xD7\x33\xD7\x33\xD7\x33\xD7\x33\xD7\x33\xD7\x33\xD7\x33\xD7" +
	"\x33\xD7\x33\xD7\x33\xD7\x33\xD7\x33\xD7\x33\xD7\x33\xD7\x33\xD7\x33\xD7\x33\xD7\x33\xD7\x33\xD7\x33\xD7\x33\xD7\x33\xD7\x33\xF7" +
	"\x33\xF7\x33\xF7\x33\xD7\x33\xD7\x33\xF7\x33\xF7\x33\xF7\x33\xF7\x33\xF7\x33\xF7\x33\xF7\x33\xF7\x33\xF7\x33\xF7\x33\xF7\x33\xF7" +
	"\x33\xF7\x33\xF7\x33\xF7\x33\xF7\x33\xF7\x33\xF7\x3B\xF7\x3B\xF7\x3B\xF7\x3B\xF7\x3B\xF7\x3B\xF7\x3B\xF7\x3B\xF7\x3B\xF7\x3B\xF7" +
	"\x3B\xF7\x3B\xF7\x3B\xF7\x3B\xF7\x3B\xF7\x3B\xF7\x3B\xF7\x3B\xF7\x3B\xF7\x3B\xF7\x3B\xF7\x3B\xF7\x3B\xF7\x3B\xF7\x33\xF7\x3B\xF7" +
	"\x3B\xF7\x3B\xF7\x3B\xF7\x3B\xF7\x33\xF7\x3B\xF7\x3B\xF7\x34\x17\x34\x17\x34\x17\x34\x17\x34\x17\x34\x17\x34\x17\x34\x17\x34\x17" +
	"\x34\x17\x34\x17\x34\x17\x34\x17\x34\x17\x34\x17\x34\x17\x34\x18\x34\x17\x34\x18\x34\x17\x34\x18\x34\x18\x34\x18\x34\x17\x34\x18" +
	"\x34\x38\x34\x38\x34\x38\x34\x38\x34\x18\x34\x18\x34\x18\x34\x18\x34\x18\x34\x18\x34\x38\x34\x18\x34\x18\x34\x38\x34\x38\x34\x38" +
	"\x34\x38\x34\x38\x34\x38\x34\x38\x34\x38\x34\x38\x34\x38\x34\x38\x2C\x38\x2C\x38\x2C\x38\x34\x38\x34\x38\x34\x38\x34\x38\x34\x38" +
	"\x33\xD6\x33\xD6\x33\xD6\x33\xD6\x33\xD6\x33\xD6\x33\xD6\x33\xD6\x33\xD6\x33\xD6\x33\xD6\x33\xD6\x33\xD6\x33\xD6\x33\xD6\x33\xD6" +
	"\x33\xD6\x33\xD6\x33\xD6\x33\xD6\x33\xD6\x33\xD6\x33\xD6\x33\xD6\x33\xD6\x33\xD6\x33\xD6\x33\xD6\x33\xD6\x33\xD6\x33\xD6\x33\xD6" +
	"\x33\xD6\x33\xD6\x33\xD6\x33\xD6\x33\xD6\x33\xD6\x33\xD6\x33\xD6\x33\xD6\x33\xD6\x33\xD6\x33\xD6\x33\xD6\x33\xD6\x33\xD6\x33\xD6" +
	"\x33\xD6\x33\xD6\x33\xD6\x33\xD6\x33\xD7\x33\xD7\x33\xD7\x33\xD7\x33\xD7\x33\xD7\x33\xD7\x33\xD7\x33\xD7\x33\xD7\x33\xD7\x33\xD7" +
	"\x33\xD7\x33\xD7\x33\xD7\x33\xD7\x33\xD7\x33\xD7\x33\xD7\x33\xD7\x33\xD7\x33\xD7\x33\xD7\x33\xD7\x33\xD7\x33\xD7\x33\xD7\x33\xD7" +
	"\x33\xD7\x33\xD7\x33\xD7\x33\xD7\x33\xD7\x33\xD7\x33\xD7\x33\xD7\x33\xD7\x33\xD7\x33\xD7\x33\xD7\x33\xD7\x33\xD7\x33\xD7\x33\xD7" +
	"\x33\xD7\x33\xD7\x33\xD7\x33\xD7\x33\xD7\x33\xD7\x33\xD7\x33\xD7\x33\xD7\x33\xD7\x33\xD7\x33\xD7\x33\xD7\x33\xD7\x33\xD7\x33\xD7" +
	"\x33\xD7\x33\xD7\x33\xD7\x33\xD7\x33\xD7\x33\xD7\x33\xD7\x33\xD7\x33\xD7\x33\xD7\x33\xD7\x33\xD7\x33\xD7\x33\xD7\x33\xD7\x33\xD7" +
	"\x33\xF7\x33\xF7\x33\xD7\x33\xD7\x33\xF7\x33\xF7\x33\xF7\x33\xF7\x33\xF7\x33\xF7\x33\xF7\x33\xF7\x33\xF7\x33\xF7\x33\xF7\x33\xF7" +
	"\x33\xF7\x33\xF7\x33\xF7\x33\xF7\x33\xF7\x33\xF7\x3B\xF7\x3B\xF7\x3B\xF7\x3B\xF7\x3B\xF7\x3B\xF7\x3B\xF7\x3B\xF7\x3B\xF7\x3B\xF7" +
	"\x3B\xF7\x3B\xF7\x3B\xF7\x3B\xF7\x3B\xF7\x3B\xF7\x3B\xF7\x3B\xF7\x3B\xF7\x3B\xF7\x3B\xF7\x33\xF7\x3B\xF7\x3B\xF7\x3B\xF7\x33\xF7" +
	"\x3B\xF7\x3B\xF7\x3B\xF7\x3B\xF7\x3B\xF7\x3B\xF7\x33\xF7\x3B\xF7\x33\xF7\x34\x17\x34\x17\x34\x17\x34\x17\x34\x18\x34\x17\x34\x17" +
	"\x34\x17\x34\x17\x34\x17\x34\x17\x34\x17\x34\x17\x34\x17\x34\x17\x34\x17\x34\x17\x34\x17\x34\x18\x34\x18\x34\x18\x34\x17\x34\x17" +
	"\x34\x17\x34\x17\x34\x38\x34\x38\x34\x18\x34\x18\x34\x18\x34\x18\x34\x18\x34\x18\x34\x18\x34\x38\x34\x38\x34\x38\x34\x38\x34\x38" +
	"\x34\x38\x34\x38\x34\x38\x34\x38\x34\x38\x34\x38\x34\x38\x34\x38\x34\x38\x34\x38\x2C\x38\x34\x38\x34\x38\x34\x38\x34\x38\x34\x38" +
	"\x33\xD6\x33\xD6\x33\xD6\x33\xD6\x33\xD6\x33\xD6\x33\xD6\x33\xD6\x33\xD6\x33\xD6\x33\xD6\x33\xD6\x33\xD6\x33\xD6\x33\xD6\x33\xD6" +
	"\x33\xD6\x33\xD6\x33\xD6\x33\xD6\x33\xD6\x33\xD6\x33\xD6\x33\xD6\x33\xD6\x33\xD6\x33\xD6\x33\xD6\x33\xD6\x33\xD6\x33\xD6\x33\xD6" +
	"\x33\xD6\x33\xD6\x33\xD6\x33\xD6\x33\xD6\x33\xD6\x33\xD6\x33\xD6\x33\xD6\x33\xD6\x33\xD6\x33\xD6\x33\xD6\x33\xD6\x33\xD6\x33\xD6" +
	"\x33\xD6\x33\xD6\x33\xD6\x33\xD6\x33\xD6\x33\xD7\x33\xD7\x33\xD7\x33\xD7\x33\xD7\x33\xD7\x33\xD7\x33\xD7\x33\xD7\x33\xD7\x33\xD7" +
	"\x33\xD7\x33\xD7\x33\xD7\x33\xD7\x33\xD7\x33\xD7\x33\xD7\x33\xD7\x33\xD7\x33\xD7\x33\xD7\x33\xD7\x33\xD7\x33\xD7\x33\xD7\x33\xD7" +
	"\x33\xD7\x33\xD7\x33\xD7\x33\xD7\x33\xD7\x33\xD7\x33\xD7\x33\xD7\x33\xD7\x33\xD7\x33\xD7\x33\xD7\x33\xD7\x33\xD7\x33\xD7\x33\xD7" +
	"\x33\xD7\x33\xD7\x33\xD7\x33\xD7\x33\xD7\x33\xD7\x33\xD7\x33\xD7\x33\xD7\x33\xD7\x33\xD7\x33\xD7\x33\xD7\x33\xD7\x33\xD7\x33\xD7" +
	"\x33\xD7\x33\xD7\x33\xD7\x33\xD7\x33\xD7\x33\xD7\x33\xD7\x33\xD7\x33\xD7\x33\xD7\x33\xD7\x33\xD7\x33\xD7\x33\xD7\x33\xD7\x33\xD7" +
	"\x33\xF7\x33\xF7\x33\xF7\x33\xF7\x33\xD7\x33\xF7\x3B\xF7\x33\xF7\x33\xF7\x33\xF7\x33\xF7\x33\xF7\x33\xF7\x33\xF7\x33\xF7\x33\xF7" +
	"\x33\xF7\x33\xF7\x33\xF7\x33\xF7\x33\xF7\x33\xF7\x33\xF7\x3B\xF7\x3B\xF7\x3B\xF7\x3B\xF7\x3B\xF7\x3B\xF7\x3B\xF7\x3B\xF7\x3B\xF7" +
	"\x3B\xF7\x3B\xF7\x3B\xF7\x3B\xF7\x3B\xF7\x3B\xF7\x3B\xF7\x3B\xF7\x3B\xF7\x3B\xF7\x3B\xF7\x3B\xF7\x3B\xF7\x3B\xF7\x3B\xF7\x3B\xF7" +
	"\x3B\xF7\x3B\xF7\x3B\xF7\x3B\xF7\x3B\xF7\x3B\xF7\x3B\xF7\x33\xF7\x33\xF7\x3B\xF7\x34\x17\x34\x17\x34\x17\x34\x17\x34\x17\x34\x17" +
	"\x34\x17\x34\x17\x34\x17\x34\x17\x34\x17\x34\x17\x34\x17\x34\x17\x34\x17\x34\x17\x34\x17\x34\x17\x34\x17\x34\x17\x34\x18\x34\x18" +
	"\x34\x18\x34\x17\x34\x17\x34\x18\x34\x38\x34\x38\x34\x18\x34\x18\x34\x18\x34\x18\x34\x18\x34\x18\x34\x18\x34\x18\x34\x18\x34\x18" +
	"\x34\x38\x34\x38\x34\x38\x34\x38\x34\x38\x34\x38\x34\x38\x34\x38\x34\x38\x34\x38\x34\x38\x2C\x38\x34\x38\x34\x38\x34\x38\x2C\x38" +
	"\x33\xD6\x33\xD6\x33\xD6\x33\xD6\x33\xD6\x33\xD6\x33\xD6\x33\xD6\x33\xD6\x33\xD6\x33\xD6\x33\xD6\x33\xD6\x33\xD6\x33\xD6\x33\xD6" +
	"\x33\xD6\x33\xD6\x33\xD6\x33\xD6\x33\xD6\x33\xD6\x33\xD6\x33\xD6\x33\xD6\x33\xD6\x33\xD6\x33\xD6\x33\xD6\x33\xD6\x33\xD6\x33\xD6" +
	"\x33\xD6\x33\xD6\x33\xD6\x33\xD6\x33\xD6\x33\xD6\x33\xD6\x33\xD6\x33\xD6\x33\xD6\x33\xD6\x33\xD6\x33\xD6\x33\xD6\x33\xD6\x33\xD6" +
	"\x33\xD6\x33\xD6\x33\xD6\x33\xD6\x33\xD6\x33\xD7\x33\xD7\x33\xD7\x33\xD7\x33\xD7\x33\xD7\x33\xD7\x33\xD7\x33\xD7\x33\xD7\x33\xD7" +
	"\x33\xD7\x33\xD7\x33\xD7\x33\xD7\x33\xD7\x33\xD7\x33\xD7\x33\xD7\x33\xD7\x33\xD7\x33\xD7\x33\xD7\x33\xD7\x33\xD7\x33\xD7\x33\xD7" +
	"\x33\xD7\x33\xD7\x33\xD7\x33\xD7\x33\xD7\x33\xD7\x33\xD7\x33\xD7\x33\xD7\x33\xD7\x33\xD7\x33\xD7\x33\xD7\x33\xD7\x33\xD7\x33\xD7" +
	"\x33\xD7\x33\xD7\x33\xD7\x33\xD7\x33\xD7\x33\xD7\x33\xD7\x33\xD7\x33\xD7\x33\xD7\x33\xD7\x33\xD7\x33\xD7\x33\xD7\x33\xD7\x33\xD7" +
	"\x33\xD7\x33\xD7\x33\xD7\x33\xD7\x33\xD7\x33\xD7\x33\xD7\x33\xD7\x33\xD7\x33\xD7\x33\xD7\x33\xD7\x33\xD7\x33\xD7\x33\xD7\x33\xD7" +
	"\x33\xD7\x33\xF7\x33\xF7\x33\xF7\x33\xF7\x33\xF7\x33\xF7\x3B\xF7\x3B\xF7\x33\xF7\x33\xF7\x33\xF7\x33\xF7\x33\xF7\x33\xF7\x33\xF7" +
	"\x33\xF7\x33\xF7\x33\xF7\x33\xF7\x33\xF7\x33\xF7\x33\xF7\x33\xF7\x33\xF7\x3B\xF7\x3B\xF7\x3B\xF7\x3B\xF7\x3B\xF7\x3B\xF7\x3B\xF7" +
	"\x3B\xF7\x3B\xF7\x3B\xF7\x3B\xF7\x3B\xF7\x3B\xF7\x3B\xF7\x3B\xF7\x3B\xF7\x3B\xF7\x3B\xF7\x3B\xF7\x3B\xF7\x3B\xF7\x3B\xF7\x3B\xF7" +
	"\x3B\xF7\x3B\xF7\x33\xF7\x3B\xF7\x3B\xF7\x3B\xF7\x3B\xF7\x3B\xF7\x3B\xF7\x3B\xF7\x3B\xF7\x3B\xF7\x34\x17\x34\x17\x34\x17\x34\x17" +
	"\x34\x18\x34\x17\x34\x18\x34\x17\x34\x17\x34\x17\x34\x17\x34\x17\x34\x17\x34\x17\x34\x17\x34\x17\x34\x17\x34\x17\x34\x18\x34\x18" +
	"\x34\x18\x34\x18\x34\x18\x34\x17\x34\x17\x34\x38\x34\x38\x34\x18\x34\x18\x34\x18\x34\x18\x34\x18\x34\x18\x34\x18\x34\x18\x34\x18" +
	"\x34\x38\x34\x38\x34\x38\x34\x38\x34\x38\x34\x38\x34\x38\x34\x38\x34\x38\x34\x38\x34\x38\x34\x38\x34\x38\x34\x38\x34\x38\x34\x38" +
	"\x33\xD6\x33\xD6\x33\xD6\x33\xD6\x33\xD6\x33\xD6\x33\xD6\x33\xD6\x33\xD6\x33\xD6\x33\xD6\x33\xD6\x33\xD6\x33\xD6\x33\xD6\x33\xD6" +
	"\x33\xD6\x33\xD6\x33\xD6\x33\xD6\x33\xD6\x33\xD6\x33\xD6\x33\xD6\x33\xD6\x33\xD6\x33\xD6\x33\xD6\x33\xD6\x33\xD6\x33\xD6\x33\xD6" +
	"\x33\xD6\x33\xD6\x33\xD6\x33\xD6\x33\xD6\x33\xD6\x33\xD6\x33\xD6\x33\xD6\x33\xD6\x33\xD6\x33\xD6\x33\xD6\x33\xD6\x33\xD6\x33\xD6" +
	"\x33\xD6\x33\xD6\x33\xD6\x33\xD6\x33\xD6\x33\xD7\x33\xD7\x33\xD7\x33\xD7\x33\xD7\x33\xD7\x33\xD7\x33\xD7\x33\xD7\x33\xD7\x33\xD7" +
	"\x33\xD7\x33\xD7\x33\xD7\x33\xD7\x33\xD7\x33\xD7\x33\xD7\x33\xD7\x33\xD7\x33\xD7\x33\xD7\x33\xD7\x33\xD7\x33\xD7\x33\xD7\x33\xD7" +
	"\x33\xD7\x33\xD7\x33\xD7\x33\xD7\x33\xD7\x33\xD7\x33\xD7\x33\xD7\x33\xD7\x33\xD7\x33\xD7\x33\xD7\x33\xD7\x33\xD7\x33\xD7\x33\xD7" +
	"\x33\xD7\x33\xD7\x33\xD7\x33\xD7\x33\xD7\x33\xD7\x33\xD7\x33\xD7\x33\xD7\x33\xD7\x33\xD7\x33\xD7\x33\xD7\x33\xD7\x33\xD7\x33\xD7" +
	"\x33\xD7\x33\xD7\x33\xD7\x33\xD7\x33\xD7\x33\xD7\x33\xD7\x33\xD7\x33\xD7\x33\xD7\x33\xD7\x33\xD7\x33\xD7\x33\xD7\x33\xD7\x33\xD7" +
	"\x33\xD7\x33\xD7\x33\xD7\x33\xF7\x33\xF7\x33\xD7\x33\xF7\x3B\xF7\x33\xF7\x33\xF7\x33\xF7\x33\xF7\x33\xF7\x33\xF7\x33\xF7\x33\xF7" +
	"\x33\xF7\x33\xF7\x33\xF7\x33\xF7\x33\xF7\x33\xF7\x33\xF7\x33\xF7\x33\xF7\x33\xF7\x3B\xF7\x3B\xF7\x3B\xF7\x3B\xF7\x3B\xF7\x3B\xF7" +
	"\x3B\xF7\x3B\xF7\x3B\xF7\x3B\xF7\x3B\xF7\x3B\xF7\x3B\xF7\x3B\xF7\x3B\xF7\x3B\xF7\x3B\xF7\x3B\xF7\x3B\xF7\x3B\xF7\x3B\xF7\x3B\xF7" +
	"\x3B\xF7\x3B\xF7\x33\xF7\x33\xF7\x3B\xF7\x3B\xF7\x3B\xF7\x3B\xF7\x3B\xF7\x3B\xF7\x3B\xF7\x3B\xF7\x3B\xF7\x34\x17\x34\x17\x34\x17" +
	"\x34\x17\x34\x17\x34\x18\x34\x18\x34\x17\x34\x17\x34\x17\x34\x17\x34\x17\x34\x17\x34\x17\x34\x17\x34\x17\x34\x17\x34\x17\x34\x18" +
	"\x34\x18\x34\x18\x34\x17\x34\x17\x34\x18\x34\x18\x34\x18\x34\x18\x34\x18\x34\x18\x34\x18\x34\x18\x34\x18\x34\x18\x34\x18\x34\x18" +
	"\x34\x18\x34\x18\x34\x38\x34\x38\x34\x38\x34\x38\x34\x38\x34\x38\x34\x38\x34\x38\x34\x38\x34\x38\x34\x38\x34\x38\x34\x38\x34\x38" +
	"\x33\xD6\x33\xD6\x33\xD6\x33\xD6\x33\xD6\x33\xD6\x33\xD6\x33\xD6\x33\xD6\x33\xD6\x33\xD6\x33\xD6\x33\xD6\x33\xD6\x33\xD6\x33\xD6" +
	"\x33\xD6\x33\xD6\x33\xD6\x33\xD6\x33\xD6\x33\xD6\x33\xD6\x33\xD6\x33\xD6\x33\xD6\x33\xD6\x33\xD6\x33\xD6\x33\xD6\x33\xD6\x33\xD6" +
	"\x33\xD6\x33\xD6\x33\xD6\x33\xD6\x33\xD6\x33\xD6\x33\xD6\x33\xD6\x33\xD6\x33\xD6\x33\xD6\x33\xD6\x33\xD6\x33\xD6\x33\xD6\x33\xD6" +
	"\x33\xD6\x33\xD6\x33\xD6\x33\xD6\x33\xD6\x33\xD6\x33\xD7\x33\xD7\x33\xD7\x33\xD7\x33\xD7\x33\xD7\x33\xD7\x33\xD7\x33\xD7\x33\xD7" +
	"\x33\xD7\x33\xD7\x33\xD7\x33\xD7\x33\xD7\x33\xD7\x33\xD7\x33\xD7\x33\xD7\x33\xD7\x33\xD7\x33\xD7\x33\xD7\x33\xD7\x33\xD7\x33\xD7" +
	"\x33\xD7\x33\xD7\x33\xD7\x33\xD7\x33\xD7\x33\xD7\x33\xD7\x33\xD7\x33\xD7\x33\xD7\x33\xD7\x33\xD7\x33\xD7\x33\xD7\x33\xD7\x33\xD7" +
	"\x33\xD7\x33\xD7\x33\xD7\x33\xD7\x33\xD7\x33\xD7\x33\xD7\x33\xD7\x33\xD7\x33\xD7\x33\xD7\x33\xD7\x33\xD7\x33\xD7\x33\xD7\x33\xD7" +
	"\x33\xD7\x33\xD7\x33\xD7\x33\xD7\x33\xD7\x33\xD7\x33\xD7\x33\xD7\x33\xD7\x33\xD7\x33\xD7\x33\xD7\x33\xD7\x33\xD7\x33\xD7\x33\xD7" +
	"\x33\xD7\x33\xD7\x33\xD7\x33\xF7\x33\xF7\x33\xF7\x33\xF7\x33\xF7\x3B\xF7\x33\xF7\x33\xF7\x33\xF7\x33\xF7\x33\xF7\x33\xF7\x33\xF7" +
	"\x33\xF7\x33\xF7\x33\xF7\x33\xF7\x33\xF7\x33\xF7\x33\xF7\x33\xF7\x33\xF7\x33\xF7\x33\xF7\x33\xF7\x3B\xF7\x3B\xF7\x3B\xF7\x3B\xF7" +
	"\x3B\xF7\x3B\xF7\x3B\xF7\x3B\xF7\x3B\xF7\x3B\xF7\x3B\xF7\x3B\xF7\x3B\xF7\x3B\xF7\x3B\xF7\x3B\xF7\x3B\xF7\x3B\xF7\x3B\xF7\x3B\xF7" +
	"\x3B\xF7\x3B\xF7\x3B\xF7\x33\xF7\x3B\xF7\x3B\xF7\x3B\xF7\x3B\xF7\x3B\xF7\x3B\xF7\x3B\xF7\x3B\xF7\x3B\xF7\x3B\xF7\x3B\xF7\x34\x17" +
	"\x34\x17\x34\x17\x34\x17\x34\x17\x34\x17\x34\x17\x34\x17\x34\x17\x34\x17\x34\x17\x34\x17\x34\x17\x34\x17\x34\x17\x34\x17\x34\x17" +
	"\x34\x17\x34\x17\x34\x17\x34\x18\x34\x18\x34\x18\x34\x18\x34\x17\x34\x18\x34\x38\x34\x38\x34\x18\x34\x38\x34\x18\x34\x38\x34\x38" +
	"\x34\x38\x34\x18\x34\x18\x34\x18\x34\x18\x34\x38\x34\x38\x34\x38\x34\x38\x34\x38\x34\x38\x34\x38\x34\x38\x34\x38\x34\x38\x34\x38" +
	"\x33\xD6\x33\xD6\x33\xD6\x33\xD6\x33\xD6\x33\xD6\x33\xD6\x33\xD6\x33\xD6\x33\xD6\x33\xD6\x33\xD6\x33\xD6\x33\xD6\x33\xD6\x33\xD6" +
	"\x33\xD6\x33\xD6\x33\xD6\x33\xD6\x33\xD6\x33\xD6\x33\xD6\x33\xD6\x33\xD6\x33\xD6\x33\xD6\x33\xD6\x33\xD6\x33\xD6\x33\xD6\x33\xD6" +
	"\x33\xD6\x33\xD6\x33\xD6\x33\xD6\x33\xD6\x33\xD6\x33\xD6\x33\xD6\x33\xD6\x33\xD6\x33\xD6\x33\xD6\x33\xD6\x33\xD6\x33\xD6\x33\xD6" +
	"\x33\xD6\x33\xD6\x33\xD6\x33\xD6\x33\xD6\x33\xD6\x33\xD7\x33\xD7\x33\xD7\x33\xD7\x33\xD7\x33\xD7\x33\xD7\x33\xD7\x33\xD7\x33\xD7" +
	"\x33\xD7\x33\xD7\x33\xD7\x33\xD7\x33\xD7\x33\xD7\x33\xD7\x33\xD7\x33\xD7\x33\xD7\x33\xD7\x33\xD7\x33\xD7\x33\xD7\x33\xD7\x33\xD7" +
	"\x33\xD7\x33\xD7\x33\xD7\x33\xD7\x33\xD7\x33\xD7\x33\xD7\x33\xD7\x33\xD7\x33\xD7\x33\xD7\x33\xD7\x33\xD7\x33\xD7\x33\xD7\x33\xD7" +
	"\x33\xD7\x33\xD7\x33\xD7\x33\xD7\x33\xD7\x33\xD7\x33\xD7\x33\xD7\x33\xD7\x33\xD7\x33\xD7\x33\xD7\x33\xD7\x33\xD7\x33\xD7\x33\xD7" +
	"\x33\xD7\x33\xD7\x33\xD7\x33\xD7\x33\xD7\x33\xD7\x33\xD7\x33\xD7\x33\xD7\x33\xD7\x33\xD7\x33\xD7\x33\xD7\x33\xD7\x33\xD7\x33\xD7" +
	"\x33\xD7\x33\xD7\x33\xD7\x33\xD7\x33\xF7\x33\xF7\x33\xF7\x33\xF7\x3B\xF7\x33\xF7\x33\xF7\x33\xF7\x33\xF7\x33\xF7\x33\xF7\x33\xF7" +
	"\x33\xF7\x33\xF7\x33\xF7\x33\xF7\x33\xF7\x33\xF7\x33\xF7\x33\xF7\x33\xF7\x33\xF7\x33\xF7\x33\xF7\x33\xF7\x3B\xF7\x3B\xF7\x3B\xF7" +
	"\x3B\xF7\x3B\xF7\x3B\xF7\x3B\xF7\x3B\xF7\x3B\xF7\x3B\xF7\x3B\xF7\x3B\xF7\x3B\xF7\x3B\xF7\x3B\xF7\x3B\xF7\x3B\xF7\x3B\xF7\x3B\xF7" +
	"\x3B\xF7\x3B\xF7\x3B\xF7\x3B\xF7\x3B\xF7\x33\xF7\x3B\xF7\x3B\xF7\x3B\xF7\x3B\xF7\x3B\xF7\x3B\xF7\x3B\xF7\x3B\xF7\x3B\xF7\x33\xF7" +
	"\x3B\xF7\x34\x17\x34\x17\x34\x17\x34\x17\x34\x17\x34\x17\x34\x17\x34\x17\x34\x17\x34\x17\x34\x17\x34\x17\x34\x17\x34\x17\x34\x17" +
	"\x34\x17\x34\x17\x34\x17\x34\x17\x34\x18\x34\x18\x34\x18\x34\x17\x34\x17\x34\x18\x34\x18\x34\x38\x34\x38\x34\x38\x34\x38\x34\x38" +
	"\x34\x18\x34\x18\x34\x18\x34\x38\x34\x38\x34\x38\x34\x38\x34\x38\x34\x38\x34\x38\x34\x38\x34\x38\x34\x38\x34\x38\x34\x38\x34\x38" +
	"\x33\xD6\x33\xD6\x33\xD6\x33\xD6\x33\xD6\x33\xD6\x33\xD6\x33\xD6\x33\xD6\x33\xD6\x33\xD6\x33\xD6\x33\xD6\x33\xD6\x33\xD6\x33\xD6" +
	"\x33\xD6\x33\xD6\x33\xD6\x33\xD6\x33\xD6\x33\xD6\x33\xD6\x33\xD6\x33\xD6\x33\xD6\x33\xD6\x33\xD6\x33\xD6\x33\xD6\x33\xD6\x33\xD6" +
	"\x33\xD6\x33\xD6\x33\xD6\x33\xD6\x33\xD6\x33\xD6\x33\xD6\x33\xD6\x33\xD6\x33\xD6\x33\xD6\x33\xD6\x33\xD6\x33\xD6\x33\xD6\x33\xD6" +
	"\x33\xD6\x33\xD6\x33\xD6\x33\xD6\x33\xD6\x33\xD6\x33\xD6\x33\xD7\x33\xD7\x33\xD7\x33\xD7\x33\xD7\x33\xD7\x33\xD7\x33\xD7\x33\xD7" +
	"\x33\xD7\x33\xD7\x33\xD7\x33\xD7\x33\xD7\x33\xD7\x33\xD7\x33\xD7\x33\xD7\x33\xD7\x33\xD7\x33\xD7\x33\xD7\x33\xD7\x33\xD7\x33\xD7" +
	"\x33\xD7\x33\xD7\x33\xD7\x33\xD7\x33\xD7\x33\xD7\x33\xD7\x33\xD7\x33\xD7\x33\xD7\x33\xD7\x33\xD7\x33\xD7\x33\xD7\x33\xD7\x33\xD7" +
	"\x33\xD7\x33\xD7\x33\xD7\x33\xD7\x33\xD7\x33\xD7\x33\xD7\x33\xD7\x33\xD7\x33\xD7\x33\xD7\x33\xD7\x33\xD7\x33\xD7\x33\xD7\x33\xD7" +
	"\x33\xD7\x33\xD7\x33\xD7\x33\xD7\x33\xD7\x33\xD7\x33\xD7\x33\xD7\x33\xD7\x33\xD7\x33\xD7\x33\xD7\x33\xD7\x33\xD7\x33\xD7\x33\xD7" +
	"\x33\xD7\x33\xD7\x33\xD7\x33\xD7\x33\xD7\x33\xF7\x3B\xF7\x33\xF7\x3B\xF7\x33\xF7\x33\xF7\x33\xF7\x33\xF7\x33\xF7\x33\xF7\x33\xF7" +
	"\x33\xF7\x33\xF7\x33\xF7\x33\xF7\x33\xF7\x33\xF7\x33\xF7\x33\xF7\x33\xF7\x33\xF7\x33\xF7\x33\xF7\x3B\xF7\x3B\xF7\x3B\xF7\x3B\xF7" +
	"\x3B\xF7\x3B\xF7\x3B\xF7\x3B\xF7\x3B\xF7\x3B\xF7\x3B\xF7\x3B\xF7\x3B\xF7\x3B\xF7\x3B\xF7\x3B\xF7\x3B\xF7\x3B\xF7\x3B\xF7\x3B\xF7" +
	"\x3B\xF7\x3B\xF7\x3B\xF7\x3B\xF7\x3B\xF7\x33\xF7\x3B\xF7\x33\xF7\x3B\xF7\x3B\xF7\x3B\xF7\x3B\xF7\x3B\xF7\x3B\xF7\x3B\xF7\x3B\xF7" +
	"\x3B\xF7\x3B\xF7\x34\x17\x34\x17\x34\x17\x34\x17\x34\x17\x34\x17\x34\x17\x34\x17\x34\x17\x34\x17\x34\x17\x34\x17\x34\x17\x34\x17" +
	"\x34\x17\x34\x17\x34\x17\x34\x17\x34\x18\x34\x18\x34\x18\x34\x18\x34\x18\x34\x18\x34\x18\x34\x18\x34\x38\x34\x38\x34\x18\x34\x38" +
	"\x34\x18\x34\x18\x34\x18\x34\x38\x34\x38\x34\x18\x34\x38\x34\x38\x34\x38\x34\x38\x34\x38\x34\x38\x34\x38\x34\x38\x34\x38\x34\x38" +
	"\x33\xD6\x33\xD6\x33\xD6\x33\xD6\x33\xD6\x33\xD6\x33\xD6\x33\xD6\x33\xD6\x33\xD6\x33\xD6\x33\xD6\x33\xD6\x33\xD6\x33\xD6\x33\xD6" +
	"\x33\xD6\x33\xD6\x33\xD6\x33\xD6\x33\xD6\x33\xD6\x33\xD6\x33\xD6\x33\xD6\x33\xD6\x33\xD6\x33\xD6\x33\xD6\x33\xD6\x33\xD6\x33\xD6" +
	"\x33\xD6\x33\xD6\x33\xD6\x33\xD6\x33\xD6\x33\xD6\x33\xD6\x33\xD6\x33\xD6\x33\xD6\x33\xD6\x33\xD6\x33\xD6\x33\xD6\x33\xD6\x33\xD6" +
	"\x33\xD6\x33\xD6\x33\xD6\x33\xD6\x33\xD6\x33\xD6\x33\xD6\x33\xD6\x33\xD6\x33\xD7\x33\xD7\x33\xD7\x33\xD7\x33\xD7\x33\xD7\x33\xD7" +
	"\x33\xD7\x33\xD7\x33\xD7\x33\xD7\x33\xD7\x33\xD7\x33\xD7\x33\xD7\x33\xD7\x33\xD7\x33\xD7\x33\xD7\x33\xD7\x33\xD7\x33\xD7\x33\xD7" +
	"\x33\xD7\x33\xD7\x33\xD7\x33\xD7\x33\xD7\x33\xD7\x33\xD7\x33\xD7\x33\xD7\x33\xD7\x33\xD7\x33\xD7\x33\xD7\x33\xD7\x33\xD7\x33\xD7" +
	"\x33\xD7\x33\xD7\x33\xD7\x33\xD7\x33\xD7\x33\xD7\x33\xD7\x33\xD7\x33\xD7\x33\xD7\x33\xD7\x33\xD7\x33\xD7\x33\xD7\x33\xD7\x33\xD7" +
	"\x33\xD7\x33\xD7\x33\xD7\x33\xD7\x33\xD7\x33\xD7\x33\xD7\x33\xD7\x33\xD7\x33\xD7\x33\xD7\x33\xD7\x33\xD7\x33\xD7\x33\xD7\x33\xD7" +
	"\x33\xD7\x33\xD7\x33\xD7\x33\xD7\x33\xD7\x33\xF7\x33\xF7\x33\xF7\x33\xF7\x33\xF7\x3B\xF7\x3B\xF7\x33\xF7\x33\xF7\x33\xF7\x33\xF7" +
	"\x33\xF7\x33\xF7\x33\xF7\x33\xF7\x33\xF7\x33\xF7\x33\xF7\x33\xF7\x33\xF7\x33\xF7\x33\xF7\x33\xF7\x33\xF7\x33\xF7\x33\xF7\x3B\xF7" +
	"\x3B\xF7\x3B\xF7\x3B\xF7\x3B\xF7\x3B\xF7\x3B\xF7\x3B\xF7\x3B\xF7\x3B\xF7\x3B\xF7\x3B\xF7\x3B\xF7\x3B\xF7\x3B\xF7\x3B\xF7\x3B\xF7" +
	"\x3B\xF7\x3B\xF7\x3B\xF7\x3B\xF7\x3B\xF7\x3B\xF7\x3B\xF7\x3B\xF7\x33\xF7\x3B\xF7\x3B\xF7\x3B\xF7\x3B\xF7\x3B\xF7\x3B\xF7\x3B\xF7" +
	"\x3B\xF7\x33\xF7\x3B\xF7\x3B\xF7\x34\x17\x34\x17\x34\x17\x34\x17\x34\x17\x34\x17\x34\x17\x34\x17\x34\x17\x34\x17\x34\x17\x34\x17" +
	"\x34\x17\x34\x17\x34\x17\x34\x17\x34\x17\x34\x17\x34\x17\x34\x18\x34\x18\x34\x18\x34\x18\x34\x18\x34\x18\x34\x38\x34\x18\x34\x38" +
	"\x34\x38\x34\x38\x34\x18\x34\x38\x34\x38\x34\x38\x34\x38\x34\x18\x34\x18\x34\x18\x34\x38\x34\x38\x34\x38\x34\x38\x34\x38\x34\x38" +
	"\x33\xD6\x33\xD6\x33\xD6\x33\xD6\x33\xD6\x33\xD6\x33\xD6\x33\xD6\x33\xD6\x33\xD6\x33\xD6\x33\xD6\x33\xD6\x33\xD6\x33\xD6\x33\xD6" +
	"\x33\xD6\x33\xD6\x33\xD6\x33\xD6\x33\xD6\x33\xD6\x33\xD6\x33\xD6\x33\xD6\x33\xD6\x33\xD6\x33\xD6\x33\xD6\x33\xD6\x33\xD6\x33\xD6" +
	"\x33\xD6\x33\xD6\x33\xD6\x33\xD6\x33\xD6\x33\xD6\x33\xD6\x33\xD6\x33\xD6\x33\xD6\x33\xD6\x33\xD6\x33\xD6\x33\xD6\x33\xD6\x33\xD6" +
	"\x33\xD6\x33\xD6\x33\xD6\x33\xD6\x33\xD6\x33\xD6\x33\xD6\x33\xD6\x33\xD6\x33\xD7\x33\xD7\x33\xD7\x33\xD7\x33\xD7\x33\xD7\x33\xD7" +
	"\x33\xD7\x33\xD7\x33\xD7\x33\xD7\x33\xD7\x33\xD7\x33\xD7\x33\xD7\x33\xD7\x33\xD7\x33\xD7\x33\xD7\x33\xD7\x33\xD7\x33\xD7\x33\xD7" +
	"\x33\xD7\x33\xD7\x33\xD7\x33\xD7\x33\xD7\x33\xD7\x33\xD7\x33\xD7\x33\xD7\x33\xD7\x33\xD7\x33\xD7\x33\xD7\x33\xD7\x33\xD7\x33\xD7" +
	"\x33\xD7\x33\xD7\x33\xD7\x33\xD7\x33\xD7\x33\xD7\x33\xD7\x33\xD7\x33\xD7\x33\xD7\x33\xD7\x33\xD7\x33\xD7\x33\xD7\x33\xD7\x33\xD7" +
	"\x33\xD7\x33\xD7\x33\xD7\x33\xD7\x33\xD7\x33\xD7\x33\xD7\x33\xD7\x33\xD7\x33\xD7\x33\xD7\x33\xD7\x33\xD7\x33\xD7\x33\xD7\x33\xD7" +
	"\x33\xD7\x33\xD7\x33\xD7\x33\xD7\x33\xD7\x33\xD7\x33\xF7\x33\xF7\x33\xF7\x33\xF7\x33\xF7\x33\xF7\x33\xF7\x33\xF7\x33\xF7\x33\xF7" +
	"\x33\xF7\x33\xF7\x33\xF7\x33\xF7\x33\xF7\x33\xF7\x33\xF7\x33\xF7\x33\xF7\x33\xF7\x33\xF7\x33\xF7\x33\xF7\x33\xF7\x33\xF7\x3B\xF7" +
	"\x3B\xF7\x3B\xF7\x3B\xF7\x3B\xF7\x3B\xF7\x3B\xF7\x3B\xF7\x3B\xF7\x3B\xF7\x3B\xF7\x3B\xF7\x3B\xF7\x3B\xF7\x3B\xF7\x3B\xF7\x3B\xF7" +
	"\x3B\xF7\x3B\xF7\x3B\xF7\x3B\xF7\x3B\xF7\x3B\xF7\x3B\xF7\x33\xF7\x33\xF7\x33\xF7\x3B\xF7\x3B\xF7\x3B\xF7\x3B\xF7\x3B\xF7\x3B\xF7" +
	"\x3B\xF7\x33\xF7\x3B\xF7\x3B\xF7\x34\x17\x34\x17\x34\x17\x34\x17\x34\x17\x34\x17\x34\x17\x34\x17\x34\x17\x34\x17\x34\x17\x34\x17" +
	"\x34\x17\x34\x17\x34\x17\x34\x17\x34\x17\x34\x17\x34\x17\x34\x18\x34\x18\x34\x18\x34\x18\x34\x18\x34\x18\x34\x17\x34\x18\x34\x38" +
	"\x34\x38\x34\x38\x34\x38\x34\x18\x34\x38\x34\x38\x34\x18\x34\x18\x34\x18\x34\x38\x34\x38\x34\x38\x34\x38\x34\x38\x34\x38\x34\x38" +
	"\x33\xD6\x33\xD6\x33\xD6\x33\xD6\x33\xD6\x33\xD6\x33\xD6\x33\xD6\x33\xD6\x33\xD6\x33\xD6\x33\xD6\x33\xD6\x33\xD6\x33\xD6\x33\xD6" +
	"\x33\xD6\x33\xD6\x33\xD6\x33\xD6\x33\xD6\x33\xD6\x33\xD6\x33\xD6\x33\xD6\x33\xD6\x33\xD6\x33\xD6\x33\xD6\x33\xD6\x33\xD6\x33\xD6" +
	"\x33\xD6\x33\xD6\x33\xD6\x33\xD6\x33\xD6\x33\xD6\x33\xD6\x33\xD6\x33\xD6\x33\xD6\x33\xD6\x33\xD6\x33\xD6\x33\xD6\x33\xD6\x33\xD6" +
	"\x33\xD6\x33\xD6\x33\xD6\x33\xD6\x33\xD6\x33\xD6\x33\xD6\x33\xD6\x33\xD6\x33\xD6\x33\xD7\x33\xD7\x33\xD7\x33\xD7\x33\xD7\x33\xD7" +
	"\x33\xD7\x33\xD7\x33\xD7\x33\xD7\x33\xD7\x33\xD7\x33\xD7\x33\xD7\x33\xD7\x33\xD7\x33\xD7\x33\xD7\x33\xD7\x33\xD7\x33\xD7\x33\xD7" +
	"\x33\xD7\x33\xD7\x33\xD7\x33\xD7\x33\xD7\x33\xD7\x33\xD7\x33\xD7\x33\xD7\x33\xD7\x33\xD7\x33\xD7\x33\xD7\x33\xD7\x33\xD7\x33\xD7" +
	"\x33\xD7\x33\xD7\x33\xD7\x33\xD7\x33\xD7\x33\xD7\x33\xD7\x33\xD7\x33\xD7\x33\xD7\x33\xD7\x33\xD7\x33\xD7\x33\xD7\x33\xD7\x33\xD7" +
	"\x33\xD7\x33\xD7\x33\xD7\x33\xD7\x33\xD7\x33\xD7\x33\xD7\x33\xD7\x33\xD7\x33\xD7\x33\xD7\x33\xD7\x33\xD7\x33\xD7\x33\xD7\x33\xD7" +
	"\x33\xD7\x33\xD7\x33\xD7\x33\xD7\x33\xD7\x33\xF7\x33\xD7\x33\xF7\x33\xF7\x33\xF7\x33\xF7\x33\xF7\x33\xF7\x33\xF7\x33\xF7\x33\xF7" +
	"\x33\xF7\x33\xF7\x33\xF7\x33\xF7\x33\xF7\x33\xF7\x33\xF7\x33\xF7\x33\xF7\x33\xF7\x33\xF7\x33\xF7\x33\xF7\x33\xF7\x33\xF7\x33\xF7" +
	"\x3B\xF7\x3B\xF7\x3B\xF7\x3B\xF7\x3B\xF7\x3B\xF7\x3B\xF7\x3B\xF7\x3B\xF7\x3B\xF7\x3B\xF7\x3B\xF7\x3B\xF7\x3B\xF7\x3B\xF7\x3B\xF7" +
	"\x3B\xF7\x3B\xF7\x3B\xF7\x3B\xF7\x3B\xF7\x3B\xF7\x3B\xF7\x3B\xF7\x3B\xF7\x3B\xF7\x33\xF7\x3B\xF7\x3B\xF7\x3B\xF7\x3B\xF7\x3B\xF7" +
	"\x3B\xF7\x3B\xF7\x3B\xF7\x3B\xF7\x34\x17\x34\x17\x34\x17\x34\x17\x34\x17\x34\x17\x34\x17\x34\x17\x34\x17\x34\x17\x34\x17\x34\x17" +
	"\x34\x17\x34\x17\x34\x17\x34\x17\x34\x17\x34\x17\x34\x17\x34\x17\x34\x18\x34\x18\x34\x18\x34\x18\x34\x18\x34\x17\x34\x17\x34\x18" +
	"\x34\x18\x34\x18\x34\x38\x34\x38\x34\x18\x34\x18\x34\x18\x34\x18\x34\x18\x34\x18\x34\x38\x34\x38\x34\x38\x34\x38\x34\x38\x34\x38" +
	"\x33\xD6\x33\xD6\x33\xD6\x33\xD6\x33\xD6\x33\xD6\x33\xD6\x33\xD6\x33\xD6\x33\xD6\x33\xD6\x33\xD6\x33\xD6\x33\xD6\x33\xD6\x33\xD6" +
	"\x33\xD6\x33\xD6\x33\xD6\x33\xD6\x33\xD6\x33\xD6\x33\xD6\x33\xD6\x33\xD6\x33\xD6\x33\xD6\x33\xD6\x33\xD6\x33\xD6\x33\xD6\x33\xD6" +
	"\x33\xD6\x33\xD6\x33\xD6\x33\xD6\x33\xD6\x33\xD6\x33\xD6\x33\xD6\x33\xD6\x33\xD6\x33\xD6\x33\xD6\x33\xD6\x33\xD6\x33\xD6\x33\xD6" +
	"\x33\xD6\x33\xD6\x33\xD6\x33\xD6\x33\xD6\x33\xD6\x33\xD6\x33\xD6\x33\xD6\x33\xD6\x33\xD6\x33\xD7\x33\xD7\x33\xD7\x33\xD7\x33\xD7" +
	"\x33\xD7\x33\xD7\x33\xD7\x33\xD7\x33\xD7\x33\xD7\x33\xD7\x33\xD7\x33\xD7\x33\xD7\x33\xD7\x33\xD7\x33\xD7\x33\xD7\x33\xD7\x33\xD7" +
	"\x33\xD7\x33\xD7\x33\xD7\x33\xD7\x33\xD7\x33\xD7\x33\xD7\x33\xD7\x33\xD7\x33\xD7\x33\xD7\x33\xD7\x33\xD7\x33\xD7\x33\xD7\x33\xD7" +
	"\x33\xD7\x33\xD7\x33\xD7\x33\xD7\x33\xD7\x33\xD7\x33\xD7\x33\xD7\x33\xD7\x33\xD7\x33\xD7\x33\xD7\x33\xD7\x33\xD7\x33\xD7\x33\xD7" +
	"\x33\xD7\x33\xD7\x33\xD7\x33\xD7\x33\xD7\x33\xD7\x33\xD7\x33\xD7\x33\xD7\x33\xD7\x33\xD7\x33\xD7\x33\xD7\x33\xD7\x33\xD7\x33\xD7" +
	"\x33\xD7\x33\xD7\x33\xD7\x33\xD7\x33\xD7\x33\xD7\x33\xD7\x33\xD7\x33\xF7\x33\xF7\x33\xF7\x33\xF7\x33\xF7\x33\xF7\x33\xF7\x33\xF7" +
	"\x33\xF7\x33\xF7\x33\xF7\x33\xF7\x33\xF7\x33\xF7\x33\xF7\x33\xF7\x33\xF7\x33\xF7\x33\xF7\x33\xF7\x33\xF7\x33\xF7\x33\xF7\x33\xF7" +
	"\x33\xF7\x33\xF7\x3B\xF7\x3B\xF7\x3B\xF7\x3B\xF7\x3B\xF7\x3B\xF7\x3B\xF7\x3B\xF7\x3B\xF7\x3B\xF7\x3B\xF7\x3B\xF7\x3B\xF7\x3B\xF7" +
	"\x3B\xF7\x3B\xF7\x3B\xF7\x3B\xF7\x3B\xF7\x3B\xF7\x3B\xF7\x3B\xF7\x3B\xF7\x3B\xF7\x33\xF7\x33\xF7\x33\xF7\x3B\xF7\x3B\xF7\x3B\xF7" +
	"\x3B\xF7\x3B\xF7\x3B\xF7\x3B\xF7\x3B\xF7\x34\x17\x34\x17\x34\x17\x34\x17\x34\x17\x34\x17\x34\x17\x34\x17\x34\x17\x34\x17\x34\x17" +
	"\x34\x17\x34\x17\x34\x17\x34\x17\x34\x17\x34\x17\x34\x17\x34\x17\x34\x17\x34\x17\x34\x18\x34\x17\x34\x17\x34\x18\x34\x18\x34\x18" +
	"\x34\x17\x34\x18\x34\x38\x34\x18\x34\x18\x34\x38\x34\x18\x34\x38\x34\x38\x34\x18\x34\x18\x34\x18\x34\x18\x34\x18\x34\x18\x34\x38" +
	"\x33\xD6\x33\xD6\x33\xD6\x33\xD6\x33\xD6\x33\xD6\x33\xD6\x33\xD6\x33\xD6\x33\xD6\x33\xD6\x33\xD6\x33\xD6\x33\xD6\x33\xD6\x33\xD6" +
	"\x33\xD6\x33\xD6\x33\xD6\x33\xD6\x33\xD6\x33\xD6\x33\xD6\x33\xD6\x33\xD6\x33\xD6\x33\xD6\x33\xD6\x33\xD6\x33\xD6\x33\xD6\x33\xD6" +
	"\x33\xD6\x33\xD6\x33\xD6\x33\xD6\x33\xD6\x33\xD6\x33\xD6\x33\xD6\x33\xD6\x33\xD6\x33\xD6\x33\xD6\x33\xD6\x33\xD6\x33\xD6\x33\xD6" +
	"\x33\xD6\x33\xD6\x33\xD6\x33\xD6\x33\xD6\x33\xD6\x33\xD6\x33\xD6\x33\xD6\x33\xD6\x33\xD6\x33\xD7\x33\xD7\x33\xD7\x33\xD7\x33\xD7" +
	"\x33\xD7\x33\xD7\x33\xD7\x33\xD7\x33\xD7\x33\xD7\x33\xD7\x33\xD7\x33\xD7\x33\xD7\x33\xD7\x33\xD7\x33\xD7\x33\xD7\x33\xD7\x33\xD7" +
	"\x33\xD7\x33\xD7\x33\xD7\x33\xD7\x33\xD7\x33\xD7\x33\xD7\x33\xD7\x33\xD7\x33\xD7\x33\xD7\x33\xD7\x33\xD7\x33\xD7\x33\xD7\x33\xD7" +
	"\x33\xD7\x33\xD7\x33\xD7\x33\xD7\x33\xD7\x33\xD7\x33\xD7\x33\xD7\x33\xD7\x33\xD7\x33\xD7\x33\xD7\x33\xD7\x33\xD7\x33\xD7\x33\xD7" +
	"\x33\xD7\x33\xD7\x33\xD7\x33\xD7\x33\xD7\x33\xD7\x33\xD7\x33\xD7\x33\xD7\x33\xD7\x33\xD7\x33\xD7\x33\xD7\x33\xD7\x33\xD7\x33\xD7" +
	"\x33\xD7\x33\xD7\x33\xD7\x33\xD7\x33\xD7\x33\xD7\x33\xD7\x33\xD7\x33\xF7\x33\xF7\x33\xF7\x33\xF7\x33\xF7\x33\xF7\x33\xF7\x33\xF7" +
	"\x33\xF7\x33\xF7\x33\xF7\x33\xF7\x33\xF7\x33\xF7\x33\xF7\x33\xF7\x33\xF7\x33\xF7\x33\xF7\x33\xF7\x33\xF7\x33\xF7\x33\xF7\x33\xF7" +
	"\x33\xF7\x3B\xF7\x3B\xF7\x3B\xF7\x3B\xF7\x3B\xF7\x3B\xF7\x3B\xF7\x3B\xF7\x3B\xF7\x3B\xF7\x3B\xF7\x3B\xF7\x3B\xF7\x3B\xF7\x3B\xF7" +
	"\x3B\xF7\x3B\xF7\x3B\xF7\x3B\xF7\x3B\xF7\x3B\xF7\x3B\xF7\x3B\xF7\x3B\xF7\x3B\xF7\x3B\xF7\x33\xF7\x33\xF7\x3B\xF7\x3B\xF7\x3B\xF7" +
	"\x3B\xF7\x3B\xF7\x3B\xF7\x3B\xF7\x3B\xF7\x34\x17\x34\x17\x34\x17\x34\x17\x34\x17\x34\x17\x34\x17\x34\x17\x34\x17\x34\x17\x34\x17" +
	"\x34\x17\x34\x17\x34\x17\x34\x17\x34\x17\x34\x17\x34\x17\x34\x17\x34\x17\x34\x17\x34\x17\x34\x17\x34\x17\x34\x18\x34\x18\x34\x18" +
	"\x34\x17\x34\x17\x34\x18\x34\x38\x34\x38\x34\x38\x34\x38\x34\x38\x34\x38\x34\x38\x34\x18\x34\x18\x34\x18\x34\x18\x34\x18\x34\x38" +
	"\x33\xD6\x33\xD6\x33\xD6\x33\xD6\x33\xD6\x33\xD6\x33\xD6\x33\xD6\x33\xD6\x33\xD6\x33\xD6\x33\xD6\x33\xD6\x33\xD6\x33\xD6\x33\xD6" +
	"\x33\xD6\x33\xD6\x33\xD6\x33\xD6\x33\xD6\x33\xD6\x33\xD6\x33\xD6\x33\xD6\x33\xD6\x33\xD6\x33\xD6\x33\xD6\x33\xD6\x33\xD6\x33\xD6" +
	"\x33\xD6\x33\xD6\x33\xD6\x33\xD6\x33\xD6\x33\xD6\x33\xD6\x33\xD6\x33\xD6\x33\xD6\x33\xD6\x33\xD6\x33\xD6\x33\xD6\x33\xD6\x33\xD6" +
	"\x33\xD6\x33\xD6\x33\xD6\x33\xD6\x33\xD6\x33\xD6\x33\xD6\x33\xD6\x33\xD6\x33\xD6\x33\xD6\x33\xD6\x33\xD7\x33\xD7\x33\xD7\x33\xD7" +
	"\x33\xD7\x33\xD7\x33\xD7\x33\xD7\x33\xD7\x33\xD7\x33\xD7\x33\xD7\x33\xD7\x33\xD7\x33\xD7\x33\xD7\x33\xD7\x33\xD7\x33\xD7\x33\xD7" +
	"\x33\xD7\x33\xD7\x33\xD7\x33\xD7\x33\xD7\x33\xD7\x33\xD7\x33\xD7\x33\xD7\x33\xD7\x33\xD7\x33\xD7\x33\xD7\x33\xD7\x33\xD7\x33\xD7" +
	"\x33\xD7\x33\xD7\x33\xD7\x33\xD7\x33\xD7\x33\xD7\x33\xD7\x33\xD7\x33\xD7\x33\xD7\x33\xD7\x33\xD7\x33\xD7\x33\xD7\x33\xD7\x33\xD7" +
	"\x33\xD7\x33\xD7\x33\xD7\x33\xD7\x33\xD7\x33\xD7\x33\xD7\x33\xD7\x33\xD7\x33\xD7\x33\xD7\x33\xD7\x33\xD7\x33\xD7\x33\xD7\x33\xD7" +
	"\x33\xD7\x33\xD7\x33\xD7\x33\xD7\x33\xD7\x33\xD7\x33\xD7\x33\xD7\x33\xF7\x33\xD7\x33\xF7\x33\xF7\x33\xF7\x33\xF7\x33\xF7\x33\xF7" +
	"\x33\xF7\x33\xF7\x33\xF7\x33\xF7\x33\xF7\x33\xF7\x33\xF7\x33\xF7\x33\xF7\x33\xF7\x33\xF7\x33\xF7\x33\xF7\x33\xF7\x33\xF7\x33\xF7" +
	"\x33\xF7\x3B\xF7\x33\xF7\x3B\xF7\x33\xF7\x3B\xF7\x3B\xF7\x3B\xF7\x3B\xF7\x3B\xF7\x3B\xF7\x3B\xF7\x3B\xF7\x3B\xF7\x3B\xF7\x3B\xF7" +
	"\x3B\xF7\x3B\xF7\x3B\xF7\x3B\xF7\x3B\xF7\x3B\xF7\x3B\xF7\x3B\xF7\x3B\xF7\x3B\xF7\x3B\xF7\x3B\xF7\x3B\xF7\x33\xF7\x3B\xF7\x3B\xF7" +
	"\x3B\xF7\x3B\xF7\x3B\xF7\x3B\xF7\x3B\xF7\x34\x17\x34\x17\x34\x17\x34\x17\x34\x17\x34\x17\x34\x17\x34\x17\x34\x17\x34\x17\x34\x17" +
	"\x34\x17\x34\x17\x34\x17\x34\x17\x34\x17\x34\x17\x34\x17\x34\x17\x34\x17\x34\x17\x34\x17\x34\x17\x34\x17\x34\x18\x34\x18\x34\x18" +
	"\x34\x18\x34\x18\x34\x18\x34\x17\x34\x18\x34\x38\x34\x38\x34\x38\x34\x18\x34\x18\x34\x18\x34\x18\x34\x18\x34\x18\x34\x18\x34\x38" +
	"\x33\xD6\x33\xD6\x33\xD6\x33\xD6\x33\xD6\x33\xD6\x33\xD6\x33\xD6\x33\xD6\x33\xD6\x33\xD6\x33\xD6\x33\xD6\x33\xD6\x33\xD6\x33\xD6" +
	"\x33\xD6\x33\xD6\x33\xD6\x33\xD6\x33\xD6\x33\xD6\x33\xD6\x33\xD6\x33\xD6\x33\xD6\x33\xD6\x33\xD6\x33\xD6\x33\xD6\x33\xD6\x33\xD6" +
	"\x33\xD6\x33\xD6\x33\xD6\x33\xD6\x33\xD6\x33\xD6\x33\xD6\x33\xD6\x33\xD6\x33\xD6\x33\xD6\x33\xD6\x33\xD6\x33\xD6\x33\xD6\x33\xD6" +
	"\x33\xD6\x33\xD6\x33\xD6\x33\xD6\x33\xD6\x33\xD6\x33\xD6\x33\xD6\x33\xD6\x33\xD6\x33\xD6\x33\xD6\x33\xD7\x33\xD7\x33\xD7\x33\xD7" +
	"\x33\xD7\x33\xD7\x33\xD7\x33\xD7\x33\xD7\x33\xD7\x33\xD7\x33\xD7\x33\xD7\x33\xD7\x33\xD7\x33\xD7\x33\xD7\x33\xD7\x33\xD7\x33\xD7" +
	"\x33\xD7\x33\xD7\x33\xD7\x33\xD7\x33\xD7\x33\xD7\x33\xD7\x33\xD7\x33\xD7\x33\xD7\x33\xD7\x33\xD7\x33\xD7\x33\xD7\x33\xD7\x33\xD7" +
	"\x33\xD7\x33\xD7\x33\xD7\x33\xD7\x33\xD7\x33\xD7\x33\xD7\x33\xD7\x33\xD7\x33\xD7\x33\xD7\x33\xD7\x33\xD7\x33\xD7\x33\xD7\x33\xD7" +
	"\x33\xD7\x33\xD7\x33\xD7\x33\xD7\x33\xD7\x33\xD7\x33\xD7\x33\xD7\x33\xD7\x33\xD7\x33\xD7\x33\xD7\x33\xD7\x33\xD7\x33\xD7\x33\xD7" +
	"\x33\xD7\x33\xD7\x33\xD7\x33\xD7\x33\xD7\x33\xD7\x33\xD7\x33\xD7\x33\xD7\x33\xD7\x33\xD7\x33\xF7\x33\xF7\x33\xF7\x33\xF7\x33\xF7" +
	"\x33\xF7\x33\xF7\x33\xF7\x33\xF7\x33\xF7\x33\xF7\x33\xF7\x33\xF7\x33\xF7\x33\xF7\x33\xF7\x33\xF7\x33\xF7\x33\xF7\x33\xF7\x33\xF7" +
	"\x33\xF7\x33\xF7\x33\xF7\x33\xF7\x33\xF7\x33\xF7\x3B\xF7\x3B\xF7\x3B\xF7\x3B\xF7\x3B\xF7\x3B\xF7\x3B\xF7\x3B\xF7\x3B\xF7\x3B\xF7" +
	"\x3B\xF7\x3B\xF7\x3B\xF7\x3B\xF7\x3B\xF7\x3B\xF7\x3B\xF7\x3B\xF7\x3B\xF7\x3B\xF7\x3B\xF7\x3B\xF7\x3B\xF7\x3B\xF7\x3B\xF7\x33\xF7" +
	"\x3B\xF7\x33\xF7\x3B\xF7\x3B\xF7\x3B\xF7\x3B\xF7\x3B\xF7\x34\x17\x34\x17\x34\x17\x34\x17\x34\x17\x34\x17\x34\x17\x34\x17\x34\x17" +
	"\x34\x17\x34\x17\x34\x17\x34\x17\x34\x17\x34\x17\x34\x17\x34\x17\x34\x17\x34\x17\x34\x17\x34\x17\x34\x17\x34\x17\x34\x17\x34\x17" +
	"\x34\x17\x34\x17\x34\x18\x34\x18\x34\x18\x34\x18\x34\x18\x34\x38\x34\x18\x34\x38\x34\x18\x34\x18\x34\x18\x34\x38\x34\x38\x34\x38" +
	"\x33\xD6\x33\xD6\x33\xD6\x33\xD6\x33\xD6\x33\xD6\x33\xD6\x33\xD6\x33\xD6\x33\xD6\x33\xD6\x33\xD6\x33\xD6\x33\xD6\x33\xD6\x33\xD6" +
	"\x33\xD6\x33\xD6\x33\xD6\x33\xD6\x33\xD6\x33\xD6\x33\xD6\x33\xD6\x33\xD6\x33\xD6\x33\xD6\x33\xD6\x33\xD6\x33\xD6\x33\xD6\x33\xD6" +
	"\x33\xD6\x33\xD6\x33\xD6\x33\xD6\x33\xD6\x33\xD6\x33\xD6\x33\xD6\x33\xD6\x33\xD6\x33\xD6\x33\xD6\x33\xD6\x33\xD6\x33\xD6\x33\xD6" +
	"\x33\xD6\x33\xD6\x33\xD6\x33\xD6\x33\xD6\x33\xD6\x33\xD6\x33\xD6\x33\xD6\x33\xD6\x33\xD6\x33\xD6\x33\xD6\x33\xD7\x33\xD7\x33\xD7" +
	"\x33\xD7\x33\xD7\x33\xD7\x33\xD7\x33\xD7\x33\xD7\x33\xD7\x33\xD7\x33\xD7\x33\xD7\x33\xD7\x33\xD7\x33\xD7\x33\xD7\x33\xD7\x33\xD7" +
	"\x33\xD7\x33\xD7\x33\xD7\x33\xD7\x33\xD7\x33\xD7\x33\xD7\x33\xD7\x33\xD7\x33\xD7\x33\xD7\x33\xD7\x33\xD7\x33\xD7\x33\xD7\x33\xD7" +
	"\x33\xD7\x33\xD7\x33\xD7\x33\xD7\x33\xD7\x33\xD7\x33\xD7\x33\xD7\x33\xD7\x33\xD7\x33\xD7\x33\xD7\x33\xD7\x33\xD7\x33\xD7\x33\xD7" +
	"\x33\xD7\x33\xD7\x33\xD7\x33\xD7\x33\xD7\x33\xD7\x33\xD7\x33\xD7\x33\xD7\x33\xD7\x33\xD7\x33\xD7\x33\xD7\x33\xD7\x33\xD7\x33\xD7" +
	"\x33\xD7\x33\xD7\x33\xD7\x33\xD7\x33\xD7\x33\xD7\x33\xD7\x33\xD7\x33\xD7\x33\xD7\x33\xD7\x33\xD7\x33\xD7\x33\xF7\x33\xF7\x33\xF7" +
	"\x33\xF7\x33\xF7\x33\xF7\x33\xF7\x33\xF7\x33\xF7\x33\xF7\x33\xF7\x33\xF7\x33\xF7\x33\xF7\x33\xF7\x33\xF7\x33\xF7\x33\xF7\x33\xF7" +
	"\x33\xF7\x33\xF7\x33\xF7\x33\xF7\x33\xF7\x33\xF7\x33\xF7\x3B\xF7\x3B\xF7\x3B\xF7\x3B\xF7\x3B\xF7\x3B\xF7\x3B\xF7\x3B\xF7\x3B\xF7" +
	"\x3B\xF7\x3B\xF7\x3B\xF7\x3B\xF7\x3B\xF7\x3B\xF7\x3B\xF7\x3B\xF7\x3B\xF7\x3B\xF7\x3B\xF7\x3B\xF7\x3B\xF7\x3B\xF7\x3B\xF7\x3B\xF7" +
	"\x33\xF7\x3B\xF7\x3B\xF7\x3B\xF7\x3B\xF7\x3B\xF7\x3B\xF7\x3C\x17\x34\x17\x34\x17\x34\x17\x34\x17\x34\x17\x34\x17\x34\x17\x34\x17" +
	"\x34\x17\x34\x17\x34\x17\x34\x17\x34\x17\x34\x17\x34\x17\x34\x17\x34\x17\x34\x17\x34\x17\x34\x17\x34\x17\x34\x17\x34\x17\x34\x18" +
	"\x34\x18\x34\x17\x34\x17\x34\x18\x34\x18\x34\x18\x34\x18\x34\x38\x34\x18\x34\x18\x34\x18\x34\x18\x34\x38\x34\x38\x34\x38\x34\x38" +
	"\x33\xD6\x33\xD6\x33\xD6\x33\xD6\x33\xD6\x33\xD6\x33\xD6\x33\xD6\x33\xD6\x33\xD6\x33\xD6\x33\xD6\x33\xD6\x33\xD6\x33\xD6\x33\xD6" +
	"\x33\xD6\x33\xD6\x33\xD6\x33\xD6\x33\xD6\x33\xD6\x33\xD6\x33\xD6\x33\xD6\x33\xD6\x33\xD6\x33\xD6\x33\xD6\x33\xD6\x33\xD6\x33\xD6" +
	"\x33\xD6\x33\xD6\x33\xD6\x33\xD6\x33\xD6\x33\xD6\x33\xD6\x33\xD6\x33\xD6\x33\xD6\x33\xD6\x33\xD6\x33\xD6\x33\xD6\x33\xD6\x33\xD6" +
	"\x33\xD6\x33\xD6\x33\xD6\x33\xD6\x33\xD6\x33\xD6\x33\xD6\x33\xD6\x33\xD6\x33\xD6\x33\xD6\x33\xD6\x33\xD6\x33\xD6\x33\xD7\x33\xD7" +
	"\x33\xD7\x33\xD7\x33\xD7\x33\xD7\x33\xD7\x33\xD7\x33\xD7\x33\xD7\x33\xD7\x33\xD7\x33\xD7\x33\xD7\x33\xD7\x33\xD7\x33\xD7\x33\xD7" +
	"\x33\xD7\x33\xD7\x33\xD7\x33\xD7\x33\xD7\x33\xD7\x33\xD7\x33\xD7\x33\xD7\x33\xD7\x33\xD7\x33\xD7\x33\xD7\x33\xD7\x33\xD7\x33\xD7" +
	"\x33\xD7\x33\xD7\x33\xD7\x33\xD7\x33\xD7\x33\xD7\x33\xD7\x33\xD7\x33\xD7\x33\xD7\x33\xD7\x33\xD7\x33\xD7\x33\xD7\x33\xD7\x33\xD7" +
	"\x33\xD7\x33\xD7\x33\xD7\x33\xD7\x33\xD7\x33\xD7\x33\xD7\x33\xD7\x33\xD7\x33\xD7\x33\xD7\x33\xD7\x33\xD7\x33\xD7\x33\xD7\x33\xD7" +
	"\x33\xD7\x33\xD7\x33\xD7\x33\xD7\x33\xD7\x33\xD7\x33\xD7\x33\xD7\x33\xD7\x33\xD7\x33\xD7\x33\xD7\x33\xF7\x33\xF7\x33\xF7\x33\xF7" +
	"\x33\xF7\x33\xF7\x33\xF7\x33\xF7\x33\xF7\x33\xF7\x33\xF7\x33\xF7\x33\xF7\x33\xF7\x33\xF7\x33\xF7\x33\xF7\x33\xF7\x33\xF7\x33\xF7" +
	"\x33\xF7\x33\xF7\x33\xF7\x33\xF7\x33\xF7\x33\xF7\x33\xF7\x33\xF7\x3B\xF7\x3B\xF7\x3B\xF7\x3B\xF7\x3B\xF7\x3B\xF7\x3B\xF7\x3B\xF7" +
	"\x3B\xF7\x3B\xF7\x3B\xF7\x3B\xF7\x3B\xF7\x3B\xF7\x3B\xF7\x3B\xF7\x3B\xF7\x3B\xF7\x3B\xF7\x3B\xF7\x3B\xF7\x33\xF7\x33\xF7\x3B\xF7" +
	"\x3B\xF7\x3B\xF7\x33\xF7\x33\xF7\x33\xF7\x3B\xF7\x3B\xF7\x3B\xF7\x33\xF7\x34\x17\x34\x17\x34\x17\x34\x17\x34\x17\x34\x17\x34\x17" +
	"\x34\x17\x34\x17\x34\x17\x34\x17\x34\x17\x34\x17\x34\x17\x34\x17\x34\x17\x34\x17\x34\x17\x34\x17\x34\x17\x34\x17\x34\x17\x34\x17" +
	"\x34\x17\x34\x17\x34\x17\x34\x18\x34\x18\x34\x18\x34\x18\x34\x18\x34\x18\x34\x38\x34\x38\x34\x18\x34\x18\x34\x18\x34\x18\x34\x18" +
	"\x33\xD6\x33\xD6\x33\xD6\x33\xD6\x33\xD6\x33\xD6\x33\xD6\x33\xD6\x33\xD6\x33\xD6\x33\xD6\x33\xD6\x33\xD6\x33\xD6\x33\xD6\x33\xD6" +
	"\x33\xD6\x33\xD6\x33\xD6\x33\xD6\x33\xD6\x33\xD6\x33\xD6\x33\xD6\x33\xD6\x33\xD6\x33\xD6\x33\xD6\x33\xD6\x33\xD6\x33\xD6\x33\xD6" +
	"\x33\xD6\x33\xD6\x33\xD6\x33\xD6\x33\xD6\x33\xD6\x33\xD6\x33\xD6\x33\xD6\x33\xD6\x33\xD6\x33\xD6\x33\xD6\x33\xD6\x33\xD6\x33\xD6" +
	"\x33\xD6\x33\xD6\x33\xD6\x33\xD6\x33\xD6\x33\xD6\x33\xD6\x33\xD6\x33\xD6\x33\xD6\x33\xD6\x33\xD6\x33\xD6\x33\xD6\x33\xD6\x33\xD7" +
	"\x33\xD7\x33\xD7\x33\xD7\x33\xD7\x33\xD7\x33\xD7\x33\xD7\x33\xD7\x33\xD7\x33\xD7\x33\xD7\x33\xD7\x33\xD7\x33\xD7\x33\xD7\x33\xD7" +
	"\x33\xD7\x33\xD7\x33\xD7\x33\xD7\x33\xD7\x33\xD7\x33\xD7\x33\xD7\x33\xD7\x33\xD7\x33\xD7\x33\xD7\x33\xD7\x33\xD7\x33\xD7\x33\xD7" +
	"\x33\xD7\x33\xD7\x33\xD7\x33\xD7\x33\xD7\x33\xD7\x33\xD7\x33\xD7\x33\xD7\x33\xD7\x33\xD7\x33\xD7\x33\xD7\x33\xD7\x33\xD7\x33\xD7" +
	"\x33\xD7\x33\xD7\x33\xD7\x33\xD7\x33\xD7\x33\xD7\x33\xD7\x33\xD7\x33\xD7\x33\xD7\x33\xD7\x33\xD7\x33\xD7\x33\xD7\x33\xD7\x33\xD7" +
	"\x33\xD7\x33\xD7\x33\xD7\x33\xD7\x33\xD7\x33\xD7\x33\xD7\x33\xD7\x33\xD7\x33\xD7\x33\xD7\x33\xD7\x33\xD7\x33\xD7\x33\xF7\x33\xF7" +
	"\x33\xF7\x33\xF7\x33\xF7\x33\xF7\x33\xF7\x33\xF7\x33\xF7\x33\xF7\x33\xF7\x33\xF7\x33\xF7\x33\xF7\x33\xF7\x33\xF7\x33\xF7\x33\xF7" +
	"\x33\xF7\x33\xF7\x33\xF7\x33\xF7\x33\xF7\x33\xF7\x33\xF7\x33\xF7\x33\xF7\x3B\xF7\x3B\xF7\x3B\xF7\x3B\xF7\x3B\xF7\x3B\xF7\x3B\xF7" +
	"\x3B\xF7\x3B\xF7\x3B\xF7\x3B\xF7\x3B\xF7\x3B\xF7\x3B\xF7\x3B\xF7\x3B\xF7\x3B\xF7\x3B\xF7\x3B\xF7\x3B\xF7\x3B\xF7\x3B\xF7\x3B\xF7" +
	"\x3B\xF7\x3B\xF7\x3B\xF7\x3B\xF7\x33\xF7\x33\xF7\x3B\xF7\x3B\xF7\x3B\xF7\x3B\xF7\x34\x17\x34\x17\x34\x17\x34\x17\x34\x17\x34\x17" +
	"\x34\x17\x34\x17\x34\x17\x34\x17\x34\x17\x34\x17\x34\x18\x34\x17\x34\x17\x34\x17\x34\x17\x34\x17\x34\x17\x34\x17\x34\x17\x34\x17" +
	"\x34\x17\x34\x17\x34\x18\x34\x17\x34\x18\x34\x17\x34\x18\x34\x18\x34\x18\x34\x17\x34\x18\x34\x38\x34\x38\x34\x18\x34\x18\x34\x18" +
	"\x33\xD6\x33\xD6\x33\xD6\x33\xD6\x33\xD6\x33\xD6\x33\xD6\x33\xD6\x33\xD6\x33\xD6\x33\xD6\x33\xD6\x33\xD6\x33\xD6\x33\xD6\x33\xD6" +
	"\x33\xD6\x33\xD6\x33\xD6\x33\xD6\x33\xD6\x33\xD6\x33\xD6\x33\xD6\x33\xD6\x33\xD6\x33\xD6\x33\xD6\x33\xD6\x33\xD6\x33\xD6\x33\xD6" +
	"\x33\xD6\x33\xD6\x33\xD6\x33\xD6\x33\xD6\x33\xD6\x33\xD6\x33\xD6\x33\xD6\x33\xD6\x33\xD6\x33\xD6\x33\xD6\x33\xD6\x33\xD6\x33\xD6" +
	"\x33\xD6\x33\xD6\x33\xD6\x33\xD6\x33\xD6\x33\xD6\x33\xD6\x33\xD6\x33\xD6\x33\xD6\x33\xD6\x33\xD6\x33\xD6\x33\xD6\x33\xD6\x33\xD7" +
	"\x33\xD7\x33\xD7\x33\xD7\x33\xD7\x33\xD7\x33\xD7\x33\xD7\x33\xD7\x33\xD7\x33\xD7\x33\xD7\x33\xD7\x33\xD7\x33\xD7\x33\xD7\x33\xD7" +
	"\x33\xD7\x33\xD7\x33\xD7\x33\xD7\x33\xD7\x33\xD7\x33\xD7\x33\xD7\x33\xD7\x33\xD7\x33\xD7\x33\xD7\x33\xD7\x33\xD7\x33\xD7\x33\xD7" +
	"\x33\xD7\x33\xD7\x33\xD7\x33\xD7\x33\xD7\x33\xD7\x33\xD7\x33\xD7\x33\xD7\x33\xD7\x33\xD7\x33\xD7\x33\xD7\x33\xD7\x33\xD7\x33\xD7" +
	"\x33\xD7\x33\xD7\x33\xD7\x33\xD7\x33\xD7\x33\xD7\x33\xD7\x33\xD7\x33\xD7\x33\xD7\x33\xD7\x33\xD7\x33\xD7\x33\xD7\x33\xD7\x33\xD7" +
	"\x33\xD7\x33\xD7\x33\xD7\x33\xD7\x33\xD7\x33\xD7\x33\xD7\x33\xD7\x33\xD7\x33\xD7\x33\xD7\x33\xD7\x33\xD7\x33\xD7\x33\xD7\x33\xD7" +
	"\x33\xF7\x33\xF7\x33\xF7\x33\xF7\x33\xF7\x33\xF7\x33\xF7\x33\xF7\x33\xF7\x33\xF7\x33\xF7\x33\xF7\x33\xF7\x33\xF7\x33\xF7\x33\xF7" +
	"\x33\xF7\x33\xF7\x33\xF7\x33\xF7\x33\xF7\x33\xF7\x33\xF7\x33\xF7\x33\xF7\x33\xF7\x3B\xF7\x3B\xF7\x3B\xF7\x3B\xF7\x3B\xF7\x3B\xF7" +
	"\x3B\xF7\x3B\xF7\x3B\xF7\x3B\xF7\x3B\xF7\x3B\xF7\x3B\xF7\x3B\xF7\x3B\xF7\x3B\xF7\x3B\xF7\x3B\xF7\x3B\xF7\x3B\xF7\x3B\xF7\x3B\xF7" +
	"\x3B\xF7\x3B\xF7\x3B\xF7\x3B\xF7\x3B\xF7\x3B\xF7\x33\xF7\x3B\xF7\x3B\xF7\x33\xF7\x3B\xF7\x3B\xF7\x34\x17\x34\x17\x34\x17\x34\x17" +
	"\x34\x17\x34\x17\x34\x17\x34\x17\x34\x17\x34\x17\x34\x17\x34\x17\x34\x17\x34\x17\x34\x17\x34\x17\x34\x17\x34\x17\x34\x17\x34\x17" +
	"\x34\x17\x34\x17\x34\x17\x34\x18\x34\x18\x34\x18\x34\x18\x34\x18\x34\x18\x34\x18\x34\x17\x34\x38\x34\x38\x34\x38\x34\x38\x34\x18" +
	"\x33\xD6\x33\xD6\x33\xD6\x33\xD6\x33\xD6\x33\xD6\x33\xD6\x33\xD6\x33\xD6\x33\xD6\x33\xD6\x33\xD6\x33\xD6\x33\xD6\x33\xD6\x33\xD6" +
	"\x33\xD6\x33\xD6\x33\xD6\x33\xD6\x33\xD6\x33\xD6\x33\xD6\x33\xD6\x33\xD6\x33\xD6\x33\xD6\x33\xD6\x33\xD6\x33\xD6\x33\xD6\x33\xD6" +
	"\x33\xD6\x33\xD6\x33\xD6\x33\xD6\x33\xD6\x33\xD6\x33\xD6\x33\xD6\x33\xD6\x33\xD6\x33\xD6\x33\xD6\x33\xD6\x33\xD6\x33\xD6\x33\xD6" +
	"\x33\xD6\x33\xD6\x33\xD6\x33\xD6\x33\xD6\x33\xD6\x33\xD6\x33\xD6\x33\xD6\x33\xD6\x33\xD6\x33\xD6\x33\xD6\x33\xD6\x33\xD6\x33\xD6" +
	"\x33\xD7\x33\xD7\x33\xD7\x33\xD7\x33\xD7\x33\xD7\x33\xD7\x33\xD7\x33\xD7\x33\xD7\x33\xD7\x33\xD7\x33\xD7\x33\xD7\x33\xD7\x33\xD7" +
	"\x33\xD7\x33\xD7\x33\xD7\x33\xD7\x33\xD7\x33\xD7\x33\xD7\x33\xD7\x33\xD7\x33\xD7\x33\xD7\x33\xD7\x33\xD7\x33\xD7\x33\xD7\x33\xD7" +
	"\x33\xD7\x33\xD7\x33\xD7\x33\xD7\x33\xD7\x33\xD7\x33\xD7\x33\xD7\x33\xD7\x33\xD7\x33\xD7\x33\xD7\x33\xD7\x33\xD7\x33\xD7\x33\xD7" +
	"\x33\xD7\x33\xD7\x33\xD7\x33\xD7\x33\xD7\x33\xD7\x33\xD7\x33\xD7\x33\xD7\x33\xD7\x33\xD7\x33\xD7\x33\xD7\x33\xD7\x33\xD7\x33\xD7" +
	"\x33\xD7\x33\xD7\x33\xD7\x33\xD7\x33\xD7\x33\xD7\x33\xD7\x33\xD7\x33\xD7\x33\xD7\x33\xD7\x33\xD7\x33\xD7\x33\xD7\x33\xD7\x33\xD7" +
	"\x33\xD7\x33\xF7\x33\xF7\x33\xF7\x33\xF7\x33\xF7\x33\xF7\x33\xF7\x33\xF7\x33\xF7\x33\xF7\x33\xF7\x33\xF7\x33\xF7\x33\xF7\x33\xF7" +
	"\x33\xF7\x33\xF7\x33\xF7\x33\xF7\x33\xF7\x33\xF7\x33\xF7\x33\xF7\x33\xF7\x33\xF7\x33\xF7\x3B\xF7\x3B\xF7\x3B\xF7\x3B\xF7\x3B\xF7" +
	"\x3B\xF7\x3B\xF7\x3B\xF7\x3B\xF7\x3B\xF7\x3B\xF7\x3B\xF7\x3B\xF7\x3B\xF7\x3B\xF7\x3B\xF7\x3B\xF7\x3B\xF7\x3B\xF7\x3B\xF7\x3B\xF7" +
	"\x3B\xF7\x3B\xF7\x3B\xF7\x33\xF7\x3B\xF7\x3B\xF7\x3B\xF7\x3B\xF7\x3B\xF7\x3B\xF7\x3B\xF7\x3B\xF7\x3B\xF7\x34\x17\x34\x17\x34\x17" +
	"\x34\x17\x34\x17\x34\x17\x34\x17\x34\x17\x34\x17\x34\x17\x34\x17\x34\x17\x34\x17\x34\x17\x34\x17\x34\x17\x34\x17\x34\x17\x34\x17" +
	"\x34\x17\x34\x17\x34\x17\x34\x17\x34\x17\x34\x17\x34\x18\x34\x18\x34\x18\x34\x17\x34\x18\x34\x17\x34\x18\x34\x38\x34\x38\x34\x18" +
	"\x33\xD6\x33\xD6\x33\xD6\x33\xD6\x33\xD6\x33\xD6\x33\xD6\x33\xD6\x33\xD6\x33\xD6\x33\xD6\x33\xD6\x33\xD6\x33\xD6\x33\xD6\x33\xD6" +
	"\x33\xD6\x33\xD6\x33\xD6\x33\xD6\x33\xD6\x33\xD6\x33\xD6\x33\xD6\x33\xD6\x33\xD6\x33\xD6\x33\xD6\x33\xD6\x33\xD6\x33\xD6\x33\xD6" +
	"\x33\xD6\x33\xD6\x33\xD6\x33\xD6\x33\xD6\x33\xD6\x33\xD6\x33\xD6\x33\xD6\x33\xD6\x33\xD6\x33\xD6\x33\xD6\x33\xD6\x33\xD6\x33\xD6" +
	"\x33\xD6\x33\xD6\x33\xD6\x33\xD6\x33\xD6\x33\xD6\x33\xD6\x33\xD6\x33\xD6\x33\xD6\x33\xD6\x33\xD6\x33\xD6\x33\xD6\x33\xD6\x33\xD7" +
	"\x33\xD6\x33\xD7\x33\xD7\x33\xD7\x33\xD7\x33\xD7\x33\xD7\x33\xD7\x33\xD7\x33\xD7\x33\xD7\x33\xD7\x33\xD7\x33\xD7\x33\xD7\x33\xD7" +
	"\x33\xD7\x33\xD7\x33\xD7\x33\xD7\x33\xD7\x33\xD7\x33\xD7\x33\xD7\x33\xD7\x33\xD7\x33\xD7\x33\xD7\x33\xD7\x33\xD7\x33\xD7\x33\xD7" +
	"\x33\xD7\x33\xD7\x33\xD7\x33\xD7\x33\xD7\x33\xD7\x33\xD7\x33\xD7\x33\xD7\x33\xD7\x33\xD7\x33\xD7\x33\xD7\x33\xD7\x33\xD7\x33\xD7" +
	"\x33\xD7\x33\xD7\x33\xD7\x33\xD7\x33\xD7\x33\xD7\x33\xD7\x33\xD7\x33\xD7\x33\xD7\x33\xD7\x33\xD7\x33\xD7\x33\xD7\x33\xD7\x33\xD7" +
	"\x33\xD7\x33\xD7\x33\xD7\x33\xD7\x33\xD7\x33\xD7\x33\xD7\x33\xD7\x33\xD7\x33\xD7\x33\xD7\x33\xD7\x33\xD7\x33\xD7\x33\xD7\x33\xD7" +
	"\x33\xD7\x33\xF7\x33\xF7\x33\xF7\x33\xF7\x33\xF7\x33\xF7\x33\xF7\x33\xF7\x33\xF7\x33\xF7\x33\xF7\x33\xF7\x33\xF7\x33\xF7\x33\xF7" +
	"\x33\xF7\x33\xF7\x33\xF7\x33\xF7\x33\xF7\x33\xF7\x33\xF7\x33\xF7\x33\xF7\x33\xF7\x33\xF7\x33\xF7\x33\xF7\x3B\xF7\x3B\xF7\x3B\xF7" +
	"\x3B\xF7\x3B\xF7\x3B\xF7\x3B\xF7\x3B\xF7\x3B\xF7\x3B\xF7\x3B\xF7\x3B\xF7\x3B\xF7\x3B\xF7\x3B\xF7\x3B\xF7\x3B\xF7\x3B\xF7\x3B\xF7" +
	"\x3B\xF7\x3B\xF7\x3B\xF7\x3B\xF7\x3B\xF7\x3B\xF7\x3B\xF7\x3B\xF7\x33\xF7\x3B\xF7\x3B\xF7\x3B\xF7\x3B\xF7\x3B\xF7\x3C\x17\x34\x17" +
	"\x34\x17\x34\x17\x34\x17\x34\x17\x34\x17\x34\x17\x34\x17\x34\x17\x34\x17\x34\x17\x34\x17\x34\x17\x34\x17\x34\x17\x34\x17\x34\x17" +
	"\x34\x17\x34\x17\x34\x17\x34\x17\x34\x17\x34\x17\x34\x17\x34\x17\x34\x17\x34\x18\x34\x18\x34\x18\x34\x17\x34\x17\x34\x38\x34\x38" +
	"\x33\xD6\x33\xD6\x33\xD6\x33\xD6\x33\xD6\x33\xD6\x33\xD6\x33\xD6\x33\xD6\x33\xD6\x33\xD6\x33\xD6\x33\xD6\x33\xD6\x33\xD6\x33\xD6" +
	"\x33\xD6\x33\xD6\x33\xD6\x33\xD6\x33\xD6\x33\xD6\x33\xD6\x33\xD6\x33\xD6\x33\xD6\x33\xD6\x33\xD6\x33\xD6\x33\xD6\x33\xD6\x33\xD6" +
	"\x33\xD6\x33\xD6\x33\xD6\x33\xD6\x33\xD6\x33\xD6\x33\xD6\x33\xD6\x33\xD6\x33\xD6\x33\xD6\x33\xD6\x33\xD6\x33\xD6\x33\xD6\x33\xD6" +
	"\x33\xD6\x33\xD6\x33\xD6\x33\xD6\x33\xD6\x33\xD6\x33\xD6\x33\xD6\x33\xD6\x33\xD6\x33\xD6\x33\xD6\x33\xD6\x33\xD6\x33\xD6\x33\xD7" +
	"\x33\xD6\x33\xD6\x33\xD7\x33\xD7\x33\xD7\x33\xD7\x33\xD7\x33\xD7\x33\xD7\x33\xD7\x33\xD7\x33\xD7\x33\xD7\x33\xD7\x33\xD7\x33\xD7" +
	"\x33\xD7\x33\xD7\x33\xD7\x33\xD7\x33\xD7\x33\xD7\x33\xD7\x33\xD7\x33\xD7\x33\xD7\x33\xD7\x33\xD7\x33\xD7\x33\xD7\x33\xD7\x33\xD7" +
	"\x33\xD7\x33\xD7\x33\xD7\x33\xD7\x33\xD7\x33\xD7\x33\xD7\x33\xD7\x33\xD7\x33\xD7\x33\xD7\x33\xD7\x33\xD7\x33\xD7\x33\xD7\x33\xD7" +
	"\x33\xD7\x33\xD7\x33\xD7\x33\xD7\x33\xD7\x33\xD7\x33\xD7\x33\xD7\x33\xD7\x33\xD7\x33\xD7\x33\xD7\x33\xD7\x33\xD7\x33\xD7\x33\xD7" +
	"\x33\xD7\x33\xD7\x33\xD7\x33\xD7\x33\xD7\x33\xD7\x33\xD7\x33\xD7\x33\xD7\x33\xD7\x33\xD7\x33\xD7\x33\xD7\x33\xD7\x33\xD7\x33\xD7" +
	"\x33\xD7\x33\xD7\x33\xF7\x33\xF7\x33\xF7\x33\xF7\x33\xF7\x33\xF7\x33\xF7\x33\xF7\x33\xF7\x33\xF7\x33\xF7\x33\xF7\x33\xF7\x33\xF7" +
	"\x33\xF7\x33\xF7\x33\xF7\x33\xF7\x33\xF7\x33\xF7\x33\xF7\x33\xF7\x33\xF7\x33\xF7\x33\xF7\x33\xF7\x33\xF7\x33\xF7\x3B\xF7\x3B\xF7" +
	"\x3B\xF7\x3B\xF7\x3B\xF7\x3B\xF7\x3B\xF7\x3B\xF7\x3B\xF7\x3B\xF7\x3B\xF7\x3B\xF7\x3B\xF7\x3B\xF7\x3B\xF7\x3B\xF7\x3B\xF7\x3B\xF7" +
	"\x3B\xF7\x3B\xF7\x3B\xF7\x3B\xF7\x3B\xF7\x3B\xF7\x3B\xF7\x3B\xF7\x3B\xF7\x33\xF7\x3B\xF7\x3B\xF7\x3B\xF7\x3B\xF7\x3B\xF7\x3B\xF7" +
	"\x3C\x17\x34\x17\x34\x17\x34\x17\x34\x17\x34\x17\x34\x17\x34\x17\x34\x17\x34\x17\x34\x17\x34\x17\x34\x17\x34\x17\x34\x17\x34\x17" +
	"\x34\x17\x34\x17\x34\x17\x34\x17\x34\x17\x34\x17\x34\x17\x34\x17\x34\x18\x34\x18\x34\x18\x34\x18\x34\x17\x34\x17\x34\x18\x34\x18" +
	"\x33\xD6\x33\xD6\x33\xD6\x33\xD6\x33\xD6\x33\xD6\x33\xD6\x33\xD6\x33\xD6\x33\xD6\x33\xD6\x33\xD6\x33\xD6\x33\xD6\x33\xD6\x33\xD6" +
	"\x33\xD6\x33\xD6\x33\xD6\x33\xD6\x33\xD6\x33\xD6\x33\xD6\x33\xD6\x33\xD6\x33\xD6\x33\xD6\x33\xD6\x33\xD6\x33\xD6\x33\xD6\x33\xD6" +
	"\x33\xD6\x33\xD6\x33\xD6\x33\xD6\x33\xD6\x33\xD6\x33\xD6\x33\xD6\x33\xD6\x33\xD6\x33\xD6\x33\xD6\x33\xD6\x33\xD6\x33\xD6\x33\xD6" +
	"\x33\xD6\x33\xD6\x33\xD6\x33\xD6\x33\xD6\x33\xD6\x33\xD6\x33\xD6\x33\xD6\x33\xD6\x33\xD6\x33\xD6\x33\xD6\x33\xD6\x33\xD6\x33\xD6" +
	"\x33\xD6\x33\xD6\x33\xD7\x33\xD7\x33\xD7\x33\xD7\x33\xD7\x33\xD7\x33\xD7\x33\xD7\x33\xD7\x33\xD7\x33\xD7\x33\xD7\x33\xD7\x33\xD7" +
	"\x33\xD7\x33\xD7\x33\xD7\x33\xD7\x33\xD7\x33\xD7\x33\xD7\x33\xD7\x33\xD7\x33\xD7\x33\xD7\x33\xD7\x33\xD7\x33\xD7\x33\xD7\x33\xD7" +
	"\x33\xD7\x33\xD7\x33\xD7\x33\xD7\x33\xD7\x33\xD7\x33\xD7\x33\xD7\x33\xD7\x33\xD7\x33\xD7\x33\xD7\x33\xD7\x33\xD7\x33\xD7\x33\xD7" +
	"\x33\xD7\x33\xD7\x33\xD7\x33\xD7\x33\xD7\x33\xD7\x33\xD7\x33\xD7\x33\xD7\x33\xD7\x33\xD7\x33\xD7\x33\xD7\x33\xD7\x33\xD7\x33\xD7" +
	"\x33\xD7\x33\xD7\x33\xD7\x33\xD7\x33\xD7\x33\xD7\x33\xD7\x33\xD7\x33\xD7\x33\xD7\x33\xD7\x33\xD7\x33\xD7\x33\xD7\x33\xD7\x33\xD7" +
	"\x33\xD7\x33\xD7\x33\xD7\x33\xF7\x33\xF7\x33\xF7\x33\xF7\x33\xF7\x33\xF7\x33\xF7\x33\xF7\x33\xF7\x33\xF7\x33\xF7\x33\xF7\x33\xF7" +
	"\x33\xF7\x33\xF7\x33\xF7\x33\xF7\x33\xF7\x33\xF7\x33\xF7\x33\xF7\x33\xF7\x33\xF7\x33\xF7\x33\xF7\x33\xF7\x33\xF7\x33\xF7\x3B\xF7" +
	"\x3B\xF7\x3B\xF7\x3B\xF7\x3B\xF7\x3B\xF7\x3B\xF7\x3B\xF7\x3B\xF7\x3B\xF7\x3B\xF7\x3B\xF7\x3B\xF7\x3B\xF7\x3B\xF7\x3B\xF7\x3B\xF7" +
	"\x3B\xF7\x3B\xF7\x3B\xF7\x3B\xF7\x3B\xF7\x3B\xF7\x3B\xF7\x3B\xF7\x3B\xF7\x3B\xF7\x3B\xF7\x3B\xF7\x3B\xF7\x3B\xF7\x3B\xF7\x3B\xF7" +
	"\x3B\xF7\x3B\xF7\x34\x17\x34\x17\x34\x17\x34\x17\x34\x17\x34\x17\x34\x17\x34\x17\x34\x17\x34\x17\x34\x17\x34\x17\x34\x17\x34\x17" +
	"\x34\x17\x34\x17\x34\x17\x34\x17\x34\x17\x34\x17\x34\x17\x34\x17\x34\x17\x34\x18\x34\x18\x34\x18\x34\x17\x34\x17\x34\x17\x34\x17" +
	"\x33\xD6\x33\xD6\x33\xD6\x33\xD6\x33\xD6\x33\xD6\x33\xD6\x33\xD6\x33\xD6\x33\xD6\x33\xD6\x33\xD6\x33\xD6\x33\xD6\x33\xD6\x33\xD6" +
	"\x33\xD6\x33\xD6\x33\xD6\x33\xD6\x33\xD6\x33\xD6\x33\xD6\x33\xD6\x33\xD6\x33\xD6\x33\xD6\x33\xD6\x33\xD6\x33\xD6\x33\xD6\x33\xD6" +
	"\x33\xD6\x33\xD6\x33\xD6\x33\xD6\x33\xD6\x33\xD6\x33\xD6\x33\xD6\x33\xD6\x33\xD6\x33\xD6\x33\xD6\x33\xD6\x33\xD6\x33\xD6\x33\xD6" +
	"\x33\xD6\x33\xD6\x33\xD6\x33\xD6\x33\xD6\x33\xD6\x33\xD6\x33\xD6\x33\xD6\x33\xD6\x33\xD6\x33\xD6\x33\xD6\x33\xD6\x33\xD6\x33\xD6" +
	"\x33\xD6\x33\xD6\x33\xD7\x33\xD7\x33\xD7\x33\xD7\x33\xD7\x33\xD7\x33\xD7\x33\xD7\x33\xD7\x33\xD7\x33\xD7\x33\xD7\x33\xD7\x33\xD7" +
	"\x33\xD7\x33\xD7\x33\xD7\x33\xD7\x33\xD7\x33\xD7\x33\xD7\x33\xD7\x33\xD7\x33\xD7\x33\xD7\x33\xD7\x33\xD7\x33\xD7\x33\xD7\x33\xD7" +
	"\x33\xD7\x33\xD7\x33\xD7\x33\xD7\x33\xD7\x33\xD7\x33\xD7\x33\xD7\x33\xD7\x33\xD7\x33\xD7\x33\xD7\x33\xD7\x33\xD7\x33\xD7\x33\xD7" +
	"\x33\xD7\x33\xD7\x33\xD7\x33\xD7\x33\xD7\x33\xD7\x33\xD7\x33\xD7\x33\xD7\x33\xD7\x33\xD7\x33\xD7\x33\xD7\x33\xD7\x33\xD7\x33\xD7" +
	"\x33\xD7\x33\xD7\x33\xD7\x33\xD7\x33\xD7\x33\xD7\x33\xD7\x33\xD7\x33\xD7\x33\xD7\x33\xD7\x33\xD7\x33\xD7\x33\xD7\x33\xD7\x33\xD7" +
	"\x33\xD7\x33\xD7\x33\xD7\x33\xD7\x33\xF7\x33\xF7\x33\xF7\x33\xF7\x33\xF7\x33\xF7\x33\xF7\x33\xF7\x33\xF7\x33\xF7\x33\xF7\x33\xF7" +
	"\x33\xF7\x33\xF7\x33\xF7\x33\xF7\x33\xF7\x33\xF7\x33\xF7\x33\xF7\x33\xF7\x33\xF7\x33\xF7\x33\xF7\x33\xF7\x33\xF7\x33\xF7\x33\xF7" +
	"\x33\xF7\x3B\xF7\x3B\xF7\x3B\xF7\x3B\xF7\x3B\xF7\x3B\xF7\x3B\xF7\x3B\xF7\x3B\xF7\x3B\xF7\x3B\xF7\x3B\xF7\x3B\xF7\x3B\xF7\x3B\xF7" +
	"\x3B\xF7\x3B\xF7\x3B\xF7\x3B\xF7\x3B\xF7\x3B\xF7\x3B\xF7\x3B\xF7\x3B\xF7\x3B\xF7\x3B\xF7\x3B\xF7\x3B\xF7\x3B\xF7\x3B\xF7\x3B\xF7" +
	"\x3B\xF7\x3B\xF7\x3B\xF7\x3B\xF7\x3C\x17\x34\x17\x34\x17\x34\x17\x34\x17\x34\x17\x34\x17\x34\x17\x34\x17\x34\x17\x34\x17\x34\x17" +
	"\x34\x17\x34\x17\x34\x17\x34\x17\x34\x17\x34\x17\x34\x17\x34\x17\x34\x17\x34\x17\x34\x17\x34\x18\x34\x17\x34\x17\x34\x17\x34\x18" +
	"\x33\xD6\x33\xD6\x33\xD6\x33\xD6\x33\xD6\x33\xD6\x33\xD6\x33\xD6\x33\xD6\x33\xD6\x33\xD6\x33\xD6\x33\xD6\x33\xD6\x33\xD6\x33\xD6" +
	"\x33\xD6\x33\xD6\x33\xD6\x33\xD6\x33\xD6\x33\xD6\x33\xD6\x33\xD6\x33\xD6\x33\xD6\x33\xD6\x33\xD6\x33\xD6\x33\xD6\x33\xD6\x33\xD6" +
	"\x33\xD6\x33\xD6\x33\xD6\x33\xD6\x33\xD6\x33\xD6\x33\xD6\x33\xD6\x33\xD6\x33\xD6\x33\xD6\x33\xD6\x33\xD6\x33\xD6\x33\xD6\x33\xD6" +
	"\x33\xD6\x33\xD6\x33\xD6\x33\xD6\x33\xD6\x33\xD6\x33\xD6\x33\xD6\x33\xD6\x33\xD6\x33\xD6\x33\xD6\x33\xD6\x33\xD6\x33\xD6\x33\xD6" +
	"\x33\xD6\x33\xD6\x33\xD6\x33\xD7\x33\xD7\x33\xD7\x33\xD7\x33\xD7\x33\xD7\x33\xD7\x33\xD7\x33\xD7\x33\xD7\x33\xD7\x33\xD7\x33\xD7" +
	"\x33\xD7\x33\xD7\x33\xD7\x33\xD7\x33\xD7\x33\xD7\x33\xD7\x33\xD7\x33\xD7\x33\xD7\x33\xD7\x33\xD7\x33\xD7\x33\xD7\x33\xD7\x33\xD7" +
	"\x33\xD7\x33\xD7\x33\xD7\x33\xD7\x33\xD7\x33\xD7\x33\xD7\x33\xD7\x33\xD7\x33\xD7\x33\xD7\x33\xD7\x33\xD7\x33\xD7\x33\xD7\x33\xD7" +
	"\x33\xD7\x33\xD7\x33\xD7\x33\xD7\x33\xD7\x33\xD7\x33\xD7\x33\xD7\x33\xD7\x33\xD7\x33\xD7\x33\xD7\x33\xD7\x33\xD7\x33\xD7\x33\xD7" +
	"\x33\xD7\x33\xD7\x33\xD7\x33\xD7\x33\xD7\x33\xD7\x33\xD7\x33\xD7\x33\xD7\x33\xD7\x33\xD7\x33\xD7\x33\xD7\x33\xD7\x33\xD7\x33\xD7" +
	"\x33\xD7\x33\xD7\x33\xD7\x33\xD7\x33\xD7\x33\xF7\x33\xF7\x3B\xF7\x33\xF7\x33\xF7\x33\xF7\x33\xF7\x33\xF7\x33\xF7\x33\xF7\x33\xF7" +
	"\x33\xF7\x33\xF7\x33\xF7\x33\xF7\x33\xF7\x33\xF7\x33\xF7\x33\xF7\x33\xF7\x33\xF7\x33\xF7\x33\xF7\x33\xF7\x33\xF7\x33\xF7\x33\xF7" +
	"\x33\xF7\x3B\xF7\x3B\xF7\x3B\xF7\x3B\xF7\x3B\xF7\x3B\xF7\x3B\xF7\x3B\xF7\x3B\xF7\x3B\xF7\x3B\xF7\x3B\xF7\x3B\xF7\x3B\xF7\x3B\xF7" +
	"\x3B\xF7\x3B\xF7\x3B\xF7\x3B\xF7\x3B\xF7\x3B\xF7\x3B\xF7\x3B\xF7\x3B\xF7\x3B\xF7\x3B\xF7\x3B\xF7\x3B\xF7\x3B\xF7\x3B\xF7\x3B\xF7" +
	"\x3B\xF7\x3B\xF7\x3B\xF7\x3B\xF7\x3B\xF7\x33\xF7\x33\xF7\x33\xF7\x33\xF7\x34\x17\x34\x17\x34\x17\x34\x17\x34\x17\x34\x17\x34\x17" +
	"\x34\x17\x34\x17\x34\x17\x34\x17\x34\x17\x34\x17\x34\x17\x34\x17\x34\x17\x34\x17\x34\x17\x34\x18\x34\x18\x34\x18\x34\x18\x34\x17" +
	"\x33\xD6\x33\xD6\x33\xD6\x33\xD6\x33\xD6\x33\xD6\x33\xD6\x33\xD6\x33\xD6\x33\xD6\x33\xD6\x33\xD6\x33\xD6\x33\xD6\x33\xD6\x33\xD6" +
	"\x33\xD6\x33\xD6\x33\xD6\x33\xD6\x33\xD6\x33\xD6\x33\xD6\x33\xD6\x33\xD6\x33\xD6\x33\xD6\x33\xD6\x33\xD6\x33\xD6\x33\xD6\x33\xD6" +
	"\x33\xD6\x33\xD6\x33\xD6\x33\xD6\x33\xD6\x33\xD6\x33\xD6\x33\xD6\x33\xD6\x33\xD6\x33\xD6\x33\xD6\x33\xD6\x33\xD6\x33\xD6\x33\xD6" +
	"\x33\xD6\x33\xD6\x33\xD6\x33\xD6\x33\xD6\x33\xD6\x33\xD6\x33\xD6\x33\xD6\x33\xD6\x33\xD6\x33\xD6\x33\xD6\x33\xD6\x33\xD6\x33\xD6" +
	"\x33\xD6\x33\xD6\x33\xD6\x33\xD6\x33\xD6\x33\xD7\x33\xD7\x33\xD7\x33\xD7\x33\xD7\x33\xD7\x33\xD7\x33\xD7\x33\xD7\x33\xD7\x33\xD7" +
	"\x33\xD7\x33\xD7\x33\xD7\x33\xD7\x33\xD7\x33\xD7\x33\xD7\x33\xD7\x33\xD7\x33\xD7\x33\xD7\x33\xD7\x33\xD7\x33\xD7\x33\xD7\x33\xD7" +
	"\x33\xD7\x33\xD7\x33\xD7\x33\xD7\x33\xD7\x33\xD7\x33\xD7\x33\xD7\x33\xD7\x33\xD7\x33\xD7\x33\xD7\x33\xD7\x33\xD7\x33\xD7\x33\xD7" +
	"\x33\xD7\x33\xD7\x33\xD7\x33\xD7\x33\xD7\x33\xD7\x33\xD7\x33\xD7\x33\xD7\x33\xD7\x33\xD7\x33\xD7\x33\xD7\x33\xD7\x33\xD7\x33\xD7" +
	"\x33\xD7\x33\xD7\x33\xD7\x33\xD7\x33\xD7\x33\xD7\x33\xD7\x33\xD7\x33\xD7\x33\xD7\x33\xD7\x33\xD7\x33\xD7\x33\xD7\x33\xD7\x33\xD7" +
	"\x33\xD7\x33\xD7\x33\xD7\x33\xD7\x33\xD7\x33\xD7\x33\xF7\x33\xF7\x33\xF7\x33\xF7\x33\xF7\x33\xF7\x33\xF7\x33\xF7\x33\xF7\x33\xF7" +
	"\x33\xF7\x33\xF7\x33\xF7\x33\xF7\x33\xF7\x33\xF7\x33\xF7\x33\xF7\x33\xF7\x33\xF7\x33\xF7\x33\xF7\x33\xF7\x33\xF7\x33\xF7\x3B\xF7" +
	"\x33\xF7\x33\xF7\x33\xF7\x3B\xF7\x3B\xF7\x3B\xF7\x3B\xF7\x3B\xF7\x3B\xF7\x3B\xF7\x3B\xF7\x3B\xF7\x3B\xF7\x3B\xF7\x3B\xF7\x3B\xF7" +
	"\x3B\xF7\x3B\xF7\x3B\xF7\x3B\xF7\x3B\xF7\x3B\xF7\x3B\xF7\x3B\xF7\x3B\xF7\x3B\xF7\x3B\xF7\x33\xF7\x3B\xF7\x3B\xF7\x3B\xF7\x3B\xF7" +
	"\x3B\xF7\x3B\xF7\x3B\xF7\x3B\xF7\x3B\xF7\x3B\xF7\x3B\xF7\x3B\xF7\x3B\xF7\x3B\xF7\x33\xF7\x34\x17\x34\x17\x34\x17\x34\x17\x34\x17" +
	"\x34\x17\x34\x17\x34\x17\x34\x17\x34\x17\x34\x17\x34\x17\x34\x17\x34\x17\x34\x17\x34\x17\x34\x17\x34\x17\x34\x17\x34\x18\x34\x17" +
	"\x33\xD6\x33\xD6\x33\xD6\x33\xD6\x33\xD6\x33\xD6\x33\xD6\x33\xD6\x33\xD6\x33\xD6\x33\xD6\x33\xD6\x33\xD6\x33\xD6\x33\xD6\x33\xD6" +
	"\x33\xD6\x33\xD6\x33\xD6\x33\xD6\x33\xD6\x33\xD6\x33\xD6\x33\xD6\x33\xD6\x33\xD6\x33\xD6\x33\xD6\x33\xD6\x33\xD6\x33\xD6\x33\xD6" +
	"\x33\xD6\x33\xD6\x33\xD6\x33\xD6\x33\xD6\x33\xD6\x33\xD6\x33\xD6\x33\xD6\x33\xD6\x33\xD6\x33\xD6\x33\xD6\x33\xD6\x33\xD6\x33\xD6" +
	"\x33\xD6\x33\xD6\x33\xD6\x33\xD6\x33\xD6\x33\xD6\x33\xD6\x33\xD6\x33\xD6\x33\xD6\x33\xD6\x33\xD6\x33\xD6\x33\xD6\x33\xD6\x33\xD6" +
	"\x33\xD6\x33\xD6\x33\xD6\x33\xD6\x33\xD6\x33\xD7\x33\xD7\x33\xD7\x33\xD7\x33\xD7\x33\xD7\x33\xD7\x33\xD7\x33\xD7\x33\xD7\x33\xD7" +
	"\x33\xD7\x33\xD7\x33\xD7\x33\xD7\x33\xD7\x33\xD7\x33\xD7\x33\xD7\x33\xD7\x33\xD7\x33\xD7\x33\xD7\x33\xD7\x33\xD7\x33\xD7\x33\xD7" +
	"\x33\xD7\x33\xD7\x33\xD7\x33\xD7\x33\xD7\x33\xD7\x33\xD7\x33\xD7\x33\xD7\x33\xD7\x33\xD7\x33\xD7\x33\xD7\x33\xD7\x33\xD7\x33\xD7" +
	"\x33\xD7\x33\xD7\x33\xD7\x33\xD7\x33\xD7\x33\xD7\x33\xD7\x33\xD7\x33\xD7\x33\xD7\x33\xD7\x33\xD7\x33\xD7\x33\xD7\x33\xD7\x33\xD7" +
	"\x33\xD7\x33\xD7\x33\xD7\x33\xD7\x33\xD7\x33\xD7\x33\xD7\x33\xD7\x33\xD7\x33\xD7\x33\xD7\x33\xD7\x33\xD7\x33\xD7\x33\xD7\x33\xD7" +
	"\x33\xD7\x33\xD7\x33\xD7\x33\xD7\x33\xD7\x33\xD7\x33\xD7\x33\xF7\x33\xF7\x3B\xF7\x33\xF7\x33\xF7\x33\xF7\x33\xF7\x33\xF7\x33\xF7" +
	"\x33\xF7\x33\xF7\x33\xF7\x33\xF7\x33\xF7\x33\xF7\x33\xF7\x33\xF7\x33\xF7\x33\xF7\x33\xF7\x33\xF7\x33\xF7\x33\xF7\x33\xF7\x33\xF7" +
	"\x33\xF7\x33\xF7\x33\xF7\x33\xF7\x3B\xF7\x3B\xF7\x3B\xF7\x3B\xF7\x3B\xF7\x3B\xF7\x3B\xF7\x3B\xF7\x3B\xF7\x3B\xF7\x3B\xF7\x3B\xF7" +
	"\x3B\xF7\x3B\xF7\x3B\xF7\x3B\xF7\x3B\xF7\x3B\xF7\x3B\xF7\x3B\xF7\x3B\xF7\x3B\xF7\x3B\xF7\x3B\xF7\x3B\xF7\x3B\xF7\x3B\xF7\x3B\xF7" +
	"\x3B\xF7\x3B\xF7\x3B\xF7\x3B\xF7\x3B\xF7\x3B\xF7\x3B\xF7\x3B\xF7\x3B\xF7\x3B\xF7\x33\xF7\x33\xF7\x34\x17\x34\x17\x34\x17\x34\x17" +
	"\x34\x17\x34\x18\x34\x18\x34\x17\x34\x17\x34\x17\x34\x17\x34\x17\x34\x17\x34\x17\x34\x17\x34\x17\x34\x17\x34\x17\x34\x18\x34\x38" +
	"\x33\xD6\x33\xD6\x33\xD6\x33\xD6\x33\xD6\x33\xD6\x33\xD6\x33\xD6\x33\xD6\x33\xD6\x33\xD6\x33\xD6\x33\xD6\x33\xD6\x33\xD6\x33\xD6" +
	"\x33\xD6\x33\xD6\x33\xD6\x33\xD6\x33\xD6\x33\xD6\x33\xD6\x33\xD6\x33\xD6\x33\xD6\x33\xD6\x33\xD6\x33\xD6\x33\xD6\x33\xD6\x33\xD6" +
	"\x33\xD6\x33\xD6\x33\xD6\x33\xD6\x33\xD6\x33\xD6\x33\xD6\x33\xD6\x33\xD6\x33\xD6\x33\xD6\x33\xD6\x33\xD6\x33\xD6\x33\xD6\x33\xD6" +
	"\x33\xD6\x33\xD6\x33\xD6\x33\xD6\x33\xD6\x33\xD6\x33\xD6\x33\xD6\x33\xD6\x33\xD6\x33\xD6\x33\xD6\x33\xD6\x33\xD6\x33\xD6\x33\xD6" +
	"\x33\xD6\x33\xD6\x33\xD6\x33\xD6\x33\xD6\x33\xD6\x33\xD7\x33\xD7\x33\xD7\x33\xD7\x33\xD7\x33\xD7\x33\xD7\x33\xD7\x33\xD7\x33\xD7" +
	"\x33\xD7\x33\xD7\x33\xD7\x33\xD7\x33\xD7\x33\xD7\x33\xD7\x33\xD7\x33\xD7\x33\xD7\x33\xD7\x33\xD7\x33\xD7\x33\xD7\x33\xD7\x33\xD7" +
	"\x33\xD7\x33\xD7\x33\xD7\x33\xD7\x33\xD7\x33\xD7\x33\xD7\x33\xD7\x33\xD7\x33\xD7\x33\xD7\x33\xD7\x33\xD7\x33\xD7\x33\xD7\x33\xD7" +
	"\x33\xD7\x33\xD7\x33\xD7\x33\xD7\x33\xD7\x33\xD7\x33\xD7\x33\xD7\x33\xD7\x33\xD7\x33\xD7\x33\xD7\x33\xD7\x33\xD7\x33\xD7\x33\xD7" +
	"\x33\xD7\x33\xD7\x33\xD7\x33\xD7\x33\xD7\x33\xD7\x33\xD7\x33\xD7\x33\xD7\x33\xD7\x33\xD7\x33\xD7\x33\xD7\x33\xD7\x33\xD7\x33\xD7" +
	"\x33\xD7\x33\xD7\x33\xD7\x33\xD7\x33\xD7\x33\xD7\x33\xD7\x33\xD7\x33\xF7\x33\xF7\x33\xF7\x33\xF7\x33\xF7\x33\xF7\x33\xF7\x33\xF7" +
	"\x33\xF7\x33\xF7\x33\xF7\x33\xF7\x33\xF7\x33\xF7\x33\xF7\x33\xF7\x33\xF7\x33\xF7\x33\xF7\x33\xF7\x33\xF7\x33\xF7\x33\xF7\x33\xF7" +
	"\x33\xF7\x33\xF7\x33\xF7\x33\xF7\x33\xF7\x3B\xF7\x3B\xF7\x3B\xF7\x3B\xF7\x3B\xF7\x3B\xF7\x3B\xF7\x3B\xF7\x3B\xF7\x3B\xF7\x3B\xF7" +
	"\x3B\xF7\x3B\xF7\x3B\xF7\x3B\xF7\x3B\xF7\x3B\xF7\x3B\xF7\x3B\xF7\x3B\xF7\x3B\xF7\x3B\xF7\x3B\xF7\x3B\xF7\x3B\xF7\x3B\xF7\x3B\xF7" +
	"\x3B\xF7\x3B\xF7\x3B\xF7\x3B\xF7\x3B\xF7\x3B\xF7\x3B\xF7\x3B\xF7\x3B\xF7\x3B\xF7\x33\xF7\x3B\xF7\x3B\xF7\x34\x17\x34\x17\x34\x17" +
	"\x34\x17\x34\x17\x34\x17\x34\x18\x34\x17\x34\x17\x34\x17\x34\x17\x34\x17\x34\x17\x34\x17\x34\x17\x34\x17\x34\x17\x34\x17\x34\x17" +
	"\x33\xD6\x33\xD6\x33\xD6\x33\xD6\x33\xD6\x33\xD6\x33\xD6\x33\xD6\x33\xD6\x33\xD6\x33\xD6\x33\xD6\x33\xD6\x33\xD6\x33\xD6\x33\xD6" +
	"\x33\xD6\x33\xD6\x33\xD6\x33\xD6\x33\xD6\x33\xD6\x33\xD6\x33\xD6\x33\xD6\x33\xD6\x33\xD6\x33\xD6\x33\xD6\x33\xD6\x33\xD6\x33\xD6" +
	"\x33\xD6\x33\xD6\x33\xD6\x33\xD6\x33\xD6\x33\xD6\x33\xD6\x33\xD6\x33\xD6\x33\xD6\x33\xD6\x33\xD6\x33\xD6\x33\xD6\x33\xD6\x33\xD6" +
	"\x33\xD6\x33\xD6\x33\xD6\x33\xD6\x33\xD6\x33\xD6\x33\xD6\x33\xD6\x33\xD6\x33\xD6\x33\xD6\x33\xD6\x33\xD6\x33\xD6\x33\xD6\x33\xD6" +
	"\x33\xD6\x33\xD6\x33\xD6\x33\xD6\x33\xD6\x33\xD6\x33\xD7\x33\xD7\x33\xD7\x33\xD7\x33\xD7\x33\xD7\x33\xD7\x33\xD7\x33\xD7\x33\xD7" +
	"\x33\xD7\x33\xD7\x33\xD7\x33\xD7\x33\xD7\x33\xD7\x33\xD7\x33\xD7\x33\xD7\x33\xD7\x33\xD7\x33\xD7\x33\xD7\x33\xD7\x33\xD7\x33\xD7" +
	"\x33\xD7\x33\xD7\x33\xD7\x33\xD7\x33\xD7\x33\xD7\x33\xD7\x33\xD7\x33\xD7\x33\xD7\x33\xD7\x33\xD7\x33\xD7\x33\xD7\x33\xD7\x33\xD7" +
	"\x33\xD7\x33\xD7\x33\xD7\x33\xD7\x33\xD7\x33\xD7\x33\xD7\x33\xD7\x33\xD7\x33\xD7\x33\xD7\x33\xD7\x33\xD7\x33\xD7\x33\xD7\x33\xD7" +
	"\x33\xD7\x33\xD7\x33\xD7\x33\xD7\x33\xD7\x33\xD7\x33\xD7\x33\xD7\x33\xD7\x33\xD7\x33\xD7\x33\xD7\x33\xD7\x33\xD7\x33\xD7\x33\xD7" +
	"\x33\xD7\x33\xD7\x33\xD7\x33\xD7\x33\xD7\x33\xD7\x33\xD7\x33\xD7\x33\xD7\x33\xF7\x33\xF7\x33\xF7\x33\xF7\x33\xF7\x33\xF7\x33\xF7" +
	"\x33\xF7\x33\xF7\x33\xF7\x33\xF7\x33\xF7\x33\xF7\x33\xF7\x33\xF7\x33\xF7\x33\xF7\x33\xF7\x33\xF7\x33\xF7\x33\xF7\x33\xF7\x33\xF7" +
	"\x33\xF7\x33\xF7\x3B\xF7\x3B\xF7\x33\xF7\x33\xF7\x3B\xF7\x3B\xF7\x3B\xF7\x3B\xF7\x3B\xF7\x3B\xF7\x3B\xF7\x3B\xF7\x3B\xF7\x3B\xF7" +
	"\x3B\xF7\x3B\xF7\x3B\xF7\x3B\xF7\x3B\xF7\x3B\xF7\x3B\xF7\x3B\xF7\x3B\xF7\x3B\xF7\x3B\xF7\x3B\xF7\x3B\xF7\x33\xF7\x3B\xF7\x3B\xF7" +
	"\x3B\xF7\x3B\xF7\x3B\xF7\x3B\xF7\x3B\xF7\x3B\xF7\x3B\xF7\x3B\xF7\x3B\xF7\x3B\xF7\x33\xF7\x3B\xF7\x3B\xF7\x3B\xF7\x34\x17\x34\x17" +
	"\x34\x17\x34\x17\x34\x17\x34\x17\x34\x17\x34\x18\x34\x17\x34\x17\x34\x17\x34\x17\x34\x17\x34\x17\x34\x17\x34\x17\x34\x17\x34\x17" +
	"\x33\xD6\x33\xD6\x33\xD6\x33\xD6\x33\xD6\x33\xD6\x33\xD6\x33\xD6\x33\xD6\x33\xD6\x33\xD6\x33\xD6\x33\xD6\x33\xD6\x33\xD6\x33\xD6" +
	"\x33\xD6\x33\xD6\x33\xD6\x33\xD6\x33\xD6\x33\xD6\x33\xD6\x33\xD6\x33\xD6\x33\xD6\x33\xD6\x33\xD6\x33\xD6\x33\xD6\x33\xD6\x33\xD6" +
	"\x33\xD6\x33\xD6\x33\xD6\x33\xD6\x33\xD6\x33\xD6\x33\xD6\x33\xD6\x33\xD6\x33\xD6\x33\xD6\x33\xD6\x33\xD6\x33\xD6\x33\xD6\x33\xD6" +
	"\x33\xD6\x33\xD6\x33\xD6\x33\xD6\x33\xD6\x33\xD6\x33\xD6\x33\xD6\x33\xD6\x33\xD6\x33\xD6\x33\xD6\x33\xD6\x33\xD6\x33\xD6\x33\xD6" +
	"\x33\xD6\x33\xD6\x33\xD6\x33\xD6\x33\xD6\x33\xD6\x33\xD6\x33\xD6\x33\xD7\x33\xD7\x33\xD7\x33\xD7\x33\xD7\x33\xD7\x33\xD7\x33\xD7" +
	"\x33\xD7\x33\xD7\x33\xD7\x33\xD7\x33\xD7\x33\xD7\x33\xD7\x33\xD7\x33\xD7\x33\xD7\x33\xD7\x33\xD7\x33\xD7\x33\xD7\x33\xD7\x33\xD7" +
	"\x33\xD7\x33\xD7\x33\xD7\x33\xD7\x33\xD7\x33\xD7\x33\xD7\x33\xD7\x33\xD7\x33\xD7\x33\xD7\x33\xD7\x33\xD7\x33\xD7\x33\xD7\x33\xD7" +
	"\x33\xD7\x33\xD7\x33\xD7\x33\xD7\x33\xD7\x33\xD7\x33\xD7\x33\xD7\x33\xD7\x33\xD7\x33\xD7\x33\xD7\x33\xD7\x33\xD7\x33\xD7\x33\xD7" +
	"\x33\xD7\x33\xD7\x33\xD7\x33\xD7\x33\xD7\x33\xD7\x33\xD7\x33\xD7\x33\xD7\x33\xD7\x33\xD7\x33\xD7\x33\xD7\x33\xD7\x33\xD7\x33\xD7" +
	"\x33\xD7\x33\xD7\x33\xD7\x33\xD7\x33\xD7\x33\xD7\x33\xD7\x33\xD7\x33\xD7\x33\xD7\x33\xD7\x33\xF7\x33\xF7\x3B\xF7\x33\xF7\x33\xF7" +
	"\x33\xF7\x33\xF7\x33\xF7\x33\xF7\x33\xF7\x33\xF7\x33\xF7\x33\xF7\x33\xF7\x33\xF7\x33\xF7\x33\xF7\x33\xF7\x33\xF7\x33\xF7\x33\xF7" +
	"\x33\xF7\x33\xF7\x33\xF7\x33\xF7\x33\xF7\x33\xF7\x33\xF7\x33\xF7\x3B\xF7\x3B\xF7\x3B\xF7\x3B\xF7\x3B\xF7\x3B\xF7\x3B\xF7\x3B\xF7" +
	"\x3B\xF7\x3B\xF7\x3B\xF7\x3B\xF7\x3B\xF7\x3B\xF7\x3B\xF7\x3B\xF7\x3B\xF7\x3B\xF7\x3B\xF7\x3B\xF7\x3B\xF7\x3B\xF7\x33\xF7\x3B\xF7" +
	"\x3B\xF7\x3B\xF7\x3B\xF7\x3B\xF7\x3B\xF7\x3B\xF7\x3B\xF7\x3B\xF7\x3B\xF7\x3B\xF7\x3B\xF7\x3B\xF7\x33\xF7\x33\xF7\x3B\xF7\x3B\xF7" +
	"\x34\x17\x34\x17\x34\x17\x34\x17\x34\x17\x34\x17\x34\x17\x34\x17\x34\x17\x34\x17\x34\x17\x34\x17\x34\x17\x34\x17\x34\x17\x34\x17" +
	"\x33\xD6\x33\xD6\x33\xD6\x33\xD6\x33\xD6\x33\xD6\x33\xD6\x33\xD6\x33\xD6\x33\xD6\x33\xD6\x33\xD6\x33\xD6\x33\xD6\x33\xD6\x33\xD6" +
	"\x33\xD6\x33\xD6\x33\xD6\x33\xD6\x33\xD6\x33\xD6\x33\xD6\x33\xD6\x33\xD6\x33\xD6\x33\xD6\x33\xD6\x33\xD6\x33\xD6\x33\xD6\x33\xD6" +
	"\x33\xD6\x33\xD6\x33\xD6\x33\xD6\x33\xD6\x33\xD6\x33\xD6\x33\xD6\x33\xD6\x33\xD6\x33\xD6\x33\xD6\x33\xD6\x33\xD6\x33\xD6\x33\xD6" +
	"\x33\xD6\x33\xD6\x33\xD6\x33\xD6\x33\xD6\x33\xD6\x33\xD6\x33\xD6\x33\xD6\x33\xD6\x33\xD6\x33\xD6\x33\xD6\x33\xD6\x33\xD6\x33\xD6" +
	"\x33\xD6\x33\xD6\x33\xD6\x33\xD6\x33\xD6\x33\xD6\x33\xD6\x33\xD6\x33\xD7\x33\xD7\x33\xD7\x33\xD7\x33\xD7\x33\xD7\x33\xD7\x33\xD7" +
	"\x33\xD7\x33\xD7\x33\xD7\x33\xD7\x33\xD7\x33\xD7\x33\xD7\x33\xD7\x33\xD7\x33\xD7\x33\xD7\x33\xD7\x33\xD7\x33\xD7\x33\xD7\x33\xD7" +
	"\x33\xD7\x33\xD7\x33\xD7\x33\xD7\x33\xD7\x33\xD7\x33\xD7\x33\xD7\x33\xD7\x33\xD7\x33\xD7\x33\xD7\x33\xD7\x33\xD7\x33\xD7\x33\xD7" +
	"\x33\xD7\x33\xD7\x33\xD7\x33\xD7\x33\xD7\x33\xD7\x33\xD7\x33\xD7\x33\xD7\x33\xD7\x33\xD7\x33\xD7\x33\xD7\x33\xD7\x33\xD7\x33\xD7" +
	"\x33\xD7\x33\xD7\x33\xD7\x33\xD7\x33\xD7\x33\xD7\x33\xD7\x33\xD7\x33\xD7\x33\xD7\x33\xD7\x33\xD7\x33\xD7\x33\xD7\x33\xD7\x33\xD7" +
	"\x33\xD7\x33\xD7\x33\xD7\x33\xD7\x33\xD7\x33\xD7\x33\xD7\x33\xD7\x33\xD7\x33\xD7\x33\xD7\x33\xF7\x33\xF7\x3B\xF7\x33\xF7\x33\xF7" +
	"\x33\xF7\x33\xF7\x33\xF7\x33\xF7\x33\xF7\x33\xF7\x33\xF7\x33\xF7\x33\xF7\x33\xF7\x33\xF7\x33\xF7\x33\xF7\x33\xF7\x33\xF7\x33\xF7" +
	"\x33\xF7\x33\xF7\x33\xF7\x33\xF7\x33\xF7\x33\xF7\x33\xF7\x33\xF7\x33\xF7\x33\xF7\x3B\xF7\x3B\xF7\x3B\xF7\x3B\xF7\x3B\xF7\x3B\xF7" +
	"\x3B\xF7\x3B\xF7\x3B\xF7\x3B\xF7\x3B\xF7\x3B\xF7\x3B\xF7\x3B\xF7\x3B\xF7\x3B\xF7\x3B\xF7\x3B\xF7\x3B\xF7\x3B\xF7\x3B\xF7\x3B\xF7" +
	"\x33\xF7\x3B\xF7\x3B\xF7\x3B\xF7\x3B\xF7\x3B\xF7\x3B\xF7\x3B\xF7\x3B\xF7\x3B\xF7\x3B\xF7\x3B\xF7\x3B\xF7\x3B\xF7\x3B\xF7\x3B\xF7" +
	"\x3B\xF7\x34\x17\x34\x17\x34\x17\x34\x17\x34\x17\x34\x18\x3C\x18\x34\x17\x34\x17\x34\x17\x34\x17\x34\x17\x34\x17\x34\x17\x34\x17" +
	"\x33\xD6\x33\xD6\x33\xD6\x33\xD6\x33\xD6\x33\xD6\x33\xD6\x33\xD6\x33\xD6\x33\xD6\x33\xD6\x33\xD6\x33\xD6\x33\xD6\x33\xD6\x33\xD6" +
	"\x33\xD6\x33\xD6\x33\xD6\x33\xD6\x33\xD6\x33\xD6\x33\xD6\x33\xD6\x33\xD6\x33\xD6\x33\xD6\x33\xD6\x33\xD6\x33\xD6\x33\xD6\x33\xD6" +
	"\x33\xD6\x33\xD6\x33\xD6\x33\xD6\x33\xD6\x33\xD6\x33\xD6\x33\xD6\x33\xD6\x33\xD6\x33\xD6\x33\xD6\x33\xD6\x33\xD6\x33\xD6\x33\xD6" +
	"\x33\xD6\x33\xD6\x33\xD6\x33\xD6\x33\xD6\x33\xD6\x33\xD6\x33\xD6\x33\xD6\x33\xD6\x33\xD6\x33\xD6\x33\xD6\x33\xD6\x33\xD6\x33\xD6" +
	"\x33\xD6\x33\xD6\x33\xD6\x33\xD6\x33\xD6\x33\xD6\x33\xD6\x33\xD6\x33\xD6\x33\xD7\x33\xD7\x33\xD7\x33\xD7\x33\xD7\x33\xD7\x33\xD7" +
	"\x33\xD7\x33\xD7\x33\xD7\x33\xD7\x33\xD7\x33\xD7\x33\xD7\x33\xD7\x33\xD7\x33\xD7\x33\xD7\x33\xD7\x33\xD7\x33\xD7\x33\xD7\x33\xD7" +
	"\x33\xD7\x33\xD7\x33\xD7\x33\xD7\x33\xD7\x33\xD7\x33\xD7\x33\xD7\x33\xD7\x33\xD7\x33\xD7\x33\xD7\x33\xD7\x33\xD7\x33\xD7\x33\xD7" +
	"\x33\xD7\x33\xD7\x33\xD7\x33\xD7\x33\xD7\x33\xD7\x33\xD7\x33\xD7\x33\xD7\x33\xD7\x33\xD7\x33\xD7\x33\xD7\x33\xD7\x33\xD7\x33\xD7" +
	"\x33\xD7\x33\xD7\x33\xD7\x33\xD7\x33\xD7\x33\xD7\x33\xD7\x33\xD7\x33\xD7\x33\xD7\x33\xD7\x33\xD7\x33\xD7\x33\xD7\x33\xD7\x33\xD7" +
	"\x33\xD7\x33\xD7\x33\xD7\x33\xD7\x33\xD7\x33\xD7\x33\xD7\x33\xD7\x33\xD7\x33\xD7\x33\xD7\x33\xF7\x33\xF7\x33\xF7\x33\xF7\x33\xF7" +
	"\x33\xF7\x33\xF7\x33\xF7\x33\xF7\x33\xF7\x33\xF7\x33\xF7\x33\xF7\x33\xF7\x33\xF7\x33\xF7\x33\xF7\x33\xF7\x33\xF7\x33\xF7\x33\xF7" +
	"\x33\xF7\x33\xF7\x33\xF7\x33\xF7\x33\xF7\x33\xF7\x33\xF7\x33\xF7\x33\xF7\x33\xF7\x3B\xF7\x3B\xF7\x3B\xF7\x3B\xF7\x3B\xF7\x3B\xF7" +
	"\x3B\xF7\x3B\xF7\x3B\xF7\x3B\xF7\x3B\xF7\x3B\xF7\x3B\xF7\x3B\xF7\x3B\xF7\x3B\xF7\x3B\xF7\x3B\xF7\x3B\xF7\x3B\xF7\x3B\xF7\x3B\xF7" +
	"\x3B\xF7\x33\xF7\x3B\xF7\x3B\xF7\x3B\xF7\x3B\xF7\x3B\xF7\x3B\xF7\x3B\xF7\x3B\xF7\x3B\xF7\x3B\xF7\x3B\xF7\x3B\xF7\x33\xF7\x33\xF7" +
	"\x3B\xF7\x3B\xF7\x3C\x17\x34\x17\x34\x17\x34\x17\x34\x17\x34\x17\x3C\x18\x34\x18\x34\x17\x34\x17\x34\x17\x34\x17\x34\x17\x34\x17" +
	"\x33\xD6\x33\xD6\x33\xD6\x33\xD6\x33\xD6\x33\xD6\x33\xD6\x33\xD6\x33\xD6\x33\xD6\x33\xD6\x33\xD6\x33\xD6\x33\xD6\x33\xD6\x33\xD6" +
	"\x33\xD6\x33\xD6\x33\xD6\x33\xD6\x33\xD6\x33\xD6\x33\xD6\x33\xD6\x33\xD6\x33\xD6\x33\xD6\x33\xD6\x33\xD6\x33\xD6\x33\xD6\x33\xD6" +
	"\x33\xD6\x33\xD6\x33\xD6\x33\xD6\x33\xD6\x33\xD6\x33\xD6\x33\xD6\x33\xD6\x33\xD6\x33\xD6\x33\xD6\x33\xD6\x33\xD6\x33\xD6\x33\xD6" +
	"\x33\xD6\x33\xD6\x33\xD6\x33\xD6\x33\xD6\x33\xD6\x33\xD6\x33\xD6\x33\xD6\x33\xD6\x33\xD6\x33\xD6\x33\xD6\x33\xD6\x33\xD6\x33\xD6" +
	"\x33\xD6\x33\xD6\x33\xD6\x33\xD6\x33\xD6\x33\xD6\x33\xD6\x33\xD6\x33\xD6\x33\xD6\x33\xD7\x33\xD7\x33\xD7\x33\xD7\x33\xD7\x33\xD7" +
	"\x33\xD7\x33\xD7\x33\xD7\x33\xD7\x33\xD7\x33\xD7\x33\xD7\x33\xD7\x33\xD7\x33\xD7\x33\xD7\x33\xD7\x33\xD7\x33\xD7\x33\xD7\x33\xD7" +
	"\x33\xD7\x33\xD7\x33\xD7\x33\xD7\x33\xD7\x33\xD7\x33\xD7\x33\xD7\x33\xD7\x33\xD7\x33\xD7\x33\xD7\x33\xD7\x33\xD7\x33\xD7\x33\xD7" +
	"\x33\xD7\x33\xD7\x33\xD7\x33\xD7\x33\xD7\x33\xD7\x33\xD7\x33\xD7\x33\xD7\x33\xD7\x33\xD7\x33\xD7\x33\xD7\x33\xD7\x33\xD7\x33\xD7" +
	"\x33\xD7\x33\xD7\x33\xD7\x33\xD7\x33\xD7\x33\xD7\x33\xD7\x33\xD7\x33\xD7\x33\xD7\x33\xD7\x33\xD7\x33\xD7\x33\xD7\x33\xD7\x33\xD7" +
	"\x33\xD7\x33\xD7\x33\xD7\x33\xD7\x33\xD7\x33\xD7\x33\xD7\x33\xD7\x33\xD7\x33\xD7\x33\xD7\x33\xD7\x33\xD7\x33\xF7\x33\xF7\x33\xF7" +
	"\x33\xF7\x33\xF7\x3B\xF7\x3B\xF7\x33\xF7\x33\xF7\x33\xF7\x33\xF7\x33\xF7\x33\xF7\x33\xF7\x33\xF7\x33\xF7\x33\xF7\x33\xF7\x33\xF7" +
	"\x33\xF7\x33\xF7\x33\xF7\x33\xF7\x33\xF7\x33\xF7\x33\xF7\x33\xF7\x33\xF7\x33\xF7\x33\xF7\x3B\xF7\x3B\xF7\x3B\xF7\x3B\xF7\x3B\xF7" +
	"\x3B\xF7\x3B\xF7\x3B\xF7\x3B\xF7\x3B\xF7\x3B\xF7\x3B\xF7\x3B\xF7\x3B\xF7\x3B\xF7\x3B\xF7\x3B\xF7\x3B\xF7\x3B\xF7\x3B\xF7\x3B\xF7" +
	"\x3B\xF7\x3B\xF7\x33\xF7\x3B\xF7\x3B\xF7\x3B\xF7\x3B\xF7\x3B\xF7\x3B\xF7\x3B\xF7\x3B\xF7\x3B\xF7\x3B\xF7\x3B\xF7\x3B\xF7\x3B\xF7" +
	"\x3B\xF7\x3B\xF7\x33\xF7\x34\x17\x34\x17\x34\x17\x34\x17\x34\x17\x34\x17\x3C\x18\x34\x17\x34\x17\x34\x17\x34\x17\x34\x17\x34\x17" +
	"\x33\xD6\x33\xD6\x33\xD6\x33\xD6\x33\xD6\x33\xD6\x33\xD6\x33\xD6\x33\xD6\x33\xD6\x33\xD6\x33\xD6\x33\xD6\x33\xD6\x33\xD6\x33\xD6" +
	"\x33\xD6\x33\xD6\x33\xD6\x33\xD6\x33\xD6\x33\xD6\x33\xD6\x33\xD6\x33\xD6\x33\xD6\x33\xD6\x33\xD6\x33\xD6\x33\xD6\x33\xD6\x33\xD6" +
	"\x33\xD6\x33\xD6\x33\xD6\x33\xD6\x33\xD6\x33\xD6\x33\xD6\x33\xD6\x33\xD6\x33\xD6\x33\xD6\x33\xD6\x33\xD6\x33\xD6\x33\xD6\x33\xD6" +
	"\x33\xD6\x33\xD6\x33\xD6\x33\xD6\x33\xD6\x33\xD6\x33\xD6\x33\xD6\x33\xD6\x33\xD6\x33\xD6\x33\xD6\x33\xD6\x33\xD6\x33\xD6\x33\xD6" +
	"\x33\xD6\x33\xD6\x33\xD6\x33\xD6\x33\xD6\x33\xD6\x33\xD6\x33\xD6\x33\xD6\x33\xD6\x33\xD6\x33\xD7\x33\xD7\x33\xD7\x33\xD7\x33\xD7" +
	"\x33\xD7\x33\xD7\x33\xD7\x33\xD7\x33\xD7\x33\xD7\x33\xD7\x33\xD7\x33\xD7\x33\xD7\x33\xD7\x33\xD7\x33\xD7\x33\xD7\x33\xD7\x33\xD7" +
	"\x33\xD7\x33\xD7\x33\xD7\x33\xD7\x33\xD7\x33\xD7\x33\xD7\x33\xD7\x33\xD7\x33\xD7\x33\xD7\x33\xD7\x33\xD7\x33\xD7\x33\xD7\x33\xD7" +
	"\x33\xD7\x33\xD7\x33\xD7\x33\xD7\x33\xD7\x33\xD7\x33\xD7\x33\xD7\x33\xD7\x33\xD7\x33\xD7\x33\xD7\x33\xD7\x33\xD7\x33\xD7\x33\xD7" +
	"\x33\xD7\x33\xD7\x33\xD7\x33\xD7\x33\xD7\x33\xD7\x33\xD7\x33\xD7\x33\xD7\x33\xD7\x33\xD7\x33\xD7\x33\xD7\x33\xD7\x33\xD7\x33\xD7" +
	"\x33\xD7\x33\xD7\x33\xD7\x33\xD7\x33\xD7\x33\xD7\x33\xD7\x33\xD7\x33\xD7\x33\xD7\x33\xD7\x33\xD7\x33\xD7\x33\xD7\x33\xF7\x33\xF7" +
	"\x33\xF7\x33\xF7\x33\xF7\x33\xF7\x33\xF7\x33\xF7\x33\xF7\x33\xF7\x33\xF7\x33\xF7\x33\xF7\x33\xF7\x33\xF7\x33\xF7\x33\xF7\x33\xF7" +
	"\x33\xF7\x33\xF7\x33\xF7\x33\xF7\x33\xF7\x33\xF7\x33\xF7\x33\xF7\x33\xF7\x33\xF7\x3B\xF7\x33\xF7\x3B\xF7\x3B\xF7\x3B\xF7\x3B\xF7" +
	"\x3B\xF7\x3B\xF7\x3B\xF7\x3B\xF7\x3B\xF7\x3B\xF7\x3B\xF7\x3B\xF7\x3B\xF7\x3B\xF7\x3B\xF7\x3B\xF7\x3B\xF7\x3B\xF7\x3B\xF7\x3B\xF7" +
	"\x3B\xF7\x3B\xF7\x3B\xF7\x33\xF7\x33\xF7\x3B\xF7\x3B\xF7\x3B\xF7\x3B\xF7\x3B\xF7\x3B\xF7\x3B\xF7\x3B\xF7\x3B\xF7\x3B\xF7\x3B\xF7" +
	"\x3B\xF7\x33\xF7\x33\xF7\x33\xF7\x3B\xF7\x34\x17\x34\x17\x34\x17\x34\x17\x34\x17\x3C\x18\x34\x18\x34\x17\x34\x17\x34\x17\x34\x17" +
	"\x33\xD6\x33\xD6\x33\xD6\x33\xD6\x33\xD6\x33\xD6\x33\xD6\x33\xD6\x33\xD6\x33\xD6\x33\xD6\x33\xD6\x33\xD6\x33\xD6\x33\xD6\x33\xD6" +
	"\x33\xD6\x33\xD6\x33\xD6\x33\xD6\x33\xD6\x33\xD6\x33\xD6\x33\xD6\x33\xD6\x33\xD6\x33\xD6\x33\xD6\x33\xD6\x33\xD6\x33\xD6\x33\xD6" +
	"\x33\xD6\x33\xD6\x33\xD6\x33\xD6\x33\xD6\x33\xD6\x33\xD6\x33\xD6\x33\xD6\x33\xD6\x33\xD6\x33\xD6\x33\xD6\x33\xD6\x33\xD6\x33\xD6" +
	"\x33\xD6\x33\xD6\x33\xD6\x33\xD6\x33\xD6\x33\xD6\x33\xD6\x33\xD6\x33\xD6\x33\xD6\x33\xD6\x33\xD6\x33\xD6\x33\xD6\x33\xD6\x33\xD6" +
	"\x33\xD6\x33\xD6\x33\xD6\x33\xD6\x33\xD6\x33\xD6\x33\xD6\x33\xD6\x33\xD6\x33\xD6\x33\xD7\x33\xD7\x33\xD7\x33\xD7\x33\xD7\x33\xD7" +
	"\x33\xD7\x33\xD7\x33\xD7\x33\xD7\x33\xD7\x33\xD7\x33\xD7\x33\xD7\x33\xD7\x33\xD7\x33\xD7\x33\xD7\x33\xD7\x33\xD7\x33\xD7\x33\xD7" +
	"\x33\xD7\x33\xD7\x33\xD7\x33\xD7\x33\xD7\x33\xD7\x33\xD7\x33\xD7\x33\xD7\x33\xD7\x33\xD7\x33\xD7\x33\xD7\x33\xD7\x33\xD7\x33\xD7" +
	"\x33\xD7\x33\xD7\x33\xD7\x33\xD7\x33\xD7\x33\xD7\x33\xD7\x33\xD7\x33\xD7\x33\xD7\x33\xD7\x33\xD7\x33\xD7\x33\xD7\x33\xD7\x33\xD7" +
	"\x33\xD7\x33\xD7\x33\xD7\x33\xD7\x33\xD7\x33\xD7\x33\xD7\x33\xD7\x33\xD7\x33\xD7\x33\xD7\x33\xD7\x33\xD7\x33\xD7\x33\xD7\x33\xD7" +
	"\x33\xD7\x33\xD7\x33\xD7\x33\xD7\x33\xD7\x33\xD7\x33\xD7\x33\xD7\x33\xD7\x33\xD7\x33\xD7\x33\xD7\x33\xD7\x33\xF7\x33\xF7\x33\xF7" +
	"\x33\xF7\x33\xF7\x33\xF7\x33\xF7\x33\xF7\x33\xF7\x33\xF7\x33\xF7\x33\xF7\x33\xF7\x33\xF7\x33\xF7\x33\xF7\x33\xF7\x33\xF7\x33\xF7" +
	"\x33\xF7\x33\xF7\x33\xF7\x33\xF7\x33\xF7\x33\xF7\x33\xF7\x33\xF7\x33\xF7\x33\xF7\x33\xF7\x3B\xF7\x33\xF7\x33\xF7\x3B\xF7\x3B\xF7" +
	"\x3B\xF7\x3B\xF7\x3B\xF7\x3B\xF7\x3B\xF7\x3B\xF7\x3B\xF7\x3B\xF7\x3B\xF7\x3B\xF7\x3B\xF7\x3B\xF7\x3B\xF7\x3B\xF7\x3B\xF7\x3B\xF7" +
	"\x3B\xF7\x3B\xF7\x3B\xF7\x3B\xF7\x33\xF7\x33\xF7\x3B\xF7\x3B\xF7\x3B\xF7\x3B\xF7\x3B\xF7\x3B\xF7\x3B\xF7\x3B\xF7\x3B\xF7\x3B\xF7" +
	"\x3B\xF7\x3B\xF7\x3B\xF7\x3B\xF7\x3B\xF7\x3B\xF7\x33\xF7\x34\x17\x34\x17\x34\x17\x34\x17\x34\x18\x34\x18\x34\x17\x34\x17\x34\x17" +
	"\x33\xD6\x33\xD6\x33\xD6\x33\xD6\x33\xD6\x33\xD6\x33\xD6\x33\xD6\x33\xD6\x33\xD6\x33\xD6\x33\xD6\x33\xD6\x33\xD6\x33\xD6\x33\xD6" +
	"\x33\xD6\x33\xD6\x33\xD6\x33\xD6\x33\xD6\x33\xD6\x33\xD6\x33\xD6\x33\xD6\x33\xD6\x33\xD6\x33\xD6\x33\xD6\x33\xD6\x33\xD6\x33\xD6" +
	"\x33\xD6\x33\xD6\x33\xD6\x33\xD6\x33\xD6\x33\xD6\x33\xD6\x33\xD6\x33\xD6\x33\xD6\x33\xD6\x33\xD6\x33\xD6\x33\xD6\x33\xD6\x33\xD6" +
	"\x33\xD6\x33\xD6\x33\xD6\x33\xD6\x33\xD6\x33\xD6\x33\xD6\x33\xD6\x33\xD6\x33\xD6\x33\xD6\x33\xD6\x33\xD6\x33\xD6\x33\xD6\x33\xD6" +
	"\x33\xD6\x33\xD6\x33\xD6\x33\xD6\x33\xD6\x33\xD6\x33\xD6\x33\xD6\x33\xD6\x33\xD6\x33\xD6\x33\xD6\x33\xD6\x33\xD7\x33\xD7\x33\xD7" +
	"\x33\xD7\x33\xD7\x33\xD7\x33\xD7\x33\xD7\x33\xD7\x33\xD7\x33\xD7\x33\xD7\x33\xD7\x33\xD7\x33\xD7\x33\xD7\x33\xD7\x33\xD7\x33\xD7" +
	"\x33\xD7\x33\xD7\x33\xD7\x33\xD7\x33\xD7\x33\xD7\x33\xD7\x33\xD7\x33\xD7\x33\xD7\x33\xD7\x33\xD7\x33\xD7\x33\xD7\x33\xD7\x33\xD7" +
	"\x33\xD7\x33\xD7\x33\xD7\x33\xD7\x33\xD7\x33\xD7\x33\xD7\x33\xD7\x33\xD7\x33\xD7\x33\xD7\x33\xD7\x33\xD7\x33\xD7\x33\xD7\x33\xD7" +
	"\x33\xD7\x33\xD7\x33\xD7\x33\xD7\x33\xD7\x33\xD7\x33\xD7\x33\xD7\x33\xD7\x33\xD7\x33\xD7\x33\xD7\x33\xD7\x33\xD7\x33\xD7\x33\xD7" +
	"\x33\xD7\x33\xD7\x33\xD7\x33\xD7\x33\xD7\x33\xD7\x33\xD7\x33\xD7\x33\xD7\x33\xD7\x33\xD7\x33\xD7\x33\xD7\x33\xD7\x33\xD7\x33\xD7" +
	"\x33\xF7\x33\xF7\x33\xF7\x33\xF7\x33\xF7\x3B\xF7\x33\xF7\x33\xF7\x33\xF7\x33\xF7\x33\xF7\x33\xF7\x33\xF7\x33\xF7\x33\xF7\x33\xF7" +
	"\x33\xF7\x33\xF7\x33\xF7\x33\xF7\x33\xF7\x33\xF7\x33\xF7\x33\xF7\x33\xF7\x33\xF7\x33\xF7\x33\xF7\x33\xF7\x33\xF7\x33\xF7\x3B\xF7" +
	"\x3B\xF7\x33\xF7\x3B\xF7\x3B\xF7\x3B\xF7\x3B\xF7\x3B\xF7\x3B\xF7\x3B\xF7\x3B\xF7\x3B\xF7\x3B\xF7\x3B\xF7\x3B\xF7\x3B\xF7\x3B\xF7" +
	"\x3B\xF7\x3B\xF7\x3B\xF7\x3B\xF7\x3B\xF7\x3B\xF7\x3B\xF7\x3B\xF7\x3B\xF7\x3B\xF7\x3B\xF7\x3B\xF7\x3B\xF7\x3B\xF7\x3B\xF7\x3B\xF7" +
	"\x3B\xF7\x3B\xF7\x3B\xF7\x3B\xF7\x3B\xF7\x3B\xF7\x3B\xF7\x3B\xF7\x34\x17\x34\x17\x34\x17\x34\x17\x34\x17\x3C\x18\x34\x18\x34\x17" +
	"\x33\xD6\x33\xD6\x33\xD6\x33\xD6\x33\xD6\x33\xD6\x33\xD6\x33\xD6\x33\xD6\x33\xD6\x33\xD6\x33\xD6\x33\xD6\x33\xD6\x33\xD6\x33\xD6" +
	"\x33\xD6\x33\xD6\x33\xD6\x33\xD6\x33\xD6\x33\xD6\x33\xD6\x33\xD6\x33\xD6\x33\xD6\x33\xD6\x33\xD6\x33\xD6\x33\xD6\x33\xD6\x33\xD6" +
	"\x33\xD6\x33\xD6\x33\xD6\x33\xD6\x33\xD6\x33\xD6\x33\xD6\x33\xD6\x33\xD6\x33\xD6\x33\xD6\x33\xD6\x33\xD6\x33\xD6\x33\xD6\x33\xD6" +
	"\x33\xD6\x33\xD6\x33\xD6\x33\xD6\x33\xD6\x33\xD6\x33\xD6\x33\xD6\x33\xD6\x33\xD6\x33\xD6\x33\xD6\x33\xD6\x33\xD6\x33\xD6\x33\xD6" +
	"\x33\xD6\x33\xD6\x33\xD6\x33\xD6\x33\xD6\x33\xD6\x33\xD6\x33\xD6\x33\xD6\x33\xD6\x33\xD6\x33\xD6\x33\xD6\x33\xD7\x33\xD7\x33\xD7" +
	"\x33\xD7\x33\xD7\x33\xD7\x33\xD7\x33\xD7\x33\xD7\x33\xD7\x33\xD7\x33\xD7\x33\xD7\x33\xD7\x33\xD7\x33\xD7\x33\xD7\x33\xD7\x33\xD7" +
	"\x33\xD7\x33\xD7\x33\xD7\x33\xD7\x33\xD7\x33\xD7\x33\xD7\x33\xD7\x33\xD7\x33\xD7\x33\xD7\x33\xD7\x33\xD7\x33\xD7\x33\xD7\x33\xD7" +
	"\x33\xD7\x33\xD7\x33\xD7\x33\xD7\x33\xD7\x33\xD7\x33\xD7\x33\xD7\x33\xD7\x33\xD7\x33\xD7\x33\xD7\x33\xD7\x33\xD7\x33\xD7\x33\xD7" +
	"\x33\xD7\x33\xD7\x33\xD7\x33\xD7\x33\xD7\x33\xD7\x33\xD7\x33\xD7\x33\xD7\x33\xD7\x33\xD7\x33\xD7\x33\xD7\x33\xD7\x33\xD7\x33\xD7" +
	"\x33\xD7\x33\xD7\x33\xD7\x33\xD7\x33\xD7\x33\xD7\x33\xD7\x33\xD7\x33\xD7\x33\xD7\x33\xD7\x33\xD7\x33\xD7\x33\xD7\x33\xD7\x33\xD7" +
	"\x33\xD7\x33\xF7\x33\xF7\x33\xF7\x33\xF7\x33\xF7\x33\xF7\x33\xF7\x33\xF7\x33\xF7\x33\xF7\x33\xF7\x33\xF7\x33\xF7\x33\xF7\x33\xF7" +
	"\x33\xF7\x33\xF7\x33\xF7\x33\xF7\x33\xF7\x33\xF7\x33\xF7\x33\xF7\x33\xF7\x33\xF7\x33\xF7\x33\xF7\x33\xF7\x33\xF7\x33\xF7\x33\xF7" +
	"\x3B\xF7\x3B\xF7\x3B\xF7\x3B\xF7\x3B\xF7\x3B\xF7\x3B\xF7\x3B\xF7\x3B\xF7\x3B\xF7\x3B\xF7\x3B\xF7\x3B\xF7\x3B\xF7\x3B\xF7\x3B\xF7" +
	"\x3B\xF7\x3B\xF7\x3B\xF7\x3B\xF7\x3B\xF7\x3B\xF7\x3B\xF7\x33\xF7\x33\xF7\x3B\xF7\x3B\xF7\x3B\xF7\x3B\xF7\x3B\xF7\x3B\xF7\x3B\xF7" +
	"\x3B\xF7\x3B\xF7\x3B\xF7\x3B\xF7\x3B\xF7\x33\xF7\x3B\xF7\x3B\xF7\x3B\xF7\x34\x17\x34\x17\x34\x17\x34\x17\x34\x17\x34\x17\x34\x17" +
	"\x33\xD6\x33\xD6\x33\xD6\x33\xD6\x33\xD6\x33\xD6\x33\xD6\x33\xD6\x33\xD6\x33\xD6\x33\xD6\x33\xD6\x33\xD6\x33\xD6\x33\xD6\x33\xD6" +
	"\x33\xD6\x33\xD6\x33\xD6\x33\xD6\x33\xD6\x33\xD6\x33\xD6\x33\xD6\x33\xD6\x33\xD6\x33\xD6\x33\xD6\x33\xD6\x33\xD6\x33\xD6\x33\xD6" +
	"\x33\xD6\x33\xD6\x33\xD6\x33\xD6\x33\xD6\x33\xD6\x33\xD6\x33\xD6\x33\xD6\x33\xD6\x33\xD6\x33\xD6\x33\xD6\x33\xD6\x33\xD6\x33\xD6" +
	"\x33\xD6\x33\xD6\x33\xD6\x33\xD6\x33\xD6\x33\xD6\x33\xD6\x33\xD6\x33\xD6\x33\xD6\x33\xD6\x33\xD6\x33\xD6\x33\xD6\x33\xD6\x33\xD6" +
	"\x33\xD6\x33\xD6\x33\xD6\x33\xD6\x33\xD6\x33\xD6\x33\xD6\x33\xD6\x33\xD6\x33\xD6\x33\xD6\x33\xD6\x33\xD6\x33\xD6\x33\xD7\x33\xD7" +
	"\x33\xD7\x33\xD7\x33\xD7\x33\xD7\x33\xD7\x33\xD7\x33\xD7\x33\xD7\x33\xD7\x33\xD7\x33\xD7\x33\xD7\x33\xD7\x33\xD7\x33\xD7\x33\xD7" +
	"\x33\xD7\x33\xD7\x33\xD7\x33\xD7\x33\xD7\x33\xD7\x33\xD7\x33\xD7\x33\xD7\x33\xD7\x33\xD7\x33\xD7\x33\xD7\x33\xD7\x33\xD7\x33\xD7" +
	"\x33\xD7\x33\xD7\x33\xD7\x33\xD7\x33\xD7\x33\xD7\x33\xD7\x33\xD7\x33\xD7\x33\xD7\x33\xD7\x33\xD7\x33\xD7\x33\xD7\x33\xD7\x33\xD7" +
	"\x33\xD7\x33\xD7\x33\xD7\x33\xD7\x33\xD7\x33\xD7\x33\xD7\x33\xD7\x33\xD7\x33\xD7\x33\xD7\x33\xD7\x33\xD7\x33\xD7\x33\xD7\x33\xD7" +
	"\x33\xD7\x33\xD7\x33\xD7\x33\xD7\x33\xD7\x33\xD7\x33\xD7\x33\xD7\x33\xD7\x33\xD7\x33\xD7\x33\xD7\x33\xD7\x33\xD7\x33\xD7\x33\xD7" +
	"\x33\xD7\x33\xD7\x33\xD7\x33\xF7\x33\xF7\x33\xF7\x33\xF7\x33\xF7\x33\xF7\x33\xF7\x33\xF7\x33\xF7\x33\xF7\x33\xF7\x33\xF7\x33\xF7" +
	"\x33\xF7\x33\xF7\x33\xF7\x33\xF7\x33\xF7\x33\xF7\x33\xF7\x33\xF7\x33\xF7\x33\xF7\x33\xF7\x33\xF7\x33\xF7\x33\xF7\x33\xF7\x3B\xF7" +
	"\x33\xF7\x33\xF7\x3B\xF7\x3B\xF7\x3B\xF7\x3B\xF7\x3B\xF7\x3B\xF7\x3B\xF7\x3B\xF7\x3B\xF7\x3B\xF7\x3B\xF7\x3B\xF7\x3B\xF7\x3B\xF7" +
	"\x3B\xF7\x3B\xF7\x3B\xF7\x3B\xF7\x3B\xF7\x3B\xF7\x3B\xF7\x3B\xF7\x3B\xF7\x3B\xF7\x3B\xF7\x3B\xF7\x3B\xF7\x3B\xF7\x3B\xF7\x3B\xF7" +
	"\x3B\xF7\x3B\xF7\x3B\xF7\x3B\xF7\x3B\xF7\x3B\xF7\x3B\xF7\x33\xF7\x33\xF7\x3B\xF7\x34\x17\x34\x17\x34\x17\x34\x17\x34\x17\x34\x18" +
	"\x33\xD6\x33\xD6\x33\xD6\x33\xD6\x33\xD6\x33\xD6\x33\xD6\x33\xD6\x33\xD6\x33\xD6\x33\xD6\x33\xD6\x33\xD6\x33\xD6\x33\xD6\x33\xD6" +
	"\x33\xD6\x33\xD6\x33\xD6\x33\xD6\x33\xD6\x33\xD6\x33\xD6\x33\xD6\x33\xD6\x33\xD6\x33\xD6\x33\xD6\x33\xD6\x33\xD6\x33\xD6\x33\xD6" +
	"\x33\xD6\x33\xD6\x33\xD6\x33\xD6\x33\xD6\x33\xD6\x33\xD6\x33\xD6\x33\xD6\x33\xD6\x33\xD6\x33\xD6\x33\xD6\x33\xD6\x33\xD6\x33\xD6" +
	"\x33\xD6\x33\xD6\x33\xD6\x33\xD6\x33\xD6\x33\xD6\x33\xD6\x33\xD6\x33\xD6\x33\xD6\x33\xD6\x33\xD6\x33\xD6\x33\xD6\x33\xD6\x33\xD6" +
	"\x33\xD6\x33\xD6\x33\xD6\x33\xD6\x33\xD6\x33\xD6\x33\xD6\x33\xD6\x33\xD6\x33\xD6\x33\xD6\x33\xD6\x33\xD6\x33\xD6\x33\xD6\x33\xD7" +
	"\x33\xD7\x33\xD7\x33\xD7\x33\xD7\x33\xD7\x33\xD7\x33\xD7\x33\xD7\x33\xD7\x33\xD7\x33\xD7\x33\xD7\x33\xD7\x33\xD7\x33\xD7\x33\xD7" +
	"\x33\xD7\x33\xD7\x33\xD7\x33\xD7\x33\xD7\x33\xD7\x33\xD7\x33\xD7\x33\xD7\x33\xD7\x33\xD7\x33\xD7\x33\xD7\x33\xD7\x33\xD7\x33\xD7" +
	"\x33\xD7\x33\xD7\x33\xD7\x33\xD7\x33\xD7\x33\xD7\x33\xD7\x33\xD7\x33\xD7\x33\xD7\x33\xD7\x33\xD7\x33\xD7\x33\xD7\x33\xD7\x33\xD7" +
	"\x33\xD7\x33\xD7\x33\xD7\x33\xD7\x33\xD7\x33\xD7\x33\xD7\x33\xD7\x33\xD7\x33\xD7\x33\xD7\x33\xD7\x33\xD7\x33\xD7\x33\xD7\x33\xD7" +
	"\x33\xD7\x33\xD7\x33\xD7\x33\xD7\x33\xD7\x33\xD7\x33\xD7\x33\xD7\x33\xD7\x33\xD7\x33\xD7\x33\xD7\x33\xD7\x33\xD7\x33\xD7\x33\xD7" +
	"\x33\xD7\x33\xD7\x33\xD7\x33\xD7\x33\xF7\x33\xF7\x33\xF7\x33\xF7\x33\xF7\x33\xF7\x3B\xF7\x33\xF7\x3B\xF7\x3B\xF7\x3B\xF7\x3B\xF7" +
	"\x33\xF7\x33\xF7\x33\xF7\x33\xF7\x33\xF7\x33\xF7\x33\xF7\x33\xF7\x33\xF7\x33\xF7\x33\xF7\x33\xF7\x33\xF7\x33\xF7\x33\xF7\x33\xF7" +
	"\x33\xF7\x33\xF7\x33\xF7\x3B\xF7\x3B\xF7\x3B\xF7\x3B\xF7\x33\xF7\x3B\xF7\x3B\xF7\x3B\xF7\x3B\xF7\x3B\xF7\x3B\xF7\x3B\xF7\x3B\xF7" +
	"\x3B\xF7\x3B\xF7\x3B\xF7\x3B\xF7\x3B\xF7\x3B\xF7\x3B\xF7\x3B\xF7\x3B\xF7\x3B\xF7\x33\xF7\x3B\xF7\x3B\xF7\x3B\xF7\x3B\xF7\x3B\xF7" +
	"\x3B\xF7\x3B\xF7\x3B\xF7\x3B\xF7\x3B\xF7\x3B\xF7\x3B\xF7\x33\xF7\x3B\xF7\x3B\xF7\x3B\xF7\x33\xF7\x34\x17\x34\x17\x34\x17\x34\x17" +
	"\x33\xD6\x33\xD6\x33\xD6\x33\xD6\x33\xD6\x33\xD6\x33\xD6\x33\xD6\x33\xD6\x33\xD6\x33\xD6\x33\xD6\x33\xD6\x33\xD6\x33\xD6\x33\xD6" +
	"\x33\xD6\x33\xD6\x33\xD6\x33\xD6\x33\xD6\x33\xD6\x33\xD6\x33\xD6\x33\xD6\x33\xD6\x33\xD6\x33\xD6\x33\xD6\x33\xD6\x33\xD6\x33\xD6" +
	"\x33\xD6\x33\xD6\x33\xD6\x33\xD6\x33\xD6\x33\xD6\x33\xD6\x33\xD6\x33\xD6\x33\xD6\x33\xD6\x33\xD6\x33\xD6\x33\xD6\x33\xD6\x33\xD6" +
	"\x33\xD6\x33\xD6\x33\xD6\x33\xD6\x33\xD6\x33\xD6\x33\xD6\x33\xD6\x33\xD6\x33\xD6\x33\xD6\x33\xD6\x33\xD6\x33\xD6\x33\xD6\x33\xD6" +
	"\x33\xD6\x33\xD6\x33\xD6\x33\xD6\x33\xD6\x33\xD6\x33\xD6\x33\xD6\x33\xD6\x33\xD6\x33\xD6\x33\xD6\x33\xD6\x33\xD6\x33\xD6\x33\xD6" +
	"\x33\xD7\x33\xD7\x33\xD7\x33\xD7\x33\xD7\x33\xD7\x33\xD7\x33\xD7\x33\xD7\x33\xD7\x33\xD7\x33\xD7\x33\xD7\x33\xD7\x33\xD7\x33\xD7" +
	"\x33\xD7\x33\xD7\x33\xD7\x33\xD7\x33\xD7\x33\xD7\x33\xD7\x33\xD7\x33\xD7\x33\xD7\x33\xD7\x33\xD7\x33\xD7\x33\xD7\x33\xD7\x33\xD7" +
	"\x33\xD7\x33\xD7\x33\xD7\x33\xD7\x33\xD7\x33\xD7\x33\xD7\x33\xD7\x33\xD7\x33\xD7\x33\xD7\x33\xD7\x33\xD7\x33\xD7\x33\xD7\x33\xD7" +
	"\x33\xD7\x33\xD7\x33\xD7\x33\xD7\x33\xD7\x33\xD7\x33\xD7\x33\xD7\x33\xD7\x33\xD7\x33\xD7\x33\xD7\x33\xD7\x33\xD7\x33\xD7\x33\xD7" +
	"\x33\xD7\x33\xD7\x33\xD7\x33\xD7\x33\xD7\x33\xD7\x33\xD7\x33\xD7\x33\xD7\x33\xD7\x33\xD7\x33\xD7\x33\xD7\x33\xD7\x33\xD7\x33\xD7" +
	"\x33\xD7\x33\xD7\x33\xD7\x33\xD7\x33\xF7\x33\xF7\x33\xF7\x33\xF7\x33\xF7\x33\xF7\x33\xF7\x3B\xF7\x33\xF7\x33\xF7\x33\xF7\x33\xF7" +
	"\x33\xF7\x33\xF7\x33\xF7\x33\xF7\x33\xF7\x33\xF7\x33\xF7\x33\xF7\x33\xF7\x33\xF7\x33\xF7\x33\xF7\x33\xF7\x33\xF7\x33\xF7\x33\xF7" +
	"\x33\xF7\x33\xF7\x33\xF7\x3B\xF7\x3B\xF7\x3B\xF7\x3B\xF7\x3B\xF7\x3B\xF7\x3B\xF7\x3B\xF7\x3B\xF7\x3B\xF7\x3B\xF7\x3B\xF7\x3B\xF7" +
	"\x3B\xF7\x3B\xF7\x3B\xF7\x3B\xF7\x3B\xF7\x3B\xF7\x3B\xF7\x3B\xF7\x3B\xF7\x3B\xF7\x3B\xF7\x3B\xF7\x3B\xF7\x3B\xF7\x3B\xF7\x3B\xF7" +
	"\x3B\xF7\x3B\xF7\x3B\xF7\x3B\xF7\x3B\xF7\x3B\xF7\x3B\xF7\x3B\xF7\x3B\xF7\x3B\xF7\x33\xF7\x3B\xF7\x3B\xF7\x34\x17\x34\x17\x34\x17" +
	"\x33\xD6\x33\xD6\x33\xD6\x33\xD6\x33\xD6\x33\xD6\x33\xD6\x33\xD6\x33\xD6\x33\xD6\x33\xD6\x33\xD6\x33\xD6\x33\xD6\x33\xD6\x33\xD6" +
	"\x33\xD6\x33\xD6\x33\xD6\x33\xD6\x33\xD6\x33\xD6\x33\xD6\x33\xD6\x33\xD6\x33\xD6\x33\xD6\x33\xD6\x33\xD6\x33\xD6\x33\xD6\x33\xD6" +
	"\x33\xD6\x33\xD6\x33\xD6\x33\xD6\x33\xD6\x33\xD6\x33\xD6\x33\xD6\x33\xD6\x33\xD6\x33\xD6\x33\xD6\x33\xD6\x33\xD6\x33\xD6\x33\xD6" +
	"\x33\xD6\x33\xD6\x33\xD6\x33\xD6\x33\xD6\x33\xD6\x33\xD6\x33\xD6\x33\xD6\x33\xD6\x33\xD6\x33\xD6\x33\xD6\x33\xD6\x33\xD6\x33\xD6" +
	"\x33\xD6\x33\xD6\x33\xD6\x33\xD6\x33\xD6\x33\xD6\x33\xD6\x33\xD6\x33\xD6\x33\xD6\x33\xD6\x33\xD6\x33\xD6\x33\xD6\x33\xD6\x33\xD6" +
	"\x33\xD6\x33\xD7\x33\xD7\x33\xD7\x33\xD7\x33\xD7\x33\xD7\x33\xD7\x33\xD7\x33\xD7\x33\xD7\x33\xD7\x33\xD7\x33\xD7\x33\xD7\x33\xD7" +
	"\x33\xD7\x33\xD7\x33\xD7\x33\xD7\x33\xD7\x33\xD7\x33\xD7\x33\xD7\x33\xD7\x33\xD7\x33\xD7\x33\xD7\x33\xD7\x33\xD7\x33\xD7\x33\xD7" +
	"\x33\xD7\x33\xD7\x33\xD7\x33\xD7\x33\xD7\x33\xD7\x33\xD7\x33\xD7\x33\xD7\x33\xD7\x33\xD7\x33\xD7\x33\xD7\x33\xD7\x33\xD7\x33\xD7" +
	"\x33\xD7\x33\xD7\x33\xD7\x33\xD7\x33\xD7\x33\xD7\x33\xD7\x33\xD7\x33\xD7\x33\xD7\x33\xD7\x33\xD7\x33\xD7\x33\xD7\x33\xD7\x33\xD7" +
	"\x33\xD7\x33\xD7\x33\xD7\x33\xD7\x33\xD7\x33\xD7\x33\xD7\x33\xD7\x33\xD7\x33\xD7\x33\xD7\x33\xD7\x33\xD7\x33\xD7\x33\xD7\x33\xD7" +
	"\x33\xD7\x33\xD7\x33\xD7\x33\xD7\x33\xD7\x33\xD7\x33\xD7\x33\xF7\x33\xF7\x33\xF7\x33\xF7\x33\xF7\x33\xF7\x33\xF7\x33\xF7\x33\xF7" +
	"\x33\xF7\x33\xF7\x33\xF7\x33\xF7\x33\xF7\x33\xF7\x33\xF7\x33\xF7\x33\xF7\x33\xF7\x33\xF7\x33\xF7\x33\xF7\x33\xF7\x33\xF7\x33\xF7" +
	"\x33\xF7\x33\xF7\x3B\xF7\x3B\xF7\x33\xF7\x33\xF7\x3B\xF7\x3B\xF7\x3B\xF7\x3B\xF7\x3B\xF7\x3B\xF7\x3B\xF7\x3B\xF7\x3B\xF7\x3B\xF7" +
	"\x3B\xF7\x3B\xF7\x3B\xF7\x3B\xF7\x3B\xF7\x3B\xF7\x3B\xF7\x3B\xF7\x3B\xF7\x3B\xF7\x3B\xF7\x3B\xF7\x33\xF7\x3B\xF7\x3B\xF7\x3B\xF7" +
	"\x3B\xF7\x3B\xF7\x3B\xF7\x3B\xF7\x3B\xF7\x3B\xF7\x3B\xF7\x3B\xF7\x3B\xF7\x3B\xF7\x3B\xF7\x33\xF7\x3B\xF7\x3B\xF7\x34\x17\x34\x17" +
	"\x33\xD6\x33\xD6\x33\xD6\x33\xD6\x33\xD6\x33\xD6\x33\xD6\x33\xD6\x33\xD6\x33\xD6\x33\xD6\x33\xD6\x33\xD6\x33\xD6\x33\xD6\x33\xD6" +
	"\x33\xD6\x33\xD6\x33\xD6\x33\xD6\x33\xD6\x33\xD6\x33\xD6\x33\xD6\x33\xD6\x33\xD6\x33\xD6\x33\xD6\x33\xD6\x33\xD6\x33\xD6\x33\xD6" +
	"\x33\xD6\x33\xD6\x33\xD6\x33\xD6\x33\xD6\x33\xD6\x33\xD6\x33\xD6\x33\xD6\x33\xD6\x33\xD6\x33\xD6\x33\xD6\x33\xD6\x33\xD6\x33\xD6" +
	"\x33\xD6\x33\xD6\x33\xD6\x33\xD6\x33\xD6\x33\xD6\x33\xD6\x33\xD6\x33\xD6\x33\xD6\x33\xD6\x33\xD6\x33\xD6\x33\xD6\x33\xD6\x33\xD6" +
	"\x33\xD6\x33\xD6\x33\xD6\x33\xD6\x33\xD6\x33\xD6\x33\xD6\x33\xD6\x33\xD6\x33\xD6\x33\xD6\x33\xD6\x33\xD6\x33\xD6\x33\xD6\x33\xD6" +
	"\x33\xD6\x33\xD7\x33\xD7\x33\xD7\x33\xD7\x33\xD7\x33\xD7\x33\xD7\x33\xD7\x33\xD7\x33\xD7\x33\xD7\x33\xD7\x33\xD7\x33\xD7\x33\xD7" +
	"\x33\xD7\x33\xD7\x33\xD7\x33\xD7\x33\xD7\x33\xD7\x33\xD7\x33\xD7\x33\xD7\x33\xD7\x33\xD7\x33\xD7\x33\xD7\x33\xD7\x33\xD7\x33\xD7" +
	"\x33\xD7\x33\xD7\x33\xD7\x33\xD7\x33\xD7\x33\xD7\x33\xD7\x33\xD7\x33\xD7\x33\xD7\x33\xD7\x33\xD7\x33\xD7\x33\xD7\x33\xD7\x33\xD7" +
	"\x33\xD7\x33\xD7\x33\xD7\x33\xD7\x33\xD7\x33\xD7\x33\xD7\x33\xD7\x33\xD7\x33\xD7\x33\xD7\x33\xD7\x33\xD7\x33\xD7\x33\xD7\x33\xD7" +
	"\x33\xD7\x33\xD7\x33\xD7\x33\xD7\x33\xD7\x33\xD7\x33\xD7\x33\xD7\x33\xD7\x33\xD7\x33\xD7\x33\xD7\x33\xD7\x33\xD7\x33\xD7\x33\xD7" +
	"\x33\xD7\x33\xD7\x33\xD7\x33\xD7\x33\xD7\x33\xD7\x33\xD7\x33\xD7\x33\xD7\x33\xF7\x33\xF7\x33\xF7\x33\xF7\x33\xD7\x33\xF7\x33\xF7" +
	"\x33\xF7\x33\xF7\x33\xF7\x3B\xF7\x3B\xF7\x33\xF7\x33\xF7\x33\xF7\x33\xF7\x33\xF7\x33\xF7\x33\xF7\x33\xF7\x33\xF7\x33\xF7\x33\xF7" +
	"\x33\xF7\x33\xF7\x33\xF7\x33\xF7\x33\xF7\x33\xF7\x33\xF7\x3B\xF7\x3B\xF7\x3B\xF7\x3B\xF7\x3B\xF7\x3B\xF7\x3B\xF7\x3B\xF7\x3B\xF7" +
	"\x3B\xF7\x3B\xF7\x3B\xF7\x3B\xF7\x3B\xF7\x3B\xF7\x3B\xF7\x3B\xF7\x3B\xF7\x3B\xF7\x3B\xF7\x3B\xF7\x3B\xF7\x33\xF7\x33\xF7\x3B\xF7" +
	"\x3B\xF7\x3B\xF7\x3B\xF7\x3B\xF7\x3B\xF7\x3B\xF7\x3B\xF7\x3B\xF7\x3B\xF7\x3B\xF7\x3B\xF7\x3B\xF7\x3B\xF7\x3B\xF7\x33\xF7\x33\xF7" +
	"\x33\xD6\x33\xD6\x33\xD6\x33\xD6\x33\xD6\x33\xD6\x33\xD6\x33\xD6\x33\xD6\x33\xD6\x33\xD6\x33\xD6\x33\xD6\x33\xD6\x33\xD6\x33\xD6" +
	"\x33\xD6\x33\xD6\x33\xD6\x33\xD6\x33\xD6\x33\xD6\x33\xD6\x33\xD6\x33\xD6\x33\xD6\x33\xD6\x33\xD6\x33\xD6\x33\xD6\x33\xD6\x33\xD6" +
	"\x33\xD6\x33\xD6\x33\xD6\x33\xD6\x33\xD6\x33\xD6\x33\xD6\x33\xD6\x33\xD6\x33\xD6\x33\xD6\x33\xD6\x33\xD6\x33\xD6\x33\xD6\x33\xD6" +
	"\x33\xD6\x33\xD6\x33\xD6\x33\xD6\x33\xD6\x33\xD6\x33\xD6\x33\xD6\x33\xD6\x33\xD6\x33\xD6\x33\xD6\x33\xD6\x33\xD6\x33\xD6\x33\xD6" +
	"\x33\xD6\x33\xD6\x33\xD6\x33\xD6\x33\xD6\x33\xD6\x33\xD6\x33\xD6\x33\xD6\x33\xD6\x33\xD6\x33\xD6\x33\xD6\x33\xD6\x33\xD6\x33\xD6" +
	"\x33\xD6\x33\xD6\x33\xD6\x33\xD7\x33\xD7\x33\xD7\x33\xD7\x33\xD7\x33\xD7\x33\xD7\x33\xD7\x33\xD7\x33\xD7\x33\xD7\x33\xD7\x33\xD7" +
	"\x33\xD7\x33\xD7\x33\xD7\x33\xD7\x33\xD7\x33\xD7\x33\xD7\x33\xD7\x33\xD7\x33\xD7\x33\xD7\x33\xD7\x33\xD7\x33\xD7\x33\xD7\x33\xD7" +
	"\x33\xD7\x33\xD7\x33\xD7\x33\xD7\x33\xD7\x33\xD7\x33\xD7\x33\xD7\x33\xD7\x33\xD7\x33\xD7\x33\xD7\x33\xD7\x33\xD7\x33\xD7\x33\xD7" +
	"\x33\xD7\x33\xD7\x33\xD7\x33\xD7\x33\xD7\x33\xD7\x33\xD7\x33\xD7\x33\xD7\x33\xD7\x33\xD7\x33\xD7\x33\xD7\x33\xD7\x33\xD7\x33\xD7" +
	"\x33\xD7\x33\xD7\x33\xD7\x33\xD7\x33\xD7\x33\xD7\x33\xD7\x33\xD7\x33\xD7\x33\xD7\x33\xD7\x33\xD7\x33\xD7\x33\xD7\x33\xD7\x33\xD7" +
	"\x33\xD7\x33\xD7\x33\xD7\x33\xD7\x33\xD7\x33\xD7\x33\xD7\x33\xD7\x33\xD7\x33\xF7\x33\xF7\x33\xF7\x33\xF7\x33\xD7\x33\xD7\x33\xD7" +
	"\x33\xF7\x33\xF7\x33\xF7\x33\xF7\x33\xF7\x33\xF7\x33\xF7\x33\xF7\x33\xF7\x33\xF7\x33\xF7\x33\xF7\x33\xF7\x33\xF7\x33\xF7\x33\xF7" +
	"\x33\xF7\x33\xF7\x33\xF7\x33\xF7\x33\xF7\x33\xF7\x3B\xF7\x33\xF7\x3B\xF7\x3B\xF7\x3B\xF7\x3B\xF7\x3B\xF7\x3B\xF7\x3B\xF7\x3B\xF7" +
	"\x3B\xF7\x3B\xF7\x3B\xF7\x3B\xF7\x3B\xF7\x3B\xF7\x3B\xF7\x3B\xF7\x3B\xF7\x3B\xF7\x3B\xF7\x3B\xF7\x3B\xF7\x3B\xF7\x3B\xF7\x3B\xF7" +
	"\x3B\xF7\x3B\xF7\x3B\xF7\x3B\xF7\x3B\xF7\x3B\xF7\x3B\xF7\x3B\xF7\x3B\xF7\x3B\xF7\x3B\xF7\x3B\xF7\x3B\xF7\x33\xF7\x3B\xF7\x3B\xF7" +
	"\x33\xD6\x33\xD6\x33\xD6\x33\xD6\x33\xD6\x33\xD6\x33\xD6\x33\xD6\x33\xD6\x33\xD6\x33\xD6\x33\xD6\x33\xD6\x33\xD6\x33\xD6\x33\xD6" +
	"\x33\xD6\x33\xD6\x33\xD6\x33\xD6\x33\xD6\x33\xD6\x33\xD6\x33\xD6\x33\xD6\x33\xD6\x33\xD6\x33\xD6\x33\xD6\x33\xD6\x33\xD6\x33\xD6" +
	"\x33\xD6\x33\xD6\x33\xD6\x33\xD6\x33\xD6\x33\xD6\x33\xD6\x33\xD6\x33\xD6\x33\xD6\x33\xD6\x33\xD6\x33\xD6\x33\xD6\x33\xD6\x33\xD6" +
	"\x33\xD6\x33\xD6\x33\xD6\x33\xD6\x33\xD6\x33\xD6\x33\xD6\x33\xD6\x33\xD6\x33\xD6\x33\xD6\x33\xD6\x33\xD6\x33\xD6\x33\xD6\x33\xD6" +
	"\x33\xD6\x33\xD6\x33\xD6\x33\xD6\x33\xD6\x33\xD6\x33\xD6\x33\xD6\x33\xD6\x33\xD6\x33\xD6\x33\xD6\x33\xD6\x33\xD6\x33\xD6\x33\xD6" +
	"\x33\xD6\x33\xD6\x33\xD6\x33\xD6\x33\xD7\x33\xD7\x33\xD7\x33\xD7\x33\xD7\x33\xD7\x33\xD7\x33\xD7\x33\xD7\x33\xD7\x33\xD7\x33\xD7" +
	"\x33\xD7\x33\xD7\x33\xD7\x33\xD7\x33\xD7\x33\xD7\x33\xD7\x33\xD7\x33\xD7\x33\xD7\x33\xD7\x33\xD7\x33\xD7\x33\xD7\x33\xD7\x33\xD7" +
	"\x33\xD7\x33\xD7\x33\xD7\x33\xD7\x33\xD7\x33\xD7\x33\xD7\x33\xD7\x33\xD7\x33\xD7\x33\xD7\x33\xD7\x33\xD7\x33\xD7\x33\xD7\x33\xD7" +
	"\x33\xD7\x33\xD7\x33\xD7\x33\xD7\x33\xD7\x33\xD7\x33\xD7\x33\xD7\x33\xD7\x33\xD7\x33\xD7\x33\xD7\x33\xD7\x33\xD7\x33\xD7\x33\xD7" +
	"\x33\xD7\x33\xD7\x33\xD7\x33\xD7\x33\xD7\x33\xD7\x33\xD7\x33\xD7\x33\xD7\x33\xD7\x33\xD7\x33\xD7\x33\xD7\x33\xD7\x33\xD7\x33\xD7" +
	"\x33\xD7\x33\xD7\x33\xD7\x33\xD7\x33\xD7\x33\xD7\x33\xD7\x33\xD7\x33\xD7\x33\xD7\x33\xD7\x33\xF7\x3B\xF7\x33\xF7\x33\xF7\x33\xF7" +
	"\x33\xD7\x33\xD7\x33\xD7\x33\xF7\x33\xF7\x33\xF7\x33\xF7\x33\xF7\x33\xF7\x33\xF7\x33\xF7\x33\xF7\x33\xF7\x33\xF7\x33\xF7\x33\xF7" +
	"\x33\xF7\x33\xF7\x33\xF7\x33\xF7\x33\xF7\x33\xF7\x3B\xF7\x3B\xF7\x3B\xF7\x33\xF7\x3B\xF7\x3B\xF7\x3B\xF7\x3B\xF7\x3B\xF7\x3B\xF7" +
	"\x3B\xF7\x3B\xF7\x3B\xF7\x3B\xF7\x3B\xF7\x3B\xF7\x3B\xF7\x3B\xF7\x3B\xF7\x3B\xF7\x3B\xF7\x3B\xF7\x3B\xF7\x3B\xF7\x3B\xF7\x3B\xF7" +
	"\x3B\xF7\x33\xF7\x3B\xF7\x3B\xF7\x3B\xF7\x3B\xF7\x3B\xF7\x3B\xF7\x3B\xF7\x3B\xF7\x3B\xF7\x3B\xF7\x3B\xF7\x3B\xF7\x33\xF7\x3B\xF7" +
	"\x33\xD6\x33\xD6\x33\xD6\x33\xD6\x33\xD6\x33\xD6\x33\xD6\x33\xD6\x33\xD6\x33\xD6\x33\xD6\x33\xD6\x33\xD6\x33\xD6\x33\xD6\x33\xD6" +
	"\x33\xD6\x33\xD6\x33\xD6\x33\xD6\x33\xD6\x33\xD6\x33\xD6\x33\xD6\x33\xD6\x33\xD6\x33\xD6\x33\xD6\x33\xD6\x33\xD6\x33\xD6\x33\xD6" +
	"\x33\xD6\x33\xD6\x33\xD6\x33\xD6\x33\xD6\x33\xD6\x33\xD6\x33\xD6\x33\xD6\x33\xD6\x33\xD6\x33\xD6\x33\xD6\x33\xD6\x33\xD6\x33\xD6" +
	"\x33\xD6\x33\xD6\x33\xD6\x33\xD6\x33\xD6\x33\xD6\x33\xD6\x33\xD6\x33\xD6\x33\xD6\x33\xD6\x33\xD6\x33\xD6\x33\xD6\x33\xD6\x33\xD6" +
	"\x33\xD6\x33\xD6\x33\xD6\x33\xD6\x33\xD6\x33\xD6\x33\xD6\x33\xD6\x33\xD6\x33\xD6\x33\xD6\x33\xD6\x33\xD6\x33\xD6\x33\xD6\x33\xD6" +
	"\x33\xD6\x33\xD6\x33\xD6\x33\xD6\x33\xD7\x33\xD7\x33\xD7\x33\xD7\x33\xD7\x33\xD7\x33\xD7\x33\xD7\x33\xD7\x33\xD7\x33\xD7\x33\xD7" +
	"\x33\xD7\x33\xD7\x33\xD7\x33\xD7\x33\xD7\x33\xD7\x33\xD7\x33\xD7\x33\xD7\x33\xD7\x33\xD7\x33\xD7\x33\xD7\x33\xD7\x33\xD7\x33\xD7" +
	"\x33\xD7\x33\xD7\x33\xD7\x33\xD7\x33\xD7\x33\xD7\x33\xD7\x33\xD7\x33\xD7\x33\xD7\x33\xD7\x33\xD7\x33\xD7\x33\xD7\x33\xD7\x33\xD7" +
	"\x33\xD7\x33\xD7\x33\xD7\x33\xD7\x33\xD7\x33\xD7\x33\xD7\x33\xD7\x33\xD7\x33\xD7\x33\xD7\x33\xD7\x33\xD7\x33\xD7\x33\xD7\x33\xD7" +
	"\x33\xD7\x33\xD7\x33\xD7\x33\xD7\x33\xD7\x33\xD7\x33\xD7\x33\xD7\x33\xD7\x33\xD7\x33\xD7\x33\xD7\x33\xD7\x33\xD7\x33\xD7\x33\xD7" +
	"\x33\xD7\x33\xD7\x33\xD7\x33\xD7\x33\xD7\x33\xD7\x33\xD7\x33\xD7\x33\xD7\x33\xD7\x33\xD7\x33\xD7\x33\xF7\x33\xF7\x33\xF7\x33\xF7" +
	"\x33\xF7\x33\xD7\x33\xD7\x33\xD7\x33\xD7\x33\xD7\x33\xF7\x33\xF7\x33\xF7\x33\xF7\x33\xF7\x33\xF7\x33\xF7\x33\xF7\x33\xF7\x33\xF7" +
	"\x33\xF7\x33\xF7\x33\xF7\x33\xF7\x33\xF7\x33\xF7\x33\xF7\x33\xF7\x33\xF7\x33\xF7\x33\xF7\x3B\xF7\x3B\xF7\x3B\xF7\x3B\xF7\x3B\xF7" +
	"\x3B\xF7\x3B\xF7\x3B\xF7\x3B\xF7\x3B\xF7\x3B\xF7\x3B\xF7\x3B\xF7\x3B\xF7\x3B\xF7\x3B\xF7\x3B\xF7\x3B\xF7\x3B\xF7\x3B\xF7\x3B\xF7" +
	"\x3B\xF7\x3B\xF7\x33\xF7\x3B\xF7\x3B\xF7\x3B\xF7\x3B\xF7\x3B\xF7\x3B\xF7\x3B\xF7\x3B\xF7\x3B\xF7\x3B\xF7\x3B\xF7\x3B\xF7\x3B\xF7" +
	"\x33\xD6\x33\xD6\x33\xD6\x33\xD6\x33\xD6\x33\xD6\x33\xD6\x33\xD6\x33\xD6\x33\xD6\x33\xD6\x33\xD6\x33\xD6\x33\xD6\x33\xD6\x33\xD6" +
	"\x33\xD6\x33\xD6\x33\xD6\x33\xD6\x33\xD6\x33\xD6\x33\xD6\x33\xD6\x33\xD6\x33\xD6\x33\xD6\x33\xD6\x33\xD6\x33\xD6\x33\xD6\x33\xD6" +
	"\x33\xD6\x33\xD6\x33\xD6\x33\xD6\x33\xD6\x33\xD6\x33\xD6\x33\xD6\x33\xD6\x33\xD6\x33\xD6\x33\xD6\x33\xD6\x33\xD6\x33\xD6\x33\xD6" +
	"\x33\xD6\x33\xD6\x33\xD6\x33\xD6\x33\xD6\x33\xD6\x33\xD6\x33\xD6\x33\xD6\x33\xD6\x33\xD6\x33\xD6\x33\xD6\x33\xD6\x33\xD6\x33\xD6" +
	"\x33\xD6\x33\xD6\x33\xD6\x33\xD6\x33\xD6\x33\xD6\x33\xD6\x33\xD6\x33\xD6\x33\xD6\x33\xD6\x33\xD6\x33\xD6\x33\xD6\x33\xD6\x33\xD6" +
	"\x33\xD6\x33\xD6\x33\xD6\x33\xD6\x33\xD6\x33\xD7\x33\xD7\x33\xD7\x33\xD7\x33\xD7\x33\xD7\x33\xD7\x33\xD7\x33\xD7\x33\xD7\x33\xD7" +
	"\x33\xD7\x33\xD7\x33\xD7\x33\xD7\x33\xD7\x33\xD7\x33\xD7\x33\xD7\x33\xD7\x33\xD7\x33\xD7\x33\xD7\x33\xD7\x33\xD7\x33\xD7\x33\xD7" +
	"\x33\xD7\x33\xD7\x33\xD7\x33\xD7\x33\xD7\x33\xD7\x33\xD7\x33\xD7\x33\xD7\x33\xD7\x33\xD7\x33\xD7\x33\xD7\x33\xD7\x33\xD7\x33\xD7" +
	"\x33\xD7\x33\xD7\x33\xD7\x33\xD7\x33\xD7\x33\xD7\x33\xD7\x33\xD7\x33\xD7\x33\xD7\x33\xD7\x33\xD7\x33\xD7\x33\xD7\x33\xD7\x33\xD7" +
	"\x33\xD7\x33\xD7\x33\xD7\x33\xD7\x33\xD7\x33\xD7\x33\xD7\x33\xD7\x33\xD7\x33\xD7\x33\xD7\x33\xD7\x33\xD7\x33\xD7\x33\xD7\x33\xD7" +
	"\x33\xD7\x33\xD7\x33\xD7\x33\xD7\x33\xD7\x33\xD7\x33\xD7\x33\xD7\x33\xD7\x33\xD7\x33\xD7\x33\xD7\x33\xD7\x33\xD7\x33\xF7\x33\xF7" +
	"\x33\xF7\x33\xF7\x33\xD7\x33\xD7\x33\xD7\x33\xD7\x33\xF7\x33\xF7\x33\xF7\x33\xF7\x33\xF7\x33\xF7\x33\xF7\x33\xF7\x33\xF7\x33\xF7" +
	"\x33\xF7\x33\xF7\x33\xF7\x33\xF7\x33\xF7\x33\xF7\x33\xF7\x33\xF7\x33\xF7\x33\xF7\x33\xF7\x33\xF7\x3B\xF7\x3B\xF7\x3B\xF7\x3B\xF7" +
	"\x3B\xF7\x3B\xF7\x3B\xF7\x3B\xF7\x3B\xF7\x3B\xF7\x3B\xF7\x3B\xF7\x3B\xF7\x3B\xF7\x3B\xF7\x3B\xF7\x3B\xF7\x3B\xF7\x3B\xF7\x3B\xF7" +
	"\x3B\xF7\x3B\xF7\x3B\xF7\x33\xF7\x3B\xF7\x3B\xF7\x3B\xF7\x3B\xF7\x3B\xF7\x3B\xF7\x3B\xF7\x3B\xF7\x3B\xF7\x3B\xF7\x3B\xF7\x3B\xF7" +
	"\x33\xD6\x33\xD6\x33\xD6\x33\xD6\x33\xD6\x33\xD6\x33\xD6\x33\xD6\x33\xD6\x33\xD6\x33\xD6\x33\xD6\x33\xD6\x33\xD6\x33\xD6\x33\xD6" +
	"\x33\xD6\x33\xD6\x33\xD6\x33\xD6\x33\xD6\x33\xD6\x33\xD6\x33\xD6\x33\xD6\x33\xD6\x33\xD6\x33\xD6\x33\xD6\x33\xD6\x33\xD6\x33\xD6" +
	"\x33\xD6\x33\xD6\x33\xD6\x33\xD6\x33\xD6\x33\xD6\x33\xD6\x33\xD6\x33\xD6\x33\xD6\x33\xD6\x33\xD6\x33\xD6\x33\xD6\x33\xD6\x33\xD6" +
	"\x33\xD6\x33\xD6\x33\xD6\x33\xD6\x33\xD6\x33\xD6\x33\xD6\x33\xD6\x33\xD6\x33\xD6\x33\xD6\x33\xD6\x33\xD6\x33\xD6\x33\xD6\x33\xD6" +
	"\x33\xD6\x33\xD6\x33\xD6\x33\xD6\x33\xD6\x33\xD6\x33\xD6\x33\xD6\x33\xD6\x33\xD6\x33\xD6\x33\xD6\x33\xD6\x33\xD6\x33\xD6\x33\xD6" +
	"\x33\xD6\x33\xD6\x33\xD6\x33\xD6\x33\xD6\x33\xD6\x33\xD7\x33\xD7\x33\xD7\x33\xD7\x33\xD7\x33\xD7\x33\xD7\x33\xD7\x33\xD7\x33\xD7" +
	"\x33\xD7\x33\xD7\x33\xD7\x33\xD7\x33\xD7\x33\xD7\x33\xD7\x33\xD7\x33\xD7\x33\xD7\x33\xD7\x33\xD7\x33\xD7\x33\xD7\x33\xD7\x33\xD7" +
	"\x33\xD7\x33\xD7\x33\xD7\x33\xD7\x33\xD7\x33\xD7\x33\xD7\x33\xD7\x33\xD7\x33\xD7\x33\xD7\x33\xD7\x33\xD7\x33\xD7\x33\xD7\x33\xD7" +
	"\x33\xD7\x33\xD7\x33\xD7\x33\xD7\x33\xD7\x33\xD7\x33\xD7\x33\xD7\x33\xD7\x33\xD7\x33\xD7\x33\xD7\x33\xD7\x33\xD7\x33\xD7\x33\xD7" +
	"\x33\xD7\x33\xD7\x33\xD7\x33\xD7\x33\xD7\x33\xD7\x33\xD7\x33\xD7\x33\xD7\x33\xD7\x33\xD7\x33\xD7\x33\xD7\x33\xD7\x33\xD7\x33\xD7" +
	"\x33\xD7\x33\xD7\x33\xD7\x33\xD7\x33\xD7\x33\xD7\x33\xD7\x33\xD7\x33\xD7\x33\xD7\x33\xD7\x33\xD7\x33\xD7\x33\xD7\x33\xF7\x33\xF7" +
	"\x33\xF7\x33\xF7\x33\xF7\x33\xD7\x33\xD7\x33\xD7\x33\xD7\x33\xD7\x33\xD7\x33\xD7\x33\xF7\x33\xF7\x33\xF7\x33\xF7\x33\xF7\x33\xF7" +
	"\x33\xF7\x33\xF7\x33\xF7\x33\xF7\x33\xF7\x33\xF7\x33\xF7\x33\xF7\x33\xF7\x33\xF7\x33\xF7\x33\xF7\x3B\xF7\x3B\xF7\x3B\xF7\x3B\xF7" +
	"\x3B\xF7\x3B\xF7\x3B\xF7\x3B\xF7\x3B\xF7\x3B\xF7\x3B\xF7\x3B\xF7\x3B\xF7\x3B\xF7\x3B\xF7\x3B\xF7\x3B\xF7\x3B\xF7\x3B\xF7\x3B\xF7" +
	"\x3B\xF7\x3B\xF7\x3B\xF7\x3B\xF7\x33\xF7\x3B\xF7\x3B\xF7\x3B\xF7\x3B\xF7\x3B\xF7\x3B\xF7\x3B\xF7\x3B\xF7\x3B\xF7\x3B\xF7\x3B\xF7" +
	"\x33\xD6\x33\xD6\x33\xD6\x33\xD6\x33\xD6\x33\xD6\x33\xD6\x33\xD6\x33\xD6\x33\xD6\x33\xD6\x33\xD6\x33\xD6\x33\xD6\x33\xD6\x33\xD6" +
	"\x33\xD6\x33\xD6\x33\xD6\x33\xD6\x33\xD6\x33\xD6\x33\xD6\x33\xD6\x33\xD6\x33\xD6\x33\xD6\x33\xD6\x33\xD6\x33\xD6\x33\xD6\x33\xD6" +
	"\x33\xD6\x33\xD6\x33\xD6\x33\xD6\x33\xD6\x33\xD6\x33\xD6\x33\xD6\x33\xD6\x33\xD6\x33\xD6\x33\xD6\x33\xD6\x33\xD6\x33\xD6\x33\xD6" +
	"\x33\xD6\x33\xD6\x33\xD6\x33\xD6\x33\xD6\x33\xD6\x33\xD6\x33\xD6\x33\xD6\x33\xD6\x33\xD6\x33\xD6\x33\xD6\x33\xD6\x33\xD6\x33\xD6" +
	"\x33\xD6\x33\xD6\x33\xD6\x33\xD6\x33\xD6\x33\xD6\x33\xD6\x33\xD6\x33\xD6\x33\xD6\x33\xD6\x33\xD6\x33\xD6\x33\xD6\x33\xD6\x33\xD6" +
	"\x33\xD6\x33\xD6\x33\xD6\x33\xD6\x33\xD6\x33\xD6\x33\xD6\x33\xD7\x33\xD7\x33\xD7\x33\xD7\x33\xD7\x33\xD7\x33\xD7\x33\xD7\x33\xD7" +
	"\x33\xD7\x33\xD7\x33\xD7\x33\xD7\x33\xD7\x33\xD7\x33\xD7\x33\xD7\x33\xD7\x33\xD7\x33\xD7\x33\xD7\x33\xD7\x33\xD7\x33\xD7\x33\xD7" +
	"\x33\xD7\x33\xD7\x33\xD7\x33\xD7\x33\xD7\x33\xD7\x33\xD7\x33\xD7\x33\xD7\x33\xD7\x33\xD7\x33\xD7\x33\xD7\x33\xD7\x33\xD7\x33\xD7" +
	"\x33\xD7\x33\xD7\x33\xD7\x33\xD7\x33\xD7\x33\xD7\x33\xD7\x33\xD7\x33\xD7\x33\xD7\x33\xD7\x33\xD7\x33\xD7\x33\xD7\x33\xD7\x33\xD7" +
	"\x33\xD7\x33\xD7\x33\xD7\x33\xD7\x33\xD7\x33\xD7\x33\xD7\x33\xD7\x33\xD7\x33\xD7\x33\xD7\x33\xD7\x33\xD7\x33\xD7\x33\xD7\x33\xD7" +
	"\x33\xD7\x33\xD7\x33\xD7\x33\xD7\x33\xD7\x33\xD7\x33\xD7\x33\xD7\x33\xD7\x33\xD7\x33\xD7\x33\xD7\x33\xD7\x33\xD7\x33\xD7\x33\xD7" +
	"\x33\xF7\x33\xF7\x33\xF7\x33\xF7\x33\xD7\x33\xF7\x33\xD7\x33\xD7\x33\xD7\x33\xD7\x33\xF7\x33\xF7\x33\xF7\x33\xF7\x33\xF7\x33\xF7" +
	"\x33\xF7\x33\xF7\x33\xF7\x33\xF7\x33\xF7\x33\xF7\x33\xF7\x33\xF7\x33\xF7\x33\xF7\x33\xF7\x33\xF7\x33\xF7\x3B\xF7\x3B\xF7\x3B\xF7" +
	"\x3B\xF7\x3B\xF7\x3B\xF7\x3B\xF7\x3B\xF7\x3B\xF7\x3B\xF7\x3B\xF7\x3B\xF7\x3B\xF7\x3B\xF7\x3B\xF7\x3B\xF7\x3B\xF7\x3B\xF7\x3B\xF7" +
	"\x3B\xF7\x3B\xF7\x3B\xF7\x3B\xF7\x3B\xF7\x3B\xF7\x33\xF7\x3B\xF7\x3B\xF7\x3B\xF7\x3B\xF7\x3B\xF7\x3B\xF7\x3B\xF7\x3B\xF7\x3B\xF7" +
	"\x33\xD6\x33\xD6\x33\xD6\x33\xD6\x33\xD6\x33\xD6\x33\xD6\x33\xD6\x33\xD6\x33\xD6\x33\xD6\x33\xD6\x33\xD6\x33\xD6\x33\xD6\x33\xD6" +
	"\x33\xD6\x33\xD6\x33\xD6\x33\xD6\x33\xD6\x33\xD6\x33\xD6\x33\xD6\x33\xD6\x33\xD6\x33\xD6\x33\xD6\x33\xD6\x33\xD6\x33\xD6\x33\xD6" +
	"\x33\xD6\x33\xD6\x33\xD6\x33\xD6\x33\xD6\x33\xD6\x33\xD6\x33\xD6\x33\xD6\x33\xD6\x33\xD6\x33\xD6\x33\xD6\x33\xD6\x33\xD6\x33\xD6" +
	"\x33\xD6\x33\xD6\x33\xD6\x33\xD6\x33\xD6\x33\xD6\x33\xD6\x33\xD6\x33\xD6\x33\xD6\x33\xD6\x33\xD6\x33\xD6\x33\xD6\x33\xD6\x33\xD6" +
	"\x33\xD6\x33\xD6\x33\xD6\x33\xD6\x33\xD6\x33\xD6\x33\xD6\x33\xD6\x33\xD6\x33\xD6\x33\xD6\x33\xD6\x33\xD6\x33\xD6\x33\xD6\x33\xD6" +
	"\x33\xD6\x33\xD6\x33\xD6\x33\xD6\x33\xD6\x33\xD6\x33\xD6\x33\xD6\x33\xD7\x33\xD7\x33\xD7\x33\xD7\x33\xD7\x33\xD7\x33\xD7\x33\xD7" +
	"\x33\xD7\x33\xD7\x33\xD7\x33\xD7\x33\xD7\x33\xD7\x33\xD7\x33\xD7\x33\xD7\x33\xD7\x33\xD7\x33\xD7\x33\xD7\x33\xD7\x33\xD7\x33\xD7" +
	"\x33\xD7\x33\xD7\x33\xD7\x33\xD7\x33\xD7\x33\xD7\x33\xD7\x33\xD7\x33\xD7\x33\xD7\x33\xD7\x33\xD7\x33\xD7\x33\xD7\x33\xD7\x33\xD7" +
	"\x33\xD7\x33\xD7\x33\xD7\x33\xD7\x33\xD7\x33\xD7\x33\xD7\x33\xD7\x33\xD7\x33\xD7\x33\xD7\x33\xD7\x33\xD7\x33\xD7\x33\xD7\x33\xD7" +
	"\x33\xD7\x33\xD7\x33\xD7\x33\xD7\x33\xD7\x33\xD7\x33\xD7\x33\xD7\x33\xD7\x33\xD7\x33\xD7\x33\xD7\x33\xD7\x33\xD7\x33\xD7\x33\xD7" +
	"\x33\xD7\x33\xD7\x33\xD7\x33\xD7\x33\xD7\x33\xD7\x33\xD7\x33\xD7\x33\xD7\x33\xD7\x33\xD7\x33\xD7\x33\xD7\x33\xD7\x33\xD7\x33\xD7" +
	"\x33\xD7\x33\xF7\x33\xD7\x33\xF7\x33\xF7\x33\xD7\x33\xD7\x33\xD7\x33\xD7\x33\xD7\x33\xD7\x33\xD7\x33\xD7\x33\xF7\x33\xF7\x33\xF7" +
	"\x33\xF7\x33\xF7\x33\xF7\x33\xF7\x33\xF7\x33\xF7\x33\xF7\x33\xF7\x33\xF7\x33\xF7\x33\xF7\x33\xF7\x33\xF7\x3B\xF7\x33\xF7\x33\xF7" +
	"\x33\xF7\x3B\xF7\x3B\xF7\x3B\xF7\x3B\xF7\x3B\xF7\x3B\xF7\x3B\xF7\x3B\xF7\x3B\xF7\x3B\xF7\x3B\xF7\x3B\xF7\x3B\xF7\x3B\xF7\x3B\xF7" +
	"\x3B\xF7\x3B\xF7\x3B\xF7\x3B\xF7\x3B\xF7\x3B\xF7\x3B\xF7\x33\xF7\x3B\xF7\x3B\xF7\x3B\xF7\x3B\xF7\x3B\xF7\x3B\xF7\x3B\xF7\x3B\xF7"

const gopher565 = "" +

	"\x00\x00\x00\x00\x00\x00\x00\x00\x00\x00\x00\x00\x00\x00\x00\x00\x00\x00\x00\x00\x00\x00\x00\x00\x00\x00\x00\x00\x00\x00\x00\x00" +
	"\x00\x00\x00\x00\x00\x00\x00\x00\x00\x00\x00\x00\x00\x00\x00\x00\x00\x00\x00\x00\x00\x00\x00\x00\x00\x00\x00\x00\x00\x00\x00\x00" +
	"\x00\x00\x00\x00\x00\x00\x00\x00\x00\x00\x00\x00\x00\x00\x00\x00\x00\x00\x00\x00\x00\x00\x00\x00\x00\x00\x00\x00\x00\x00\x00\x00" +
	"\x00\x00\x00\x00\x00\x00\x00\x00\x00\x00\x00\x00\x00\x00\x00\x00\x00\x00\x00\x00\x00\x00\x00\x00\x00\x00\x00\x00\x00\x00\x00\x00" +
	"\x00\x00\x00\x00\x00\x00\x00\x00\x00\x00\x00\x00\x00\x00\x00\x00\x00\x00\x00\x00\x00\x00\x00\x00\x00\x00\x00\x00\x00\x00\x00\x00" +
	"\x00\x00\x00\x00\x00\x00\x00\x00\x00\x00\x00\x00\x00\x00\x00\x00\x00\x00\x00\x00\x00\x00\x00\x00\x00\x00\x00\x00\x00\x00\x00\x00" +
	"\x00\x00\x00\x00\x00\x00\x00\x00\x00\x00\x00\x00\x00\x00\x00\x00\x00\x00\x00\x00\x00\x00\x00\x00\x00\x00\x00\x00\x00\x00\x00\x00" +
	"\x00\x00\x00\x00\x00\x00\x00\x00\x00\x00\x00\x00\x00\x00\x00\x00\x00\x00\x00\x00\x00\x00\x00\x00\x00\x00\x00\x00\x00\x00\x00\x00" +
	"\x00\x00\x00\x00\x00\x00\x00\x00\x00\x00\x00\x00\x00\x00\x00\x00\x00\x00\x00\x00\x00\x00\x00\x00\x00\x00\x00\x00\x00\x00\x00\x00" +
	"\x00\x00\x00\x00\x00\x00\x00\x00\x00\x00\x00\x00\x00\x00\x00\x00\x00\x00\x00\x00\x00\x00\x00\x00\x00\x00\x00\x00\x00\x00\x00\x00" +
	"\x00\x00\x00\x00\x00\x00\x00\x00\x00\x00\x00\x00\x00\x00\x00\x00\x00\x00\x00\x00\x00\x00\x00\x00\x00\x00\x00\x00\x00\x00\x00\x00" +
	"\x00\x00\x00\x00\x00\x00\x00\x00\x00\x00\x00\x00\x00\x00\x00\x00\x00\x00\x00\x00\x00\x00\x00\x00\x00\x00\x00\x00\x00\x00\x00\x00" +
	"\x00\x00\x00\x00\x00\x00\x00\x00\x00\x00\x00\x00\x00\x00\x00\x00\x00\x00\x00\x00\x00\x00\x00\x00\x00\x00\x00\x00\x00\x00\x00\x00" +
	"\x00\x00\x00\x00\x00\x00\x00\x00\x00\x00\x00\x00\x00\x00\x00\x00\x00\x00\x00\x00\x00\x00\x00\x00\x00\x00\x00\x00\x00\x00\x00\x00" +
	"\x00\x00\x00\x00\x00\x00\x00\x00\x00\x00\x00\x00\x00\x00\x00\x00\x00\x00\x00\x00\x00\x00\x00\x00\x00\x00\x00\x00\x00\x00\x00\x00" +
	"\x00\x00\x00\x00\x00\x00\x00\x00\x00\x00\x00\x00\x00\x00\x00\x00\x00\x00\x00\x00\x00\x00\x00\x00\x00\x00\x00\x00\x00\x00\x00\x00" +
	"\x00\x00\x00\x00\x00\x00\x00\x00\x00\x00\x00\x00\x00\x00\x00\x00\x00\x00\x00\x00\x00\x00\x00\x00\x00\x00\x00\x00\x00\x00\x00\x00" +
	"\x00\x00\x00\x00\x00\x00\x00\x00\x00\x00\x00\x00\x00\x00\x00\x00\x00\x00\x00\x00\x00\x00\x00\x00\x00\x00\x00\x00\x00\x00\x00\x00" +
	"\x00\x00\x00\x00\x00\x00\x00\x00\x00\x00\x00\x00\x00\x00\x00\x00\x00\x00\x00\x00\x00\x00\x00\x00\x00\x00\x00\x00\x00\x00\x00\x00" +
	"\x00\x00\x00\x00\x00\x00\x00\x00\x00\x00\x00\x00\x00\x00\x00\x00\x00\x00\x00\x00\x00\x00\x00\x00\x00\x00\x00\x00\x00\x00\x00\x00" +
	"\x00\x00\x00\x00\x00\x00\x00\x00\x00\x00\x00\x00\x00\x00\x00\x00\x00\x00\x00\x00\x00\x00\x00\x00\x00\x00\x00\x00\x00\x00\x00\x00" +
	"\x00\x00\x00\x00\x00\x00\x00\x00\x00\x00\x00\x00\x00\x00\x00\x00\x00\x00\x00\x00\x00\x00\x00\x00\x00\x00\x00\x00\x00\x00\x00\x00" +
	"\x00\x00\x00\x00\x00\x00\x00\x00\x00\x00\x00\x00\x00\x00\x00\x00\x00\x00\x00\x00\x00\x00\x00\x00\x00\x00\x00\x00\x00\x00\x00\x00" +
	"\x00\x00\x00\x00\x00\x00\x00\x00\x00\x00\x00\x00\x00\x00\x00\x00\x00\x00\x00\x00\x00\x00\x00\x00\x00\x00\x00\x00\x00\x00\x00\x00" +
	"\x00\x00\x00\x00\x00\x00\x00\x00\x00\x00\x00\x00\x00\x00\x00\x00\x00\x00\x00\x00\x00\x00\x00\x00\x00\x00\x00\x00\x00\x00\x00\x00" +
	"\x00\x00\x00\x00\x00\x00\x00\x00\x00\x00\x00\x00\x00\x00\x00\x00\x00\x00\x00\x00\x00\x00\x00\x00\x00\x00\x00\x00\x00\x00\x00\x00" +
	"\x00\x00\x00\x00\x00\x00\x00\x00\x00\x00\x00\x00\x00\x00\x00\x00\x00\x00\x00\x00\x00\x00\x00\x00\x00\x00\x00\x00\x00\x00\x00\x00" +
	"\x00\x00\x00\x00\x00\x00\x00\x00\x00\x00\x00\x00\x00\x00\x00\x00\x00\x00\x00\x00\x00\x00\x00\x00\x00\x00\x00\x00\x00\x00\x00\x00" +
	"\x00\x00\x00\x00\x00\x00\x00\x00\x00\x00\x00\x00\x00\x00\x00\x00\x00\x00\x00\x00\x00\x00\x00\x00\x00\x00\x00\x00\x00\x00\x00\x00" +
	"\x00\x00\x00\x00\x00\x00\x00\x00\x00\x00\x00\x00\x00\x00\x00\x00\x00\x00\x00\x00\x00\x00\x00\x00\x00\x00\x00\x00\x00\x00\x00\x00" +
	"\x00\x00\x00\x00\x00\x00\x00\x00\x00\x00\x00\x00\x00\x00\x00\x00\x00\x00\x00\x00\x00\x00\x00\x00\x00\x00\x00\x00\x00\x00\x00\x00" +
	"\x00\x00\x00\x00\x00\x00\x00\x00\x00\x00\x00\x00\x00\x00\x00\x00\x00\x00\x00\x00\x00\x00\x00\x00\x00\x00\x00\x00\x00\x00\x00\x00" +
	"\x00\x00\x00\x00\x00\x00\x00\x00\x00\x00\x00\x00\x00\x00\x00\x00\x00\x00\x00\x00\x00\x00\x00\x00\x00\x00\x00\x00\x00\x00\x00\x00" +
	"\x00\x00\x00\x00\x00\x00\x00\x00\x00\x00\x00\x00\x00\x00\x00\x00\x00\x00\x00\x00\x00\x00\x00\x00\x00\x00\x00\x00\x00\x00\x00\x00" +
	"\x00\x00\x00\x00\x00\x00\x00\x00\x00\x00\x00\x00\x00\x00\x00\x00\x00\x00\x00\x00\x00\x00\x00\x00\x00\x00\x00\x00\x00\x00\x00\x00" +
	"\x00\x00\x00\x00\x00\x00\x00\x00\x00\x00\x00\x00\x00\x00\x00\x00\x00\x00\x00\x00\x00\x00\x00\x00\x00\x00\x00\x00\x00\x00\x00\x00" +
	"\x00\x00\x00\x00\x00\x00\x00\x00\x00\x00\x00\x00\x00\x00\x00\x00\x00\x00\x00\x00\x00\x00\x00\x00\x00\x00\x00\x00\x00\x00\x00\x00" +
	"\x00\x00\x00\x00\x00\x00\x00\x00\x00\x00\x00\x00\x00\x00\x00\x00\x00\x00\x00\x00\x00\x00\x00\x00\x00\x00\x00\x00\x00\x00\x00\x00" +
	"\x00\x00\x00\x00\x00\x00\x00\x00\x00\x00\x00\x00\x00\x00\x00\x00\x00\x00\x00\x00\x00\x00\x00\x00\x00\x00\x00\x00\x00\x00\x00\x00" +
	"\x00\x00\x00\x00\x00\x00\x00\x00\x00\x00\x00\x00\x00\x00\x00\x00\x00\x00\x00\x00\x00\x00\x00\x00\x00\x00\x00\x00\x00\x00\x00\x00" +
	"\x00\x00\x00\x00\x00\x00\x00\x00\x00\x00\x00\x00\x00\x00\x00\x00\x00\x00\x00\x00\x00\x00\x00\x00\x00\x00\x00\x00\x00\x00\x00\x00" +
	"\x00\x00\x00\x00\x00\x00\x00\x00\x00\x00\x00\x00\x00\x00\x00\x00\x00\x00\x00\x00\x00\x00\x00\x00\x00\x00\x00\x00\x00\x00\x00\x00" +
	"\x00\x00\x00\x00\x00\x00\x00\x00\x00\x00\x00\x00\x00\x00\x00\x00\x00\x00\x00\x00\x00\x00\x00\x00\x00\x00\x00\x00\x00\x00\x00\x00" +
	"\x00\x00\x00\x00\x00\x00\x00\x00\x00\x00\x00\x00\x00\x00\x00\x00\x00\x00\x00\x00\x00\x00\x00\x00\x00\x00\x00\x00\x00\x00\x00\x00" +
	"\x00\x00\x00\x00\x00\x00\x00\x00\x00\x00\x00\x00\x00\x00\x00\x00\x00\x00\x00\x00\x00\x00\x00\x00\x00\x00\x00\x00\x00\x00\x00\x00" +
	"\x00\x00\x00\x00\x00\x00\x00\x00\x00\x00\x00\x00\x00\x00\x00\x00\x00\x00\x00\x00\x00\x00\x00\x00\x00\x00\x00\x00\x00\x00\x00\x00" +
	"\x00\x00\x00\x00\x00\x00\x00\x00\x00\x00\x00\x00\x00\x00\x00\x00\x00\x00\x00\x00\x00\x00\x00\x00\x00\x00\x00\x00\x00\x00\x00\x00" +
	"\x00\x00\x00\x00\x00\x00\x00\x00\x00\x00\x00\x00\x00\x00\x00\x00\x00\x00\x00\x00\x00\x00\x00\x00\x00\x00\x00\x00\x00\x00\x00\x00" +
	"\x00\x00\x00\x00\x00\x00\x00\x00\x00\x00\x00\x00\x00\x00\x00\x00\x00\x00\x00\x00\x00\x00\x00\x00\x00\x00\x00\x00\x00\x00\x00\x00" +
	"\x00\x00\x00\x00\x00\x00\x00\x00\x00\x00\x00\x00\x00\x00\x00\x00\x00\x00\x00\x00\x00\x00\x00\x00\x00\x00\x00\x00\x00\x00\x00\x00" +
	"\x00\x00\x00\x00\x00\x00\x00\x00\x00\x00\x00\x00\x00\x00\x00\x00\x00\x00\x00\x00\x00\x00\x00\x00\x00\x00\x00\x00\x00\x00\x00\x00" +
	"\x00\x00\x00\x00\x00\x00\x00\x00\x00\x00\x00\x00\x00\x00\x00\x00\x00\x00\x00\x00\x00\x00\x00\x00\x00\x00\x00\x00\x00\x00\x00\x00" +
	"\x00\x00\x00\x00\x00\x00\x00\x00\x00\x00\x00\x00\x00\x00\x00\x00\x00\x00\x00\x00\x00\x00\x00\x00\x00\x00\x00\x00\x00\x00\x00\x00" +
	"\x00\x00\x00\x00\x00\x00\x00\x00\x00\x00\x00\x00\x00\x00\x00\x00\x00\x00\x00\x00\x00\x00\x00\x00\x00\x00\x00\x00\x00\x00\x00\x00" +
	"\x00\x00\x00\x00\x00\x00\x00\x00\x00\x00\x00\x00\x00\x00\x00\x00\x00\x00\x00\x00\x00\x00\x00\x00\x00\x00\x00\x00\x00\x00\x00\x00" +
	"\x00\x00\x00\x00\x00\x00\x00\x00\x00\x00\x00\x00\x00\x00\x00\x00\x00\x00\x00\x00\x00\x00\x00\x00\x00\x00\x00\x00\x00\x00\x00\x00" +
	"\x00\x00\x00\x00\x00\x00\x00\x00\x00\x00\x00\x00\x00\x00\x00\x00\x00\x00\x00\x00\x00\x00\x00\x00\x00\x00\x00\x00\x00\x00\x00\x00" +
	"\x00\x00\x00\x00\x00\x00\x00\x00\x00\x00\x00\x00\x00\x00\x00\x00\x00\x00\x00\x00\x00\x00\x00\x00\x00\x00\x00\x00\x00\x00\x00\x00" +
	"\x00\x00\x00\x00\x00\x00\x00\x00\x00\x00\x00\x00\x00\x00\x00\x00\x00\x00\x00\x00\x00\x00\x00\x00\x00\x00\x00\x00\x00\x00\x00\x00" +
	"\x00\x00\x00\x00\x00\x00\x00\x00\x00\x00\x00\x00\x00\x00\x00\x00\x00\x00\x00\x00\x00\x00\x00\x00\x00\x00\x00\x00\x00\x00\x00\x00" +
	"\x00\x00\x00\x00\x00\x00\x00\x00\x00\x00\x00\x00\x00\x00\x00\x00\x00\x00\x00\x00\x00\x00\x00\x00\x00\x00\x00\x00\x00\x00\x00\x00" +
	"\x00\x00\x00\x00\x00\x00\x00\x00\x00\x00\x00\x00\x00\x00\x00\x00\x00\x00\x00\x00\x00\x00\x00\x00\x00\x00\x00\x00\x00\x00\x00\x00" +
	"\x00\x00\x00\x00\x00\x00\x00\x00\x00\x00\x00\x00\x00\x00\x00\x00\x00\x00\x00\x00\x00\x00\x00\x00\x00\x00\x00\x00\x00\x00\x00\x00" +
	"\x00\x00\x00\x00\x00\x00\x00\x00\x00\x00\x00\x00\x00\x00\x00\x00\x00\x00\x00\x00\x00\x00\x00\x00\x00\x00\x00\x00\x00\x00\x00\x00" +
	"\x00\x00\x00\x00\x00\x00\x00\x00\x00\x00\x00\x00\x00\x00\x00\x00\x00\x00\x00\x00\x00\x00\x00\x00\x00\x00\x00\x00\x00\x00\x00\x00" +
	"\x00\x00\x00\x00\x00\x00\x00\x00\x00\x00\x00\x00\x00\x00\x00\x00\x00\x00\x00\x00\x00\x00\x00\x00\x00\x00\x00\x00\x00\x00\x00\x00" +
	"\x00\x00\x00\x00\x00\x00\x00\x00\x00\x00\x00\x00\x00\x00\x00\x00\x00\x00\x00\x00\x00\x00\x00\x00\x00\x00\x00\x00\x00\x00\x00\x00" +
	"\x00\x00\x00\x00\x00\x00\x00\x00\x00\x00\x00\x00\x00\x00\x00\x00\x00\x00\x00\x00\x00\x00\x00\x00\x00\x00\x00\x00\x00\x00\x00\x00" +
	"\x00\x00\x00\x00\x00\x00\x00\x00\x00\x00\x00\x00\x00\x00\x00\x00\x00\x00\x00\x00\x00\x00\x00\x00\x00\x00\x00\x00\x00\x00\x00\x00" +
	"\x00\x00\x00\x00\x00\x00\x00\x00\x00\x00\x00\x00\x00\x00\x00\x00\x00\x00\x00\x00\x00\x00\x00\x00\x00\x00\x00\x00\x00\x00\x00\x00" +
	"\x00\x00\x00\x00\x00\x00\x00\x00\x00\x00\x00\x00\x00\x00\x00\x00\x00\x00\x00\x00\x00\x00\x00\x00\x00\x00\x00\x00\x00\x00\x00\x00" +
	"\x00\x00\x00\x00\x00\x00\x00\x00\x00\x00\x00\x00\x00\x00\x00\x00\x00\x00\x00\x00\x00\x00\x00\x00\x00\x00\x00\x00\x00\x00\x00\x00" +
	"\x00\x00\x00\x00\x00\x00\x00\x00\x00\x00\x00\x00\x00\x00\x00\x00\x00\x00\x00\x00\x00\x00\x00\x00\x00\x00\x00\x00\x00\x00\x00\x00" +
	"\x00\x00\x00\x00\x00\x00\x00\x00\x00\x00\x00\x00\x00\x00\x00\x00\x00\x00\x00\x00\x00\x00\x08\x41\x31\xA6\x31\x86\x39\xE7\x39\xE7" +
	"\x39\xC7\x31\xA6\x31\x86\x00\x20\x00\x00\x00\x00\x00\x00\x00\x00\x00\x00\x00\x00\x00\x00\x00\x00\x00\x00\x00\x00\x00\x00\x00\x00" +
	"\x00\x00\x00\x00\x00\x00\x00\x00\x00\x00\x00\x00\x00\x00\x00\x00\x00\x00\x00\x00\x00\x00\x00\x00\x00\x00\x00\x00\x00\x00\x00\x00" +
	"\x00\x00\x00\x00\x00\x00\x00\x00\x00\x00\x00\x00\x00\x00\x00\x00\x00\x00\x00\x00\x00\x00\x00\x00\x00\x00\x00\x00\x00\x00\x00\x00" +
	"\x00\x00\x00\x00\x00\x00\x00\x00\x00\x00\x00\x00\x00\x00\x00\x00\x00\x00\x00\x00\x00\x00\x00\x00\x00\x00\x00\x00\x00\x00\x00\x00" +
	"\x00\x00\x00\x00\x00\x00\x00\x00\x00\x00\x00\x00\x00\x00\x00\x00\x00\x00\x00\x00\x00\x00\x00\x00\x00\x00\x00\x00\x00\x00\x00\x00" +
	"\x00\x00\x00\x00\x00\x00\x00\x00\x00\x00\x00\x00\x00\x00\x00\x00\x00\x00\x00\x00\x00\x00\x00\x00\x00\x00\x18\xC3\x4A\x49\x42\x08" +
	"\x19\x46\x09\x48\x09\xAB\x09\xED\x19\xEB\x09\x48\x21\x45\x5A\xCB\x10\x82\x00\x00\x00\x00\x00\x00\x00\x00\x00\x00\x00\x00\x00\x00" +
	"\x00\x00\x00\x00\x00\x00\x00\x00\x00\x00\x00\x00\x00\x00\x00\x00\x00\x00\x00\x00\x00\x00\x00\x00\x00\x00\x00\x00\x00\x00\x00\x00" +
	"\x00\x00\x00\x00\x00\x00\x00\x00\x00\x00\x00\x00\x00\x00\x00\x00\x00\x00\x00\x00\x00\x00\x00\x00\x00\x00\x00\x00\x00\x00\x00\x00" +
	"\x00\x00\x00\x00\x00\x00\x00\x00\x00\x00\x00\x00\x00\x00\x00\x00\x00\x00\x00\x00\x00\x00\x00\x00\x00\x00\x00\x00\x00\x00\x00\x00" +
	"\x00\x00\x00\x00\x00\x00\x00\x00\x00\x00\x00\x00\x00\x00\x00\x00\x00\x00\x00\x00\x00\x00\x00\x00\x00\x00\x00\x00\x00\x00\x00\x00" +
	"\x00\x00\x00\x00\x00\x00\x00\x00\x00\x00\x00\x00\x00\x00\x00\x00\x00\x00\x00\x00\x00\x00\x00\x00\x00\x00\x00\x00\x00\x00\x00\x20" +
	"\x39\xC7\x39\xE7\x11\x26\x43\x0F\x74\xB5\x6C\x75\x9C\x95\xD5\x54\xD5\x90\xB5\x2F\x3B\x0F\x08\xE5\x42\x08\x00\x20\x00\x00\x00\x00" +
	"\x00\x00\x00\x00\x00\x00\x00\x00\x00\x00\x00\x00\x00\x00\x00\x00\x00\x00\x00\x00\x00\x00\x00\x00\x00\x00\x00\x00\x00\x00\x00\x00" +
	"\x00\x00\x00\x00\x00\x00\x00\x00\x00\x00\x00\x00\x00\x00\x00\x00\x00\x00\x00\x00\x00\x00\x00\x00\x00\x00\x00\x00\x00\x00\x00\x00" +
	"\x00\x00\x00\x00\x00\x00\x00\x00\x00\x00\x00\x00\x00\x00\x00\x00\x00\x00\x00\x00\x00\x00\x00\x00\x00\x00\x00\x00\x00\x00\x00\x00" +
	"\x00\x00\x00\x00\x00\x00\x00\x00\x00\x00\x00\x00\x00\x00\x00\x00\x00\x00\x00\x00\x00\x00\x00\x00\x00\x00\x00\x00\x00\x00\x00\x00" +
	"\x00\x00\x00\x00\x00\x00\x00\x00\x00\x00\x00\x00\x00\x00\x00\x00\x00\x00\x00\x00\x00\x00\x00\x00\x00\x00\x00\x00\x00\x00\x00\x00" +
	"\x00\x00\x00\x00\x08\x41\x52\x8A\x29\x65\x22\x0B\xAD\xB6\x95\x56\x94\x95\xD5\x35\xD5\x35\xD5\x35\xD5\x72\xD5\x8F\xCD\x90\x22\x4C" +
	"\x18\xC3\x31\xA6\x00\x00\x00\x00\x00\x00\x00\x00\x00\x00\x00\x00\x00\x00\x00\x00\x00\x00\x00\x00\x00\x00\x00\x00\x00\x00\x00\x00" +
	"\x00\x00\x00\x00\x00\x00\x00\x00\x00\x00\x00\x00\x00\x00\x00\x00\x00\x00\x00\x00\x00\x00\x00\x00\x00\x00\x00\x00\x00\x00\x00\x00" +
	"\x00\x00\x00\x00\x00\x00\x00\x00\x00\x00\x00\x00\x00\x00\x00\x00\x00\x00\x00\x00\x00\x00\x00\x00\x00\x00\x00\x00\x00\x00\x00\x00" +
	"\x00\x00\x00\x00\x00\x00\x00\x00\x00\x00\x00\x00\x00\x00\x00\x00\x00\x00\x00\x00\x00\x00\x00\x00\x00\x00\x00\x00\x00\x00\x00\x00" +
	"\x00\x00\x00\x00\x00\x00\x00\x00\x00\x00\x00\x00\x00\x00\x00\x00\x00\x00\x00\x00\x00\x00\x00\x00\x00\x00\x00\x00\x00\x00\x00\x00" +
	"\x00\x00\x00\x00\x00\x00\x00\x00\x00\x00\x00\x00\x52\xAA\x18\xE4\x32\xCE\xD6\x78\x74\xB5\xC5\x15\xD5\x35\xD5\x35\xD5\x35\xD5\x35" +
	"\xD5\x54\xD5\x90\xD5\x8F\x7C\x2F\x08\x83\x42\x28\x00\x00\x00\x00\x00\x00\x00\x00\x00\x00\x00\x00\x00\x00\x00\x00\x00\x00\x00\x00" +
	"\x00\x00\x00\x00\x00\x00\x00\x00\x00\x00\x00\x00\x00\x00\x00\x00\x00\x00\x00\x00\x00\x00\x00\x00\x00\x00\x00\x00\x00\x00\x00\x00" +
	"\x00\x00\x00\x00\x00\x00\x00\x00\x00\x00\x00\x00\x00\x00\x00\x00\x00\x00\x00\x00\x00\x00\x00\x00\x00\x00\x00\x00\x00\x00\x00\x00" +
	"\x00\x00\x00\x00\x00\x00\x00\x00\x00\x00\x00\x00\x00\x00\x00\x00\x00\x00\x00\x00\x00\x00\x00\x00\x00\x00\x00\x00\x00\x00\x00\x00" +
	"\x00\x00\x00\x00\x00\x00\x00\x00\x00\x00\x00\x00\x00\x00\x00\x00\x00\x00\x00\x00\x00\x00\x00\x00\x00\x00\x00\x00\x00\x00\x00\x00" +
	"\x00\x00\x00\x00\x00\x00\x00\x00\x00\x00\x00\x00\x00\x00\x00\x00\x00\x00\x42\x28\x18\xE4\x32\xAE\xE6\xB8\x74\x95\xCD\x15\xD5\x35" +
	"\xD5\x35\xD5\x35\xD5\x35\xD5\x35\xD5\x35\xD5\x71\xD5\x8F\xAD\x0E\x00\xE6\x42\x28\x00\x00\x00\x00\x00\x00\x00\x00\x00\x00\x00\x00" +
	"\x00\x00\x00\x00\x00\x00\x00\x00\x00\x00\x00\x00\x00\x00\x00\x00\x00\x00\x00\x00\x00\x00\x00\x00\x00\x00\x00\x00\x00\x00\x00\x00" +
	"\x00\x00\x00\x00\x00\x00\x00\x00\x00\x00\x00\x00\x00\x00\x00\x00\x00\x00\x00\x00\x00\x00\x00\x00\x00\x00\x00\x00\x00\x00\x00\x00" +
	"\x00\x00\x00\x00\x00\x00\x00\x00\x00\x00\x00\x00\x00\x00\x00\x00\x00\x00\x00\x00\x00\x00\x00\x00\x00\x00\x00\x00\x00\x00\x00\x00" +
	"\x00\x00\x00\x00\x00\x00\x00\x00\x00\x00\x00\x00\x00\x00\x00\x00\x00\x00\x00\x00\x00\x00\x00\x00\x00\x00\x00\x00\x00\x00\x00\x00" +
	"\x00\x00\x00\x00\x00\x00\x00\x00\x00\x00\x00\x00\x00\x00\x00\x00\x00\x00\x00\x00\x00\x00\x00\x00\x31\xA6\x31\xA6\x19\xEB\xDE\x98" +
	"\x84\xD6\xCD\x15\xD5\x35\xD5\x35\xD5\x35\xD5\x35\xD5\x35\xD5\x35\xD5\x35\xD5\x72\xD5\x8F\xCD\xAD\x09\x28\x31\x86\x08\x61\x00\x00" +
	"\x00\x00\x00\x00\x00\x00\x00\x00\x00\x00\x00\x00\x00\x00\x00\x00\x00\x00\x00\x00\x00\x00\x00\x00\x00\x00\x00\x00\x00\x00\x00\x00" +
	"\x00\x00\x00\x00\x00\x00\x00\x00\x00\x00\x00\x00\x00\x00\x00\x00\x00\x00\x00\x00\x00\x00\x00\x00\x00\x00\x00\x00\x00\x00\x00\x00" +
	"\x00\x00\x00\x00\x00\x00\x00\x00\x00\x00\x00\x00\x00\x00\x00\x00\x00\x00\x00\x00\x00\x00\x00\x00\x00\x00\x00\x00\x00\x00\x00\x00" +
	"\x00\x00\x00\x00\x00\x00\x00\x00\x00\x00\x00\x00\x00\x00\x00\x00\x00\x00\x00\x00\x00\x00\x00\x00\x00\x00\x00\x00\x00\x00\x00\x00" +
	"\x00\x00\x00\x00\x00\x00\x00\x00\x00\x00\x00\x00\x00\x00\x00\x00\x00\x00\x00\x00\x00\x00\x00\x00\x00\x00\x00\x00\x00\x00\x08\x61" +
	"\x42\x08\x08\xE5\xB5\xB6\xA5\xB7\xB4\xD5\xD5\x35\xD5\x35\xD5\x35\xD5\x35\xD5\x35\xD5\x35\xD5\x35\xD5\x35\xD5\x53\xD5\x8F\xD5\xAD" +
	"\x19\xC9\x21\x04\x18\xC3\x00\x00\x00\x00\x00\x00\x00\x00\x00\x00\x00\x00\x00\x00\x00\x00\x00\x00\x00\x00\x00\x00\x00\x00\x00\x00" +
	"\x00\x00\x00\x00\x00\x00\x00\x00\x00\x00\x00\x00\x00\x00\x00\x00\x00\x00\x00\x00\x00\x00\x00\x00\x00\x00\x00\x00\x00\x00\x00\x00" +
	"\x00\x00\x00\x00\x00\x00\x00\x00\x00\x00\x00\x00\x00\x00\x00\x00\x00\x00\x00\x00\x00\x00\x00\x00\x00\x00\x00\x00\x00\x00\x00\x00" +
	"\x00\x00\x00\x00\x00\x00\x00\x00\x00\x00\x00\x00\x00\x00\x00\x00\x00\x00\x00\x00\x00\x00\x00\x00\x00\x00\x00\x00\x00\x00\x00\x00" +
	"\x00\x00\x00\x00\x00\x00\x00\x00\x00\x00\x00\x00\x00\x00\x00\x00\x00\x00\x00\x00\x00\x00\x00\x00\x00\x00\x00\x00\x00\x00\x00\x00" +
	"\x00\x00\x00\x00\x00\x00\x42\x08\x18\xC3\x53\x71\xF7\x19\x7C\x75\xD5\x35\xD5\x35\xD5\x35\xD5\x35\xD5\x35\xD5\x35\xD5\x35\xD5\x35" +
	"\xD5\x35\xD5\x53\xD5\x8F\xD5\xAD\x22\x0A\x18\xC3\x21\x24\x00\x00\x00\x00\x00\x00\x00\x00\x00\x00\x00\x00\x00\x00\x00\x00\x00\x00" +
	"\x00\x00\x00\x00\x00\x00\x00\x00\x00\x00\x00\x00\x00\x00\x00\x00\x00\x00\x00\x00\x00\x00\x00\x00\x00\x00\x00\x00\x00\x00\x00\x00" +
	"\x00\x00\x00\x00\x00\x00\x00\x00\x00\x00\x00\x00\x00\x00\x00\x00\x00\x00\x00\x00\x00\x00\x00\x00\x00\x00\x00\x00\x00\x00\x00\x00" +
	"\x00\x00\x00\x00\x00\x00\x00\x00\x00\x00\x00\x00\x00\x00\x00\x00\x00\x00\x00\x00\x00\x00\x00\x00\x00\x00\x00\x00\x00\x00\x18\xC3" +
	"\x21\x24\x21\x24\x00\x20\x00\x00\x00\x00\x00\x00\x00\x00\x00\x00\x00\x00\x00\x00\x00\x00\x00\x00\x00\x00\x00\x00\x00\x00\x00\x00" +
	"\x00\x00\x00\x00\x00\x00\x00\x00\x00\x00\x00\x00\x08\x41\x4A\x49\x09\x27\xCE\x57\x9D\x97\xC4\xF5\xD5\x35\xD5\x35\xD5\x35\xD5\x35" +
	"\xD5\x35\xD5\x35\xD5\x35\xD5\x35\xD5\x35\xD5\x54\xD5\x90\xD5\xAC\x22\x2A\x10\x82\x18\xE3\x00\x00\x00\x00\x00\x00\x00\x00\x00\x00" +
	"\x00\x00\x00\x00\x00\x00\x00\x00\x00\x00\x00\x00\x00\x00\x00\x00\x00\x00\x00\x00\x00\x00\x00\x00\x00\x00\x00\x00\x00\x00\x00\x00" +
	"\x00\x00\x00\x00\x00\x00\x00\x00\x00\x00\x00\x00\x00\x00\x00\x00\x00\x00\x00\x00\x00\x00\x00\x00\x00\x00\x00\x00\x00\x00\x00\x00" +
	"\x00\x00\x00\x00\x00\x00\x00\x00\x00\x00\x00\x00\x00\x00\x00\x00\x00\x00\x00\x00\x00\x00\x00\x00\x00\x00\x00\x00\x00\x00\x00\x00" +
	"\x00\x00\x00\x00\x42\x08\x29\x66\x11\x47\x29\x87\x4A\x69\x00\x20\x00\x00\x00\x00\x00\x00\x00\x00\x00\x00\x00\x00\x00\x00\x00\x00" +
	"\x00\x00\x00\x00\x00\x00\x00\x00\x00\x00\x00\x00\x00\x00\x00\x00\x00\x00\x00\x00\x29\x65\x10\xA2\x4B\x50\xFF\x19\x7C\x75\xD5\x35" +
	"\xD5\x35\xD5\x35\xD5\x35\xD5\x35\xD5\x35\xD5\x35\xD5\x35\xD5\x35\xD5\x35\xD5\x54\xD5\x90\xD5\xAB\x22\x29\x10\xA2\x21\x24\x00\x00" +
	"\x00\x00\x00\x00\x00\x00\x00\x00\x00\x00\x00\x00\x00\x00\x00\x00\x00\x00\x00\x00\x00\x00\x00\x00\x00\x00\x00\x00\x00\x00\x00\x00" +
	"\x00\x00\x00\x00\x00\x00\x00\x00\x00\x00\x00\x00\x00\x00\x00\x00\x00\x00\x00\x00\x00\x00\x00\x00\x00\x00\x00\x00\x00\x00\x00\x00" +
	"\x00\x00\x00\x00\x00\x00\x00\x00\x00\x00\x00\x00\x00\x00\x00\x00\x00\x00\x00\x00\x00\x00\x00\x00\x00\x00\x00\x00\x00\x00\x00\x00" +
	"\x00\x00\x00\x00\x00\x00\x00\x00\x00\x00\x10\xA2\x31\x86\x2A\x0A\xCC\xEB\x42\x8B\x21\x24\x42\x28\x29\x45\x39\xE7\x21\x24\x18\xE3" +
	"\x18\xC3\x4A\x49\x3A\x08\x39\xE7\x39\xC7\x00\x20\x00\x00\x00\x00\x00\x00\x00\x00\x00\x00\x00\x00\x00\x00\x00\x00\x42\x08\x08\xA4" +
	"\xAD\xB6\xC6\x38\xA4\xB5\xD5\x35\xD5\x35\xD5\x35\xD5\x35\xD5\x35\xD5\x35\xD5\x35\xD5\x35\xD5\x35\xD5\x35\xD5\x54\xD5\x8F\xD5\xCA" +
	"\x19\xE9\x10\xA2\x18\xE3\x00\x00\x00\x00\x00\x00\x00\x00\x00\x00\x00\x00\x00\x00\x00\x00\x00\x00\x00\x00\x00\x00\x00\x00\x00\x00" +
	"\x00\x00\x00\x00\x00\x00\x00\x00\x00\x00\x00\x00\x00\x00\x00\x00\x00\x00\x00\x00\x00\x00\x00\x00\x00\x00\x00\x00\x00\x00\x00\x00" +
	"\x00\x00\x00\x00\x00\x00\x00\x00\x00\x00\x00\x00\x00\x00\x00\x00\x00\x00\x00\x00\x00\x00\x08\x41\x31\xA6\x39\xE7\x42\x28\x08\x41" +
	"\x00\x00\x00\x00\x00\x00\x00\x00\x00\x00\x00\x00\x00\x00\x00\x00\x00\x00\x39\xC7\x10\x82\x6B\x8D\xA4\x0B\x63\x0B\x08\xA3\x09\x27" +
	"\x11\x48\x11\x68\x11\x47\x21\x66\x31\xA6\x10\xC4\x63\x8D\x42\xAC\x19\x04\x39\xC7\x00\x00\x00\x00\x00\x00\x00\x00\x00\x00\x00\x00" +
	"\x00\x00\x18\xC3\x29\x65\x09\x8A\xF6\xF9\x8D\x16\xD5\x35\xD5\x35\xD5\x35\xD5\x35\xD5\x35\xD5\x35\xD5\x35\xD5\x35\xD5\x35\xD5\x35" +
	"\xD5\x35\xD5\x54\xD5\x90\xD5\xC8\x09\x89\x18\xC3\x31\x86\x00\x00\x00\x00\x00\x00\x00\x00\x00\x00\x00\x00\x00\x00\x00\x00\x00\x00" +
	"\x00\x00\x00\x00\x00\x00\x00\x00\x00\x00\x00\x00\x00\x00\x00\x00\x00\x00\x00\x00\x00\x00\x00\x00\x00\x00\x00\x00\x00\x00\x00\x00" +
	"\x00\x00\x00\x00\x00\x00\x00\x00\x00\x00\x00\x00\x00\x00\x00\x00\x00\x00\x00\x00\x00\x00\x00\x00\x00\x00\x00\x00\x29\x45\x42\x28" +
	"\x19\x46\x1A\x0C\x21\x67\x5A\xCB\x42\x08\x39\xE7\x39\xC7\x39\xE7\x42\x08\x39\xE7\x39\xC7\x08\x41\x21\x24\x42\x08\x08\x83\x8B\xCE" +
	"\x7B\xAC\x84\x2D\xB5\x0A\xE5\xA5\xF5\xC4\xF5\xA5\xDD\x07\xA4\x69\x42\xCA\x2A\x4A\xC5\x08\xCD\x08\x08\xC5\x42\x28\x00\x00\x00\x00" +
	"\x00\x00\x00\x00\x00\x00\x00\x00\x00\x00\x39\xC7\x10\xA2\x6C\x33\xF7\x19\x7C\x55\xD5\x35\xD5\x35\xD5\x35\xD5\x35\xD5\x35\xD5\x35" +
	"\xD5\x35\xD5\x35\xD5\x35\xD5\x35\xD5\x35\xD5\x54\xD5\x90\xCD\xA6\x01\x28\x21\x04\x29\x65\x00\x00\x00\x00\x00\x00\x00\x00\x00\x00" +
	"\x00\x00\x00\x00\x00\x00\x00\x00\x00\x00\x00\x00\x00\x00\x00\x00\x00\x00\x00\x00\x00\x00\x00\x00\x00\x00\x00\x00\x00\x00\x00\x00" +
	"\x00\x00\x00\x00\x00\x00\x00\x00\x00\x00\x00\x00\x00\x00\x00\x00\x00\x00\x00\x00\x00\x00\x00\x00\x00\x00\x00\x00\x00\x00\x00\x00" +
	"\x00\x00\x00\x00\x4A\x49\x10\xC3\x64\xB5\xAE\xB8\x09\xAA\x08\xA3\x11\x68\x22\x6D\x3B\x2F\x3B\x2F\x22\x6C\x09\x48\x29\x66\x63\x0C" +
	"\x29\x66\x09\x48\x09\x49\x83\xEF\xEC\xEA\xFE\x2C\xFE\x2D\xFC\xA7\xFC\x87\xFC\x68\xFC\x87\xFC\xC6\xF5\x05\xF5\x64\x84\x2A\x9C\x47" +
	"\x08\x62\x39\xE7\x00\x00\x00\x00\x00\x00\x00\x20\x00\x00\x00\x00\x08\x41\x4A\x69\x09\x06\xD6\x58\xAD\xD7\xBC\xD5\xD5\x35\xD5\x35" +
	"\xD5\x35\xD5\x35\xD5\x35\xD5\x35\xD5\x35\xD5\x35\xD5\x35\xD5\x35\xD5\x35\xD5\x54\xD5\x8F\xBD\x65\x00\xE6\x21\x24\x10\x82\x00\x00" +
	"\x00\x00\x00\x00\x00\x00\x00\x00\x00\x00\x00\x00\x00\x00\x00\x00\x00\x00\x00\x00\x00\x00\x00\x00\x00\x00\x00\x00\x00\x00\x00\x00" +
	"\x00\x00\x00\x00\x00\x00\x00\x00\x00\x00\x00\x00\x00\x00\x00\x00\x00\x00\x00\x00\x00\x00\x00\x00\x00\x00\x00\x00\x00\x00\x00\x00" +
	"\x00\x00\x00\x00\x00\x00\x00\x00\x00\x00\x00\x00\x42\x28\x08\xA3\x65\x15\x5D\x35\x2B\x31\x75\x36\xAE\xB9\xAE\xF9\xAE\xF8\xB6\xF7" +
	"\xC7\x17\xB6\xB6\x64\x93\x09\x68\x3B\x70\xA6\x99\x74\x74\xFC\x2A\xFC\x0A\xFC\x6D\xFC\x2C\xF3\xCB\xF3\xCB\xF3\xCB\xF3\xCA\xE3\xEB" +
	"\xE4\x29\xFC\x87\xFC\xC6\x7B\x69\x08\x41\x39\xE7\x00\x20\x39\xC7\x4A\x49\x31\xC7\x31\xC7\x52\x8A\x52\x8A\x18\xE3\x3A\xCE\xFF\x39" +
	"\x7C\x95\xD5\x35\xD5\x35\xD5\x35\xD5\x35\xD5\x35\xD5\x35\xD5\x35\xD5\x35\xD5\x35\xD5\x35\xD5\x35\xD5\x35\xD5\x53\xD5\xAE\xA4\xE5" +
	"\x00\xA4\x42\x08\x00\x00\x00\x00\x00\x00\x00\x00\x00\x00\x00\x00\x00\x00\x00\x00\x00\x00\x00\x00\x00\x00\x00\x00\x00\x00\x00\x00" +
	"\x00\x00\x00\x00\x00\x00\x00\x00\x00\x00\x00\x00\x00\x00\x00\x00\x00\x00\x00\x00\x00\x00\x00\x00\x00\x00\x00\x00\x00\x00\x00\x00" +
	"\x00\x00\x00\x00\x00\x00\x00\x00\x00\x00\x00\x00\x00\x00\x00\x00\x00\x00\x00\x00\x31\x86\x08\x82\x54\x94\x5C\xD7\xBF\x1C\xA6\xFB" +
	"\x86\x9B\x7E\x9B\x76\x9B\x7E\x9B\x86\xBA\x96\xB9\xA6\xD8\x75\x97\x8E\x16\x8E\x15\x84\x52\xF3\xCB\xF3\xCB\xF3\xCB\xF3\xCB\xF3\xCB" +
	"\xF3\xCB\xCB\xAC\x8C\xF6\xB6\x9C\xB6\x9C\x95\x16\xCC\x2A\xBC\x28\x08\xA4\x52\x8A\x42\x28\x19\x04\x3A\xA9\x8C\xC7\x74\x68\x2A\x48" +
	"\x10\xE4\x08\x83\x95\x35\xAD\xD7\xB4\xD5\xD5\x35\xD5\x35\xD5\x35\xD5\x35\xD5\x35\xD5\x35\xD5\x35\xD5\x35\xD5\x35\xD5\x35\xD5\x35" +
	"\xD5\x35\xD5\x53\xD5\xAC\x84\x67\x08\x62\x42\x28\x00\x00\x00\x00\x00\x00\x00\x00\x00\x00\x00\x00\x00\x00\x00\x00\x00\x00\x00\x00" +
	"\x00\x00\x00\x00\x00\x00\x00\x00\x00\x00\x00\x00\x00\x00\x00\x00\x00\x00\x00\x00\x00\x00\x00\x00\x00\x00\x00\x00\x00\x00\x00\x00" +
	"\x00\x00\x00\x00\x00\x00\x00\x00\x00\x00\x00\x00\x00\x00\x00\x00\x00\x00\x00\x00\x00\x00\x00\x00\x00\x00\x08\x41\x42\x28\x08\xA4" +
	"\x65\x17\x9E\xDC\xA6\xFC\x96\xDC\x6E\x7B\x6E\x7B\x6E\x7B\x6E\x7B\x6E\x7B\x6E\x7B\x76\x9B\x76\x9B\x65\xD9\x9E\x97\x43\x31\x95\x37" +
	"\x9D\x57\x93\xF1\xEB\xCB\xF3\xCB\xE3\xAB\x9D\xB9\xFF\xFF\xFF\xFF\xFF\xFF\xFF\xFF\x9D\xD9\xE4\xC6\x32\x08\x21\x24\x31\xA6\x09\x48" +
	"\xC4\x60\xD4\xE0\xED\xE0\xF6\xC0\x7C\xA7\x12\x0C\xE6\xB8\x7C\x55\xD5\x35\xD5\x35\xD5\x35\xD5\x35\xD5\x35\xD5\x35\xD5\x35\xD5\x35" +
	"\xD5\x35\xD5\x35\xD5\x35\xD5\x35\xD5\x35\xD5\x73\xD5\xAA\x5B\xA8\x08\x41\x42\x08\x00\x00\x00\x00\x00\x00\x00\x00\x00\x00\x00\x00" +
	"\x00\x00\x00\x00\x00\x00\x00\x00\x00\x00\x00\x00\x00\x00\x00\x00\x00\x00\x00\x00\x00\x00\x00\x00\x00\x00\x21\x24\x31\x86\x4A\x69" +
	"\x39\xC7\x39\xC7\x4A\x69\x39\xC7\x42\x08\x39\xC7\x31\x86\x29\x45\x08\x61\x00\x00\x00\x00\x00\x00\x00\x00\x00\x00\x00\x00\x00\x00" +
	"\x42\x08\x5A\xCB\x10\xC3\x2B\x31\x55\x99\x5D\xFA\x76\x9B\x6E\x7B\x6E\x7B\x6E\x7B\x6E\x7B\x6E\x7B\x6E\x7B\x6E\x7B\x66\x7B\x66\x7B" +
	"\x6E\x7B\x7E\x5A\x65\x57\xD7\x1D\xFF\xFF\xF7\xDF\x8C\x74\xF3\xCB\x9B\xF0\xFF\xFF\xFF\xFF\xFF\xFF\xFF\xFF\xFF\xFF\xFF\xFF\x9C\x2D" +
	"\x8C\x07\x08\x82\x18\xE3\x01\x27\xBC\x42\xD4\x80\xD4\x80\xDC\xE0\xE6\x01\x84\xF4\x85\x16\xCD\x15\xD5\x35\xD5\x35\xD5\x35\xD5\x35" +
	"\xD5\x35\xD5\x35\xD5\x35\xD5\x35\xD5\x35\xD5\x35\xD5\x35\xD5\x35\xD5\x35\xD5\x72\xD5\xC7\x3A\xA8\x08\x61\x31\xA6\x00\x00\x00\x00" +
	"\x00\x00\x00\x00\x00\x00\x00\x00\x00\x00\x00\x00\x00\x00\x00\x00\x00\x00\x00\x00\x00\x00\x00\x00\x00\x00\x00\x00\x00\x00\x31\x86" +
	"\x52\xAA\x29\x86\x09\x27\x22\x29\x43\x28\x53\xA9\x5B\xC9\x53\x89\x3A\xC9\x19\xE8\x11\x48\x19\x46\x31\xC7\x4A\x49\x42\x08\x21\x24" +
	"\x00\x20\x00\x00\x00\x00\x29\x65\x42\x28\x11\x68\x7C\xF7\xCE\xFD\xE7\x7E\xC6\xDD\x55\x39\x66\x7B\x6E\x7B\x6E\x7B\x6E\x7B\x66\x5B" +
	"\x55\x59\x8D\xFA\xA6\x3B\x95\xFB\x5D\x79\x6E\x5B\x9E\xDA\x75\x17\xFF\xFF\xF7\xDF\xC6\xDD\xCB\xAC\xA4\x93\xFF\xFF\xFF\xFF\xFF\xFF" +
	"\xB6\x5B\x54\x35\xF7\xDF\x94\x52\xDC\xC5\x00\xE6\x10\x82\x00\x62\x4A\xE9\x8B\xC5\x7B\xA8\x7B\xA9\x6B\xEE\xBE\x17\xA4\xB5\xD5\x35" +
	"\xD5\x35\xD5\x35\xD5\x35\xD5\x35\xD5\x35\xD5\x35\xD5\x35\xD5\x35\xD5\x35\xD5\x35\xD5\x35\xD5\x35\xD5\x34\xD5\x71\xD5\xC5\x09\x89" +
	"\x10\x82\x29\x45\x00\x00\x00\x00\x00\x00\x00\x00\x00\x00\x00\x00\x00\x00\x00\x00\x00\x00\x00\x00\x00\x00\x00\x00\x00\x00\x00\x00" +
	"\x00\x00\x00\x00\x39\xE7\x31\xA6\x11\x88\x7C\x87\xDE\xA2\xFF\x21\xF7\x22\xF7\x22\xF7\x23\xF7\x23\xF7\x43\xF7\x44\xE6\xE6\xA5\xA9" +
	"\x3B\x8D\x32\xA9\x09\x27\x19\x25\x42\x08\x42\x08\x29\x45\x4A\x49\x09\x27\xBE\x7B\xFF\xFF\xFF\xFF\xFF\xFF\xFF\xFF\xEF\xBF\x45\x39" +
	"\x6E\x7B\x6E\x7B\x66\x7B\x65\x79\xF7\xDF\xFF\xFF\xFF\xFF\xFF\xFF\xFF\xDF\x65\x59\x7E\x9A\x65\x36\xB6\x5B\x23\x33\x8D\x59\xAB\x4D" +
	"\x9B\xAF\xFF\xFF\xFF\xFF\xFF\xFF\x8D\x59\x22\xF2\xDF\x3D\x72\xEE\xFC\xE5\x11\xCA\x32\xAE\x84\xB4\xBD\xF7\xE6\xB8\xFF\x39\x85\x37" +
	"\xDE\x78\xA4\xD5\xD5\x35\xD5\x35\xD5\x35\xD5\x35\xD5\x35\xD5\x35\xD5\x35\xD5\x35\xD5\x35\xD5\x35\xD5\x35\xD5\x35\xD5\x35\xD5\x35" +
	"\xD5\x54\xD5\x8F\xB5\x46\x00\xE6\x18\xE3\x18\xC3\x00\x00\x00\x00\x00\x00\x00\x00\x00\x00\x00\x00\x00\x00\x00\x00\x00\x00\x00\x00" +
	"\x00\x00\x00\x00\x00\x00\x00\x00\x00\x00\x21\x24\x31\x86\x19\xA8\xBD\x42\xFE\x60\xFE\x60\xFE\x60\xFE\x80\xFE\xA0\xFE\xC0\xFE\xC0" +
	"\xFE\xC0\xFE\xE0\xFF\x00\x8D\x69\xF7\x22\xF7\x44\xD6\xC6\x8D\x29\x32\xCA\x09\x27\x21\x45\x10\xA2\x64\x14\xFF\xFF\xFF\xFF\xFF\xFF" +
	"\xFF\xFF\xFF\xFF\xFF\xFF\x85\xBA\x6E\x7B\x6E\x7B\x55\x99\xF7\xBF\xFF\xFF\xFF\xFF\xFF\xFF\xFF\xFF\xFF\xFF\xEF\x9E\x55\x59\x8E\x59" +
	"\xA5\xFA\x7C\xF7\x53\xF5\xDB\x8B\xDB\xAB\x84\x96\xEF\x5D\xFF\xDF\xF7\x9E\xE7\x1D\x53\xB4\xCB\x0A\xFC\x87\x53\xB0\xE6\xD8\xFF\x39" +
	"\xFF\x39\xEE\xF9\x95\x57\xCE\x58\xFF\x19\xDD\x76\xD5\x35\xD5\x35\xD5\x35\xD5\x35\xD5\x35\xD5\x35\xD5\x35\xD5\x35\xD5\x35\xD5\x35" +
	"\xD5\x35\xD5\x35\xD5\x35\xD5\x54\xD5\x72\xD5\xAD\x84\x69\x00\x82\x39\xC7\x00\x20\x00\x00\x00\x00\x00\x00\x00\x00\x00\x00\x00\x00" +
	"\x00\x00\x00\x00\x00\x00\x00\x00\x00\x00\x00\x00\x00\x00\x00\x00\x00\x00\x4A\x49\x08\xC4\x84\x25\xF6\x20\xFE\x20\xFE\x20\xFE\x20" +
	"\xFE\x20\xFE\x20\xFE\x20\xFE\x40\xFE\x40\xFE\x60\xD5\xE3\x95\x28\x9D\x47\xDE\x82\xFF\x00\xFF\x21\xF7\x43\xCE\x67\x64\x2A\x09\x68" +
	"\x9D\xB9\xFF\xFF\xF7\xDF\xFF\xFF\xFF\xFF\xFF\xFF\xFF\xFF\xA5\xFA\x5E\x1A\x6E\x7B\x7D\x79\xFF\xFF\xFF\xFF\xFF\xFF\xFF\xFF\xFF\xFF" +
	"\xFF\xFF\xFF\xFF\x6D\x59\x8E\xBB\x6C\x96\x64\x35\x02\x92\x43\x31\x93\xAF\xAB\x0C\x53\x11\x53\xD4\x53\xD4\x42\xF1\xA2\x8A\xF3\xAA" +
	"\xFC\x29\x6B\x8D\x3B\x72\xE6\xB8\xFF\x39\xCE\x58\xEE\xD9\xFF\x39\xFF\x39\xFF\x19\xEE\x37\xDD\x55\xD5\x35\xD5\x35\xD5\x35\xD5\x35" +
	"\xD5\x35\xD5\x35\xD5\x35\xD5\x35\xD5\x35\xD5\x35\xD5\x35\xD5\x53\xD5\x71\xD5\xAC\x4B\x4A\x08\x41\x42\x08\x00\x00\x00\x00\x00\x00" +
	"\x00\x00\x00\x00\x00\x00\x00\x00\x00\x00\x00\x00\x00\x00\x00\x00\x00\x00\x00\x00\x00\x00\x00\x00\x00\x20\x39\xE7\x01\x27\xBD\x01" +
	"\xFE\x80\xFE\x20\xFE\x20\xFE\x20\xFE\x20\xFE\x20\xFE\x20\xFE\x20\xFE\x20\xFE\x20\xFE\x20\xFE\x20\xFE\x20\xBD\x65\x9D\x07\xAD\x86" +
	"\xEE\x81\xFF\x00\xFF\x22\xE6\xE5\x95\x97\xD6\xFD\x3B\xD5\x85\x38\xFF\xFF\xFF\xFF\xFF\xFF\x9D\x58\x55\xDA\x6E\x7B\x7D\x18\xFF\xFF" +
	"\x9D\xDA\x74\xF7\xFF\xFF\xFF\xFF\xFF\xFF\xFF\xFF\x54\xD7\x86\xBB\x43\x10\x5B\x30\xC5\xD6\x8C\xF5\xCD\xF6\xAB\x8D\xF3\x8A\xD3\x0A" +
	"\xD2\xE9\xF3\x29\xF3\xCA\xF3\xCB\xFC\x0A\x9B\xEB\x84\x12\x6C\x70\xFF\x19\xFF\x39\xFF\x39\xFF\x39\xFF\x39\xFF\x39\xFF\x39\xFF\x19" +
	"\xF6\xB8\xEE\x57\xE5\xF7\xE5\xB6\xDD\x75\xD5\x35\xD5\x35\xD5\x35\xD5\x35\xD5\x35\xD5\x35\xD5\x53\xD5\x90\xD5\xAB\x19\xE9\x08\x61" +
	"\x31\xA6\x00\x00\x00\x00\x00\x00\x00\x00\x00\x00\x00\x00\x00\x00\x00\x00\x00\x00\x00\x00\x00\x00\x00\x00\x00\x00\x00\x00\x00\x00" +
	"\x18\xC3\x29\x45\x09\x68\x8C\x86\xEE\x61\xFE\x40\xFE\x20\xFE\x20\xFE\x20\xFE\x20\xFE\x20\xFE\x20\xFE\x20\xFE\x20\xFE\x20\xFE\x20" +
	"\xFE\x20\xFE\x20\xFE\x20\xF6\x20\xA5\x07\x95\x08\xDE\x42\xFE\xE0\x7C\xAE\xCE\x9C\x43\xD5\xAE\x1A\xFF\xFF\xFF\xDF\xD6\x7B\x43\xF5" +
	"\x45\x79\x5E\x3B\x5C\xB7\xF7\x9E\x4B\xF5\x23\x13\xFF\xFF\xFF\xFF\xFF\xFF\xBE\x3B\x44\xF8\x7E\xBB\x83\xB0\xCB\xAC\x6B\x91\x75\x59" +
	"\x73\xF2\xF3\xCB\xF3\xCB\xF3\xCB\xF3\xCB\xF3\xCB\xF3\xCB\xF3\xCB\xF3\xCA\xCB\xE8\xA4\x93\x6C\x0B\xB5\xF7\xFF\x39\xFF\x39\xFF\x39" +
	"\xFF\x39\xFF\x39\xFF\x39\xFF\x39\xFF\x39\xFF\x39\xFF\x39\xFF\x39\xFF\x39\xF6\x98\xDD\x55\xD5\x35\xD5\x35\xD5\x35\xD5\x54\xD5\x72" +
	"\xD5\x8E\xAD\x2C\x00\xE6\x18\xE3\x21\x24\x00\x00\x00\x00\x00\x00\x00\x00\x00\x00\x00\x00\x00\x00\x00\x00\x00\x00\x00\x00\x00\x00" +
	"\x00\x00\x00\x00\x00\x00\x00\x00\x18\xC3\x29\x45\x09\x07\xAC\xE2\x9D\x47\xFE\x40\xFE\x20\xFE\x20\xFE\x20\xFE\x20\xFE\x20\xFE\x20" +
	"\xFE\x20\xFE\x20\xFE\x20\xFE\x20\xFE\x20\xFE\x20\xFE\x20\xFE\x20\xFE\x20\xFE\x20\xBD\x65\x8C\xC9\xA5\x26\x3B\x51\x9D\x58\xC6\x5B" +
	"\xCE\x7B\xA5\x58\x74\x96\x8C\xF5\x9D\x35\x74\xD5\x55\x99\x74\x76\xDE\xDC\xEF\x7E\xF7\xBE\xE7\x3D\xB5\xB9\x2B\x54\x66\x1B\x86\xBB" +
	"\x7B\xB0\xF3\xCB\xCB\xAC\x7C\x53\xAB\xCE\xF3\xCB\xF3\xCB\xF3\xCB\xF3\xCB\xF3\xCB\xF3\xCB\xF3\xCB\xF3\xCB\xF3\x44\x83\xCF\x84\x2D" +
	"\x9D\x51\xFF\x39\xFF\x39\xFF\x39\xFF\x39\xFF\x39\xFF\x39\xFF\x39\xFF\x39\xFF\x39\xFF\x39\xFF\x39\xFF\x39\xFF\x39\xEE\x17\xD5\x35" +
	"\xD5\x35\xD5\x35\xD5\x54\xD5\x72\xD5\xAD\x6C\x0D\x00\x62\x42\x28\x00\x20\x00\x00\x00\x00\x00\x00\x00\x00\x00\x00\x00\x00\x00\x00" +
	"\x00\x00\x00\x00\x00\x00\x00\x00\x00\x00\x00\x00\x00\x00\x00\x00\x00\x00\x31\xA6\x08\x62\x7C\x06\x7C\x88\xF6\x40\xFE\x20\xFE\x20" +
	"\xFE\x20\xFE\x20\xFE\x20\xFE\x20\xFE\x20\xFE\x20\xFE\x20\xFE\x20\xFE\x20\xFE\x20\xFE\x20\xFE\x20\xFE\x20\xFE\x20\xFE\x20\xFE\x20" +
	"\xBD\x65\x74\x6A\x12\xF2\x1B\x13\x1B\x13\x2B\xD5\x54\x96\x7C\xF6\x6C\xB6\x54\x96\x66\x5B\x4D\x38\x23\x33\x43\x53\x43\x73\x3B\x53" +
	"\x1B\x33\x55\x7A\x6E\x7B\x86\xBB\x6C\x12\xF3\xCB\xF3\xCB\xF3\xCB\xF3\xCB\xF3\xAA\xF3\x29\xF3\x8A\xF3\xCB\xF3\xCB\xF3\xCB\xF3\xCB" +
	"\xF3\x49\xF2\x85\x93\x09\x84\x2D\x9D\x2E\xFF\x39\xFF\x39\xFF\x39\xFF\x39\xFF\x39\xFF\x39\xFF\x39\xFF\x39\xFF\x39\xFF\x39\xFF\x39" +
	"\xFF\x39\xFF\x39\xEE\x57\xD5\x35\xD5\x35\xD5\x35\xD5\x53\xD5\x90\xD5\xAD\x32\x6B\x08\x61\x39\xC7\x00\x00\x00\x00\x00\x00\x00\x00" +
	"\x00\x00\x00\x00\x00\x00\x00\x00\x00\x00\x00\x00\x00\x00\x00\x00\x00\x00\x00\x00\x00\x00\x00\x00\x00\x00\x39\xE7\x08\x61\x22\x08" +
	"\xC5\x01\x94\xE8\xFE\x20\xFE\x20\xFE\x20\xFE\x20\xFE\x20\xFE\x20\xFE\x20\xFE\x20\xFE\x20\xFE\x20\xFE\x20\xFE\x20\xFE\x20\xFE\x20" +
	"\xFE\x20\xFE\x20\xFE\x20\xFE\x20\xFE\x20\xF6\x20\x44\x74\x65\xFB\x66\x1B\x66\x5B\x6E\x7B\x5D\x59\x5C\xD8\x5E\x3B\x6E\x7B\x6E\x7B" +
	"\x66\x3B\x55\x79\x4D\x19\x55\x39\x5D\xFB\x6E\x7B\x6E\x7B\x7E\x9B\x5C\xF6\xDB\xAB\xF3\x49\xF2\xA7\xF2\x87\xF2\x46\xF2\x67\xF3\xAA" +
	"\xF3\xCB\xF3\xCB\xF3\xCB\xF3\x49\xF2\x66\xF2\x46\xB2\x88\x74\x29\xA5\x50\xFF\x39\xFF\x39\xFF\x39\xFF\x39\xFF\x39\xFF\x39\xFF\x39" +
	"\xFF\x39\xFF\x39\xFF\x39\xFF\x39\xFF\x39\xFF\x39\xCD\xD6\x84\x13\x73\xD0\x6B\x8D\x73\xAB\x73\xEB\x6C\x0D\x01\x07\x10\x82\x31\xA6" +
	"\x00\x00\x00\x00\x00\x00\x00\x00\x00\x00\x00\x00\x00\x00\x00\x00\x00\x00\x00\x00\x00\x00\x00\x00\x00\x00\x00\x00\x00\x00\x00\x00" +
	"\x00\x00\x31\xA6\x18\xE3\x08\xA3\x73\xC7\x9C\x85\xCD\x84\xFE\x20\xFE\x20\xFE\x20\xFE\x20\xFE\x20\xFE\x20\xFE\x20\xFE\x20\xFE\x20" +
	"\xFE\x20\xFE\x20\xFE\x20\xFE\x20\xFE\x20\xFE\x20\xFE\x20\xFE\x20\xF6\x00\xA4\xE6\x4C\x34\x66\x7B\x6E\x7B\x6E\x7B\x6E\x7B\x5E\x3B" +
	"\x55\xDA\x6E\x7B\x6E\x7B\x6E\x7B\x6E\x7B\x6E\x7B\x6E\x7B\x6E\x7B\x6E\x7B\x6E\x7B\x6E\x7B\x6E\x9B\x7E\x9B\x4B\xF4\xAD\x55\x9C\x93" +
	"\x9B\xB0\x9A\xAC\xE3\x6B\xDB\xAB\xAC\x72\xE4\x4E\xF2\xA7\xF2\x46\xF2\x46\xF2\x46\xB2\x49\xBD\x44\xA5\x95\xFF\x39\xFF\x39\xFF\x39" +
	"\xFF\x39\xFF\x39\xFF\x39\xFF\x39\xFF\x39\xFF\x39\xFF\x39\xFF\x39\xC6\x17\x7C\x4F\x8B\xC6\xC4\x61\xD4\x80\xD4\x80\xD4\x80\xD4\x80" +
	"\xCC\xC0\x53\x88\x08\xE4\x42\x08\x29\x45\x00\x00\x00\x00\x00\x00\x00\x00\x00\x00\x00\x00\x00\x00\x00\x00\x00\x00\x00\x00\x00\x00" +
	"\x00\x00\x00\x00\x00\x00\x00\x00\x00\x00\x00\x20\x42\x28\x08\x61\x09\x47\xB4\x82\x84\x48\xD5\xA3\xFE\x20\xFE\x20\xFE\x20\xFE\x20" +
	"\xFE\x20\xFE\x20\xFE\x20\xFE\x20\xFE\x20\xFE\x20\xFE\x20\xFE\x20\xFE\x20\xFE\x20\xED\xE1\x94\xAA\x9D\x75\xEE\xFA\x8D\x13\x44\xF7" +
	"\x6E\x7B\x6E\x7B\x6E\x7B\x6E\x7B\x6E\x7B\x6E\x7B\x6E\x7B\x6E\x7B\x6E\x7B\x6E\x7B\x6E\x7B\x6E\x7B\x6E\x7B\x6E\x7B\x6E\x7B\x6E\x7B" +
	"\x6E\x7B\x5D\x38\xDE\x98\xFF\x39\xFF\x39\xF7\x19\xA5\x35\x84\x12\xCC\xF3\xBC\x72\xF2\x46\xF2\x46\xF2\x46\xF2\x46\x7B\x2A\xB5\x46" +
	"\xE6\xD8\xFF\x39\xFF\x39\xFF\x39\xFF\x39\xFF\x39\xFF\x39\xFF\x39\xFF\x39\xFF\x39\xF6\xF9\x84\x91\x9B\xE4\xD4\x80\xD4\x80\xD4\x80" +
	"\xD4\x80\xD4\x80\xD4\x80\xD4\x80\xD4\xA0\xFE\xC0\x7C\xCB\x08\xE5\x31\xA6\x21\x04\x00\x00\x00\x00\x00\x00\x00\x00\x00\x00\x00\x00" +
	"\x00\x00\x00\x00\x00\x00\x00\x00\x00\x00\x00\x00\x00\x00\x00\x00\x00\x00\x00\x00\x39\xC7\x31\x86\x00\x20\x22\x08\xC4\xA1\x84\x28" +
	"\xDD\xC2\xFE\x20\xFE\x20\xFE\x20\xFE\x20\xFE\x20\xFE\x20\xFE\x20\xFE\x20\xFE\x20\xFE\x20\xFE\x20\xFE\x20\x9C\xC8\x9D\x75\xF7\x3A" +
	"\xFF\x39\xE6\xB8\x53\xED\x5B\x93\x3C\x76\x4C\xF8\x4C\xF8\x3C\x77\x3C\xB8\x55\x9A\x5D\x9A\x55\x7A\x66\x3B\x6E\x7B\x6E\x7B\x6E\x7B" +
	"\x6E\x7B\x6E\x7B\x6E\x7B\x6E\x7B\x6E\x7B\x6E\x3A\x8D\x16\xFF\x39\xFF\x39\xFF\x39\xFF\x39\x6B\xD2\x83\x91\x8A\xAC\xEA\x46\xF2\x46" +
	"\xF2\x46\xA2\x69\xCD\x63\x9D\x73\xFF\x39\xFF\x39\xFF\x39\xFF\x39\xFF\x39\xFF\x39\xFF\x39\xFF\x39\xFF\x39\xFF\x39\xA4\xAB\xCC\x60" +
	"\xD4\x80\xD4\x80\xD4\x80\xD4\x80\xD4\x80\xD4\x80\xD4\x80\xD4\x80\xE5\x40\xFE\x40\xFF\x23\x74\x8C\x08\xA4\x42\x28\x00\x00\x00\x00" +
	"\x00\x00\x00\x00\x00\x00\x00\x00\x00\x00\x00\x00\x00\x00\x00\x00\x00\x00\x00\x00\x00\x00\x00\x00\x00\x00\x00\x00\x00\x00\x52\x8A" +
	"\x10\xA2\x00\x41\x2A\x69\xC4\x81\x84\x27\xCD\x84\xFE\x20\xFE\x20\xFE\x20\xFE\x20\xFE\x20\xFE\x20\xFE\x20\xFE\x20\xFE\x20\xD5\x82" +
	"\x7C\x91\xE6\xFA\xFF\x3A\xFF\x39\xFF\x39\xA5\xB6\x6C\x0D\x6C\xB6\x6D\x18\x7D\xBA\x75\xDA\x6D\x9A\x54\xD8\x3C\x36\x34\x36\x66\x5B" +
	"\x6E\x7B\x6E\x7B\x6E\x7B\x6E\x7B\x6E\x7B\x6E\x7B\x6E\x7B\x6E\x7B\x6E\x7B\x4D\x7A\x4C\x55\xFF\x19\xFF\x39\xFF\x39\xFF\x39\x8B\x90" +
	"\xE2\x47\xF2\x46\xF2\x46\xF2\x46\xB2\x49\xAC\xC5\x95\x0C\xF6\xF9\xFF\x39\xFF\x39\xFF\x39\xFF\x39\xFF\x39\xFF\x39\xFF\x39\xFF\x39" +
	"\xFF\x39\xFF\x39\x9C\x8E\xA4\x44\xB4\x62\xD4\x80\xD4\x80\xD4\x80\xD4\x80\xD4\x80\xD4\x80\xD4\xA0\xFE\x00\xFE\x20\xFE\x80\xF7\x26" +
	"\x32\xCB\x18\xE3\x31\x86\x00\x00\x00\x00\x00\x00\x00\x00\x00\x00\x00\x00\x00\x00\x00\x00\x00\x00\x00\x00\x00\x00\x00\x00\x00\x00" +
	"\x00\x00\x00\x00\x00\x00\x08\x61\x42\x08\x10\x82\x00\x41\x32\x49\xC4\x61\x8C\x26\xAD\x26\xFE\x20\xFE\x20\xFE\x20\xFE\x20\xFE\x20" +
	"\xD5\x82\x94\xCA\x94\xA8\x9D\x75\xFF\x5A\xFF\x39\xFF\x39\xFF\x39\xFF\x39\xA5\x93\x8C\xD0\xEE\xBA\x8D\x58\xA6\xFC\xA6\xFC\xA6\xFC" +
	"\xAF\x1D\x86\x1A\x5D\x38\x44\x97\x5E\x1A\x6E\x7B\x6E\x7B\x6E\x7B\x6E\x7B\x6E\x7B\x6E\x7B\x6E\x7B\x5D\xFA\x4D\x19\x2C\x57\xBC\xD5" +
	"\xDD\x75\xE5\xD6\xEE\x17\x8B\x4F\xF2\x46\xF2\x46\xF2\x46\xB2\x49\xA4\x86\xA5\x29\xDE\x98\xFF\x39\xFF\x39\xFF\x39\xFF\x39\xFF\x39" +
	"\xFF\x39\xFF\x39\xFF\x39\xFF\x39\xFF\x39\xFF\x39\xEE\xD8\x73\xEC\x83\xE7\x9C\x25\xD4\x80\xD4\x80\xD4\x80\xD4\x80\xD4\x80\xED\x80" +
	"\xFE\x20\xFE\x20\xFE\x20\xFE\xC1\xAD\xEB\x08\xC5\x52\xAA\x00\x00\x00\x00\x00\x00\x00\x00\x00\x00\x00\x00\x00\x00\x00\x00\x00\x00" +
	"\x00\x00\x00\x00\x00\x00\x00\x00\x00\x00\x00\x00\x00\x00\x00\x00\x10\xA2\x4A\x69\x10\x82\x00\x41\x2A\x29\xBC\x42\xAC\x43\x8C\xA8" +
	"\xFE\x20\xFE\x20\xFE\x20\xBD\x44\xB5\xD7\xFF\x5A\xDE\xB9\xAD\xB7\xFF\x39\xFF\x39\xFF\x39\xFF\x39\xFF\x39\x9D\x73\x84\x8F\xEE\x9A" +
	"\xA5\x98\x8E\x7B\xA6\xFC\xA6\xFC\xA6\xFC\xA6\xFC\xA6\xDC\x5D\x59\x4C\x97\x66\x3B\x6E\x7B\x66\x5B\x6E\x7B\x6E\x7B\x6E\x7B\x66\x1B" +
	"\x55\x19\x54\xF9\x44\xF9\x84\x13\xD5\x35\xD5\x35\xD5\x35\x8B\x2F\xF2\x46\xF2\x46\x9A\x6A\xAC\xC5\x9D\x0A\xD6\x78\xFF\x39\xFF\x39" +
	"\xFF\x39\xFF\x39\xFF\x39\xFF\x39\xFF\x39\xFF\x39\xFF\x39\xFF\x39\xFF\x39\xFF\x39\xFF\x39\xE6\x98\x73\xAD\x94\x06\x73\xC9\xBC\x62" +
	"\xD4\x80\xD4\x80\xDC\xE0\xFE\x20\xFE\x20\xFE\x20\xFE\x20\xFE\x60\xF7\x25\x09\x68\x31\xA6\x08\x41\x00\x00\x00\x00\x00\x00\x00\x00" +
	"\x00\x00\x00\x00\x00\x00\x00\x00\x00\x00\x00\x00\x00\x00\x00\x00\x00\x00\x00\x00\x00\x00\x00\x00\x00\x00\x18\xC3\x42\x28\x10\x82" +
	"\x00\x21\x11\x88\x9C\x04\xC4\x61\x7C\x49\xE5\xE2\xFE\x20\x9D\x30\xF7\x19\xBE\x18\xF7\x19\xA5\x56\xFF\x39\xFF\x39\xFF\x39\xFF\x39" +
	"\xFF\x39\xAD\xD7\x7C\x6A\xDE\x79\xDE\x79\x6D\x99\xA6\xFC\xA6\xFC\xA6\xFC\xA6\xFC\xA6\xFC\xA6\xDC\x96\x7B\x3C\x76\x4C\xB6\xA6\x18" +
	"\x6E\x7B\x6E\x7B\x5D\xFB\x55\x19\x54\xF9\x54\xF9\x4D\x19\x63\xF4\xD5\x35\xD5\x35\xD5\x35\x8B\x2F\xDA\x47\x83\x0A\xCD\x63\x95\x0E" +
	"\xDE\xB8\xFF\x39\xFF\x39\xFF\x39\xFF\x39\xFF\x39\xFF\x39\xFF\x39\xFF\x39\xFF\x39\xFF\x39\xFF\x39\xFF\x39\xFF\x39\xFF\x39\xEE\x37" +
	"\xD5\x35\x7B\xF2\x8B\xC6\x83\xE7\x7B\xE8\xA4\x24\xF5\xC0\xFE\x20\xFE\x20\xFE\x20\xF6\x20\xB5\xA5\xDE\x84\x09\x27\x29\x45\x10\xA2" +
	"\x00\x00\x00\x00\x00\x00\x00\x00\x00\x00\x00\x00\x00\x00\x00\x00\x00\x00\x00\x00\x00\x00\x00\x00\x00\x00\x00\x00\x00\x00\x00\x00" +
	"\x00\x00\x00\x00\x18\xC3\x52\x8A\x10\xA2\x00\x20\x00\xE5\x6B\x47\xCC\x80\x84\x07\xAD\x26\x9D\x31\xB5\xF7\xC6\x38\xF7\x19\xA5\x76" +
	"\xFF\x39\xFF\x39\xFF\x39\xFF\x39\xFF\x39\xF7\x19\x84\xAB\x84\xB3\xEE\x9A\x6D\x38\xA6\xFC\xA6\xFC\xA6\xFC\xA6\xFC\xA6\xFC\xA6\xFC" +
	"\x75\xDA\x64\xB6\xA5\x35\xDD\xD5\x76\x3A\x5D\x7A\x54\xF9\x54\xF9\x54\xF9\x54\xF9\x4D\x19\x4B\xF5\xD5\x35\xD5\x35\xCD\x15\x5B\x30" +
	"\x94\x67\xB5\x46\x9D\x74\xF7\x19\xFF\x39\xFF\x39\xFF\x39\xFF\x39\xFF\x39\xFF\x39\xFF\x39\xFF\x39\xFF\x39\xFF\x39\xFF\x39\xFF\x39" +
	"\xFF\x39\xFF\x39\xFE\xF9\xDD\x55\xD5\x35\xD5\x35\xBC\xD4\x73\xED\x83\xC6\xAC\xC5\x9D\x07\x9D\x08\x94\xE8\x9D\x07\x95\x08\xAD\x85" +
	"\x2A\x6A\x08\x41\x39\xE7\x08\x41\x00\x00\x00\x00\x00\x00\x00\x00\x00\x00\x00\x00\x00\x00\x00\x00\x00\x00\x00\x00\x00\x00\x00\x00" +
	"\x00\x00\x00\x00\x00\x00\x00\x00\x00\x00\x00\x00\x00\x00\x08\x41\x42\x28\x21\x04\x08\x41\x00\x62\x2A\x29\xAC\x23\x8B\xE6\x74\xD6" +
	"\xCE\x58\xDE\xB8\xEE\xD8\xBD\xF7\xFF\x39\xFF\x39\xFF\x39\xFF\x39\xFF\x39\xFF\x39\xBD\xF7\x84\x89\x94\xF5\x8D\x38\x8E\x3B\x9E\x9C" +
	"\xA6\xDC\xA6\xFC\xA6\xFC\xA6\xFC\x96\x9C\x43\xF4\x3B\x32\x5B\xD3\x4C\x98\x54\xF9\x54\xF9\x54\xF9\x54\xF9\x54\xF9\x54\xF9\x43\xF5" +
	"\xCC\xF5\x84\x12\x8C\x49\xBD\x45\x95\x2F\xD6\x78\xFF\x39\xFF\x39\xFF\x39\xFF\x39\xFF\x39\xFF\x39\xFF\x39\xFF\x39\xFF\x39\xFF\x39" +
	"\xFF\x39\xFF\x39\xFF\x39\xFF\x39\xFF\x39\xFF\x19\xE5\xD6\xD5\x35\xD5\x35\xD5\x35\xD5\x52\xD5\xAC\x22\x2B\x09\x47\x3A\xA8\x63\x68" +
	"\x6B\xA8\x5B\x48\x22\x08\x00\xA4\x00\x21\x10\xA2\x42\x28\x00\x00\x00\x00\x00\x00\x00\x00\x00\x00\x00\x00\x00\x00\x00\x00\x00\x00" +
	"\x00\x00\x00\x00\x00\x00\x00\x00\x00\x00\x00\x00\x00\x00\x00\x00\x00\x00\x00\x00\x00\x00\x00\x00\x00\x00\x39\xC7\x42\x08\x10\x82" +
	"\x00\x20\x09\x06\x74\x73\xC6\x59\xFF\x39\xFF\x39\xF7\x19\xF6\xF9\xFF\x39\xFF\x39\xFF\x39\xFF\x39\xFF\x39\xFF\x39\xFF\x39\xB5\xF6" +
	"\x84\x8A\x6C\x30\x54\xB8\x96\x5C\x96\x5C\x96\x5C\x96\x5C\x96\x5C\x96\x5C\x75\x9A\x5C\xD8\x3C\x77\x54\xF9\x54\xF9\x54\xF9\x54\xF9" +
	"\x54\xF9\x4C\xF9\x3C\x37\x4B\xCF\x9C\xA7\xAD\x26\x95\x2F\xAD\xD7\xAD\xD7\xFF\x39\xFF\x39\xFF\x39\xFF\x39\xFF\x39\xFF\x39\xFF\x39" +
	"\xFF\x39\xFF\x39\xFF\x39\xFF\x39\xFF\x39\xFF\x39\xFF\x39\xFF\x39\xFF\x39\xEE\x37\xD5\x35\xD5\x35\xD5\x35\xD5\x34\xD5\x8E\xAD\x0B" +
	"\x00\xE6\x00\x20\x00\x20\x00\x20\x00\x20\x00\x20\x08\x41\x08\x61\x21\x24\x63\x0C\x10\x82\x00\x00\x00\x00\x00\x00\x00\x00\x00\x00" +
	"\x00\x00\x00\x00\x00\x00\x00\x00\x00\x00\x00\x00\x00\x00\x00\x00\x00\x00\x00\x00\x00\x00\x00\x00\x00\x00\x00\x00\x00\x00\x00\x00" +
	"\x10\x82\x31\xA6\x52\x8A\x29\x65\x08\x61\x09\x48\xE6\xD9\xFF\x19\xFF\x39\xFF\x39\xFF\x39\xFF\x39\xFF\x39\xFF\x39\xFF\x39\xFF\x39" +
	"\xFF\x39\xFF\x39\xFF\x39\xFF\x39\xD6\x78\x8D\x10\x74\x4A\x6C\x6F\x64\xD7\x7D\xBA\x96\x3C\x96\x5C\x96\x5C\x96\x5C\x5D\x19\x33\xF6" +
	"\x4C\xF9\x44\xB8\x3C\x37\x3B\xF4\x5C\x2E\x8C\x88\x9C\xE7\x95\x0B\x9D\x74\xDE\x98\xFF\x39\xFF\x39\xC6\x58\xCE\x58\xFF\x39\xFF\x39" +
	"\xFF\x39\xFF\x39\xFF\x39\xFF\x39\xFF\x39\xFF\x39\xFF\x39\xFF\x39\xFF\x39\xFF\x39\xFF\x39\xFF\x39\xF6\xB8\xDD\x35\xD5\x35\xD5\x35" +
	"\xD5\x35\xD5\x52\xD5\xAA\x53\x6B\x08\x41\x21\x24\x39\xC7\x21\x04\x21\x24\x29\x65\x39\xC7\x4A\x49\x31\x86\x00\x00\x00\x00\x00\x00" +
	"\x00\x00\x00\x00\x00\x00\x00\x00\x00\x00\x00\x00\x00\x00\x00\x00\x00\x00\x00\x00\x00\x00\x00\x00\x00\x00\x00\x00\x00\x00\x00\x00" +
	"\x00\x00\x00\x00\x08\x41\x42\x28\x42\x08\x11\x26\x19\xEB\x32\xCF\x32\xAE\x3B\x52\xEE\xD8\xFF\x39\xFF\x39\xFF\x39\xFF\x39\xFF\x39" +
	"\xFF\x39\xFF\x39\xFF\x39\xFF\x39\xFF\x39\xFF\x39\xFF\x39\xFF\x39\xFF\x39\xFF\x39\xD6\x78\x95\x53\x8C\xED\x6C\x2A\x74\x4A\x7C\x6B" +
	"\x74\x6C\x84\xAC\x74\x6C\x7C\x4A\x7C\x49\x84\x68\x84\x89\x9D\x0A\x9D\x4F\xA5\x95\xCE\x58\xFF\x19\xFF\x39\xFF\x39\xD6\x78\x74\xD6" +
	"\xEE\xF9\xA5\xB7\xF7\x19\xFF\x39\xFF\x39\xFF\x39\xFF\x39\xFF\x39\xFF\x39\xFF\x39\xFF\x39\xFF\x39\xFF\x39\xFF\x39\xFF\x39\xF6\x98" +
	"\xDD\x55\xD5\x35\xD5\x35\xD5\x35\xD5\x34\xD5\x8D\xBD\x67\x01\x28\x10\x82\x4A\x69\x08\x41\x10\xA2\x10\xA2\x08\x61\x00\x20\x00\x00" +
	"\x00\x00\x00\x00\x00\x00\x00\x00\x00\x00\x00\x00\x00\x00\x00\x00\x00\x00\x00\x00\x00\x00\x00\x00\x00\x00\x00\x00\x00\x00\x00\x00" +
	"\x00\x00\x00\x00\x00\x00\x00\x00\x00\x00\x08\x61\x52\xAA\x19\x25\x32\xAF\xB6\x5B\xFF\xDF\xFF\xFF\xFF\xFF\xF7\xBF\x9D\xB9\x9D\x76" +
	"\xFF\x39\xFF\x39\xFF\x39\xFF\x39\xFF\x39\xFF\x39\xFF\x39\xFF\x39\xFF\x39\xFF\x39\xFF\x39\xFF\x39\xFF\x39\xFF\x39\xFF\x39\xFF\x39" +
	"\xFF\x39\xEE\xF9\xC6\x38\xAD\xD7\x9D\x96\x9D\x95\xA5\x95\x9D\x96\xA5\xB7\xC6\x58\xE6\xD9\xFF\x39\xFF\x39\xFF\x39\xFF\x39\xFF\x39" +
	"\xFF\x39\xFF\x39\xE6\xD8\x85\x36\xEE\xF9\xEE\xF9\xA5\xD7\xFF\x39\xFF\x39\xFF\x39\xFF\x39\xFF\x39\xFF\x39\xFF\x39\xFF\x39\xFF\x19" +
	"\xF6\xD8\xEE\x78\xE5\xB6\xD5\x35\xD5\x35\xD5\x35\xD5\x35\xD5\x35\xD5\x72\xD5\xA9\x63\xCA\x08\x62\x29\x65\x21\x24\x00\x00\x00\x00" +
	"\x00\x00\x00\x00\x00\x00\x00\x00\x00\x00\x00\x00\x00\x00\x00\x00\x00\x00\x00\x00\x00\x00\x00\x00\x00\x00\x00\x00\x00\x00\x00\x00" +
	"\x00\x00\x00\x00\x00\x00\x00\x00\x00\x00\x00\x00\x00\x00\x00\x00\x00\x20\x5A\xCB\x10\xE4\x53\xD3\xFF\xDF\xFF\xFF\xFF\xFF\xFF\xFF" +
	"\xFF\xFF\xFF\xFF\xFF\xFF\xDF\x3D\x9D\x77\xFF\x39\xFF\x39\xFF\x39\xFF\x39\xFF\x39\xFF\x39\xFF\x39\xFF\x39\xFF\x39\xFF\x39\xFF\x39" +
	"\xFF\x39\xFF\x39\xFF\x39\xFF\x39\xFF\x39\xFF\x39\xFF\x39\xFF\x39\xFF\x39\xFF\x39\xFF\x39\xFF\x39\xFF\x39\xFF\x39\xFF\x39\xFF\x39" +
	"\xFF\x39\xFF\x39\xFF\x39\xFF\x39\xFF\x39\xFF\x39\xFF\x39\xFF\x39\xFF\x39\xFF\x39\x95\x97\xFF\x39\xFF\x39\xFF\x39\xFE\xF8\xEE\x77" +
	"\xE5\xF7\xE5\xB6\xDD\x96\xDD\x55\xD5\x35\xD5\x35\xD5\x35\xD5\x35\xD5\x35\xD5\x35\xD5\x35\xD5\x54\xD5\x8D\xCD\x87\x09\x88\x08\x61" +
	"\x4A\x69\x00\x00\x00\x00\x00\x00\x00\x00\x00\x00\x00\x00\x00\x00\x00\x00\x00\x00\x00\x00\x00\x00\x00\x00\x00\x00\x00\x00\x00\x00" +
	"\x00\x00\x00\x00\x00\x00\x00\x00\x00\x00\x00\x00\x00\x00\x00\x00\x00\x00\x00\x00\x00\x00\x00\x00\x39\xE7\x21\x04\x3A\xCF\xF7\xDF" +
	"\xFF\xFF\xFF\xFF\xFF\xFF\xFF\xFF\xFF\xFF\xFF\xFF\xFF\xFF\xFF\xFF\xC6\x9C\xBD\xF7\xFF\x39\xFF\x39\xFF\x39\xFF\x39\xFF\x39\xFF\x39" +
	"\xFF\x39\xFF\x39\xFF\x39\xFF\x39\xFF\x39\xFF\x39\xFF\x39\xFF\x39\xFF\x39\xFF\x39\xFF\x39\xFF\x39\xFF\x39\xFF\x39\xFF\x39\xFF\x39" +
	"\xFF\x39\xFF\x39\xFF\x39\xFF\x39\xFF\x39\xFF\x39\xFF\x39\xFF\x39\xFF\x39\xFF\x39\xFF\x39\xFF\x39\xD6\x98\xFF\x39\xBE\x18\xDE\x98" +
	"\xF6\x78\xE5\xB6\xD5\x35\xD5\x35\xC4\xF5\x94\x54\x83\xF2\x83\xF0\x7B\xF0\x7B\xF2\xAC\xB4\xD5\x35\xD5\x35\xD5\x35\xD5\x34\xD5\x71" +
	"\xD5\xAA\x63\xAB\x00\x62\x29\x45\x29\x65\x00\x00\x00\x00\x00\x00\x00\x00\x00\x00\x00\x00\x00\x00\x00\x00\x00\x00\x00\x00\x00\x00" +
	"\x00\x00\x00\x00\x00\x00\x00\x00\x00\x00\x00\x00\x00\x00\x00\x00\x00\x00\x00\x00\x00\x00\x00\x00\x00\x00\x00\x00\x00\x00\x00\x00" +
	"\x52\x8A\x08\xE6\xCE\xDC\xFF\xFF\xFF\xFF\xFF\xFF\xFF\xFF\xFF\xFF\xFF\xFF\xFF\xFF\xFF\xFF\xFF\xFF\xFF\xFF\x8D\x57\xFF\x39\xFF\x39" +
	"\xFF\x39\xFF\x39\xFF\x39\xFF\x39\xFF\x39\xFF\x39\xFF\x39\xFF\x39\xFF\x39\xFF\x39\xFF\x39\xFF\x39\xFF\x39\xFF\x39\xFF\x39\xFF\x39" +
	"\xFF\x39\xFF\x39\xFF\x39\xFF\x39\xFF\x39\xFF\x39\xFF\x39\xFF\x39\xFF\x39\xFF\x39\xFF\x39\xFF\x39\xFF\x39\xFF\x39\xFF\x39\xEE\xF9" +
	"\x64\x96\xBD\xD7\xE5\xF6\x8C\x75\xD5\x35\xAC\x94\x7B\xF1\x83\xCA\x93\xE5\xBC\x41\xD4\x80\xD4\x80\xD4\xA0\xCC\xE0\x9C\x84\x5B\x91" +
	"\xAC\x94\xD5\x35\xD5\x53\xD5\x8E\xAD\x0B\x09\x07\x08\x61\x42\x08\x00\x00\x00\x00\x00\x00\x00\x00\x00\x00\x00\x00\x00\x00\x00\x00" +
	"\x00\x00\x00\x00\x00\x00\x00\x00\x00\x00\x00\x00\x00\x00\x00\x00\x00\x00\x00\x00\x00\x00\x00\x00\x00\x00\x00\x00\x00\x00\x00\x00" +
	"\x00\x00\x00\x00\x00\x00\x29\x45\x21\x24\x2A\xAE\xFF\xFF\xFF\xFF\xFF\xFF\xFF\xFF\xFF\xFF\xFF\xFF\xFF\xFF\xFF\xFF\xFF\xFF\xFF\xFF" +
	"\xFF\xFF\x9D\x99\xE6\xB8\xFF\x39\xFF\x39\xFF\x39\xFF\x39\xFF\x39\xFF\x39\xFF\x39\xFF\x39\xFF\x39\xFF\x39\xFF\x39\xFF\x39\xFF\x39" +
	"\xFF\x39\xFF\x39\xFF\x39\xFF\x39\xFF\x39\xFF\x39\xFF\x39\xFF\x39\xE6\xB8\x9D\x36\x9D\x56\xF7\x19\xFF\x39\xFF\x39\xFF\x39\xFF\x39" +
	"\xFF\x39\xFF\x39\xFF\x39\xFE\xF9\xB5\x36\xD5\x35\xD5\x35\x53\x92\x73\x8B\xA4\x04\xD4\x80\xD4\x80\xD4\x80\xD4\x80\xD4\x80\xD4\x80" +
	"\xD4\x80\x94\x26\x84\x27\xB4\xC3\xAC\xC3\x7C\x0C\x9C\x91\xC5\x6E\x22\x4B\x00\x41\x31\xA6\x21\x24\x00\x00\x00\x00\x00\x00\x00\x00" +
	"\x00\x00\x00\x00\x00\x00\x00\x00\x00\x00\x00\x00\x00\x00\x00\x00\x00\x00\x00\x00\x00\x00\x00\x00\x00\x00\x00\x00\x00\x00\x00\x00" +
	"\x00\x00\x00\x00\x00\x00\x00\x00\x00\x00\x00\x00\x00\x00\x42\x28\x10\x82\x74\x95\xDF\x5D\x74\xF7\xC6\xBC\xFF\xFF\xFF\xFF\xFF\xFF" +
	"\xFF\xFF\xFF\xFF\xFF\xFF\xFF\xFF\xFF\xFF\xBE\x3B\xBD\xD7\xFF\x39\xFF\x39\xFF\x39\xFF\x39\xFF\x39\xFF\x39\xFF\x39\xFF\x39\xFF\x39" +
	"\xFF\x39\xFF\x39\xFF\x39\xFF\x39\xFF\x39\xFF\x39\xFF\x39\xFF\x39\xFF\x39\xFF\x39\xFF\x39\xDE\x98\x95\x36\xFF\x19\xE6\xB8\x8C\xF5" +
	"\xFF\x39\xFF\x39\xFF\x39\xFF\x39\xFF\x39\xFF\x19\xEE\x57\xDD\x55\xD5\x35\x84\x12\x83\xC9\xBC\x61\xD4\x80\xD4\x80\xD4\x80\xD4\x80" +
	"\xD4\x80\xD4\x80\xD4\x80\xD4\x80\x8C\x06\xA4\x24\xD4\x80\xD4\xA0\xD4\xC0\xD5\x20\xAC\xE3\x5B\xAB\x00\xE6\x08\x61\x4A\x69\x10\x82" +
	"\x00\x00\x00\x00\x00\x00\x00\x00\x00\x00\x00\x00\x00\x00\x00\x00\x00\x00\x00\x00\x00\x00\x00\x00\x00\x00\x00\x00\x00\x00\x00\x00" +
	"\x00\x00\x00\x00\x00\x00\x00\x00\x00\x00\x00\x00\x00\x00\x00\x00\x00\x00\x00\x00\x00\x00\x39\xE7\x08\x62\x8D\x79\x6C\xB7\x2B\x74" +
	"\x23\x12\xFF\xFF\xFF\xFF\xFF\xFF\xFF\xFF\xFF\xFF\xFF\xFF\xFF\xFF\xFF\xFF\xB5\xD9\xAD\x76\xFF\x39\xFF\x39\xFF\x39\xFF\x39\xFF\x39" +
	"\xFF\x39\xFF\x39\xFF\x39\xF7\x19\xCE\x57\xB5\xD7\xBD\xF7\xE6\xB8\xFF\x39\xFF\x39\xFF\x39\xFF\x39\xFF\x39\xFF\x39\xFF\x19\x84\xD5" +
	"\xF7\x19\xB5\xF8\xFF\x39\xAD\x96\xE6\xB8\xFF\x39\xFF\x39\xFF\x39\xFE\xF8\xDD\x96\xD5\x35\xA4\x94\x73\x8B\xBC\x41\xD4\x80\xD4\x80" +
	"\xD4\x80\xD4\x80\xD4\x80\xD4\x80\xD4\x80\xD4\x80\xD4\x80\xD4\x80\x8C\x06\x83\xE7\xCC\x80\xD4\x80\xD4\x80\xD4\xA0\xD4\xE0\xDD\x60" +
	"\xC6\x27\x43\x0A\x11\x06\x4A\x49\x4A\x49\x00\x20\x00\x00\x00\x00\x00\x00\x00\x00\x00\x00\x00\x00\x00\x00\x00\x00\x00\x00\x00\x00" +
	"\x00\x00\x00\x00\x00\x00\x00\x00\x00\x00\x00\x00\x00\x00\x00\x00\x00\x00\x00\x00\x00\x00\x00\x00\x00\x00\x00\x00\x00\x00\x31\xA6" +
	"\x08\x61\x8D\x58\x85\x38\x02\x30\x33\x53\xFF\xFF\xFF\xFF\xFF\xFF\xFF\xFF\xFF\xFF\xFF\xFF\xFF\xFF\xF7\x7E\x9D\x38\xBD\xF7\xFF\x39" +
	"\xFF\x39\xFF\x39\xFF\x39\xFF\x39\xFF\x39\xDE\x78\x95\x57\xA5\xDA\xD6\xFD\xE7\x7E\xD7\x1D\xAE\x1A\x95\x58\xB5\xB7\xFF\x39\xFF\x39" +
	"\xFF\x39\xFF\x39\xDE\x98\xEE\xB8\x64\xB6\xBE\x38\xFF\x39\x8D\x15\xFF\x39\xFF\x39\xFF\x39\xF6\xB8\xDD\x55\xD5\x15\x7B\xF0\xA4\x03" +
	"\xD4\x80\xD4\x80\xD4\x80\xD4\x80\xD4\x80\xD4\x80\xD4\x80\xD4\x80\xD4\x80\xD4\x80\xD4\x80\xD4\x80\xD4\x80\xBC\x61\x83\xE8\xAC\x44" +
	"\xD4\x80\xD4\x80\xD4\x80\xD4\xE0\xFE\xE0\xFF\x22\xAD\xA9\x22\x49\x19\x04\x4A\x69\x31\x86\x00\x00\x00\x00\x00\x00\x00\x00\x00\x00" +
	"\x00\x00\x00\x00\x00\x00\x00\x00\x00\x00\x00\x00\x00\x00\x00\x00\x00\x00\x00\x00\x00\x00\x00\x00\x00\x00\x00\x00\x00\x00\x00\x00" +
	"\x00\x00\x00\x00\x00\x00\x31\xA6\x08\x61\x64\x34\xFF\xFF\xAE\x1A\xD7\x1D\xFF\xFF\xFF\xFF\xFF\xFF\xFF\xFF\xFF\xFF\xFF\xFF\xFF\xFF" +
	"\xCE\x3A\x74\x76\xEE\xD9\xFF\x39\xFF\x39\xFF\x39\xFF\x39\xFF\x39\xAD\x97\xB6\x3B\xFF\xFF\xFF\xFF\xFF\xFF\xFF\xFF\xFF\xFF\xFF\xFF" +
	"\xFF\xFF\xD6\xFD\x85\x16\xF6\xF9\xFF\x39\xFF\x39\xFF\x39\xFF\x39\xEE\xF9\xFF\x39\xD6\x78\xAD\x96\xFF\x39\xFF\x39\xF6\xD8\xDD\x55" +
	"\xB4\xD4\x73\x8B\xC4\x60\xD4\x80\xD4\x80\xD4\x80\xD4\x80\xD4\x80\xD4\x80\xD4\x80\xD4\x80\xD4\x80\xD4\x80\xD4\x80\xD4\x80\xD4\x80" +
	"\xD4\x80\xD4\x80\xD4\x80\xA4\x44\x83\xE8\xBC\x61\xD4\x80\xD4\xA0\xFE\x40\xFE\xA0\xFF\x01\xEF\x06\x74\xAB\x11\x68\x31\x86\x4A\x69" +
	"\x08\x61\x00\x00\x00\x00\x00\x00\x00\x00\x00\x00\x00\x00\x00\x00\x00\x00\x00\x00\x00\x00\x00\x00\x00\x00\x00\x00\x00\x00\x00\x00" +
	"\x00\x00\x00\x00\x00\x00\x00\x00\x00\x00\x00\x00\x00\x00\x31\xA6\x10\x82\x22\x0C\xDF\x1D\xFF\xFF\xFF\xFF\xFF\xFF\xFF\xFF\xFF\xFF" +
	"\xFF\xFF\xFF\xFF\xFF\xFF\xDE\xBC\xBD\xD9\x7C\x95\xFF\x39\xFF\x39\xFF\x39\xFF\x39\xFF\x39\xA5\x76\xCE\xDC\xFF\xFF\xFF\xFF\xFF\xFF" +
	"\xFF\xFF\xFF\xFF\xFF\xFF\xFF\xFF\xFF\xFF\xFF\xFF\xF7\xBF\x7C\xF6\xF7\x19\xFF\x39\xFF\x39\xFF\x39\xFF\x39\xFF\x19\x8C\xF5\xFF\x39" +
	"\xFF\x39\xFF\x39\xDD\x96\xB4\xB4\x83\xA8\xD4\x80\xD4\x80\xD4\x80\xD4\x80\xD4\x80\xD4\x80\xD4\x80\xD4\x80\xD4\x80\xD4\x80\xD4\x80" +
	"\xD4\x80\xD4\x80\xD4\x80\xD4\x80\xD4\x80\xD4\x80\xD4\x80\xD4\x80\xCC\x80\x8C\x06\x8C\x06\xD4\xC0\xFE\x20\xFE\x20\xFE\x60\xFE\xE0" +
	"\xFF\x23\xD6\xA9\x43\x2B\x19\x26\x52\xAA\x31\x86\x00\x00\x00\x00\x00\x00\x00\x00\x00\x00\x00\x00\x00\x00\x00\x00\x00\x00\x00\x00" +
	"\x00\x00\x00\x00\x00\x00\x00\x00\x00\x00\x00\x00\x00\x00\x00\x00\x00\x00\x00\x00\x00\x00\x21\x04\x21\x04\x00\x83\x3B\x53\xE7\x1D" +
	"\xFF\xFF\xFF\xFF\xFF\xFF\xFF\xFF\xFF\xFF\xF7\x9E\xCE\x5B\xBD\xD9\x8C\xD7\xCE\x37\xFF\x39\xFF\x39\xFF\x39\xFF\x39\xDE\x78\xB6\x5B" +
	"\xFF\xFF\xFF\xFF\xFF\xFF\xFF\xFF\xFF\xFF\xFF\xFF\xFF\xFF\xFF\xFF\xFF\xFF\xFF\xFF\xFF\xFF\xE7\x7E\x9D\x36\xFF\x39\xFF\x39\xFF\x39" +
	"\xFF\x39\xC6\x17\xE6\xB8\xFF\x39\xFF\x39\xF6\xD8\xD5\x35\x73\x8B\xD4\x80\xD4\x80\xD4\x80\xD4\x80\xD4\x80\xD4\x80\xD4\x80\xD4\x80" +
	"\xD4\x80\xD4\x80\xD4\x80\xD4\x80\xD4\x80\xD4\x80\xD4\x80\xD4\x80\xD4\x80\xD4\x80\xD4\x80\xD4\x80\xD4\x80\xD4\x80\xC4\x61\x7C\x28" +
	"\xC5\x84\xFE\x20\xFE\x20\xFE\x40\xFE\xC0\xFF\x21\xF7\x47\x8D\x4B\x11\xA8\x29\x65\x4A\x49\x08\x41\x00\x00\x00\x00\x00\x00\x00\x00" +
	"\x00\x00\x00\x00\x00\x00\x00\x00\x00\x00\x00\x00\x00\x00\x00\x00\x00\x00\x00\x00\x00\x00\x00\x00\x00\x00\x00\x00\x00\x00\x00\x00" +
	"\x4A\x69\x08\x41\x01\x07\x33\x33\xB5\xB9\xD6\x9B\xDE\xBC\xDE\xBC\xCE\x3A\xC5\xD9\xBD\xD9\x9D\x38\x9D\x56\xFF\x39\xFF\x39\xFF\x39" +
	"\xFF\x39\xFF\x39\x8D\x37\xFF\xFF\xFF\xFF\xFF\xFF\xFF\xFF\xFF\xFF\xFF\xFF\xFF\xFF\xFF\xFF\xFF\xFF\xFF\xFF\xFF\xFF\xFF\xFF\xFF\xFF" +
	"\x95\x79\xEE\xD8\xFF\x39\xFF\x39\xFF\x39\xFF\x39\xFF\x39\xFF\x39\xFF\x39\xEE\x57\x9C\x54\xB4\x22\xD4\x80\xD4\x80\xD4\x80\xD4\x80" +
	"\xD4\x80\xD4\x80\xD4\x80\xD4\x80\xD4\x80\xD4\x80\xD4\x80\xD4\x80\xD4\x80\xD4\x80\xD4\x80\xD4\x80\xD4\x80\xD4\x80\xD4\x80\xD4\x80" +
	"\xD4\x80\xD4\x80\xD4\x80\xE5\x20\xCD\x84\x9D\x07\xED\xE1\xFE\x20\xFE\x20\xFE\x80\xFF\x00\xFF\x24\xD6\xC9\x3B\x0B\x10\xE4\x52\x8A" +
	"\x18\xC3\x00\x00\x00\x00\x00\x00\x00\x00\x00\x00\x00\x00\x00\x00\x00\x00\x00\x00\x00\x00\x00\x00\x00\x00\x00\x00\x00\x00\x00\x00" +
	"\x00\x00\x00\x00\x00\x00\x00\x00\x31\xA6\x29\x45\x08\x41\x01\x28\x0A\x71\x64\x15\xA5\x58\xC5\xD9\x9D\x38\x7C\x75\x64\x35\x3B\x73" +
	"\x4B\xB3\x95\x15\xFF\x39\xFF\x39\xFF\x39\xF6\xF9\xA5\xFA\xFF\xFF\xFF\xFF\xFF\xFF\xFF\xFF\xFF\xFF\xFF\xFF\xFF\xFF\xFF\xFF\xFF\xFF" +
	"\xFF\xFF\xFF\xFF\xFF\xFF\xFF\xFF\xD6\xDC\xA5\x76\xFF\x39\xFF\x39\xFF\x39\xFF\x39\xFF\x39\xFF\x39\xFF\x39\xE5\xD6\x83\xF1\xD4\xC0" +
	"\xD4\xC0\xD4\x80\xD4\x80\xD4\x80\xD4\x80\xD4\x80\xD4\x80\xD4\x80\xD4\x80\xD4\x80\xD4\x80\xD4\x80\xD4\x80\xD4\x80\xD4\x80\xD4\x80" +
	"\xD4\x80\xD4\x80\xD4\x80\xD4\x80\xD4\x80\xD4\x80\xD4\x80\xED\x60\xFE\x20\xFE\x20\xAD\x26\xA5\x27\xFE\x20\xFE\x20\xFE\x60\xFE\xE0" +
	"\xFF\x22\xF7\x48\x7C\xCB\x09\x06\x39\xE7\x42\x28\x00\x00\x00\x00\x00\x00\x00\x00\x00\x00\x00\x00\x00\x00\x00\x00\x00\x00\x00\x00" +
	"\x00\x00\x00\x00\x00\x00\x00\x00\x00\x00\x00\x00\x00\x00\x00\x00\x00\x00\x42\x08\x21\x24\x08\x41\x00\x83\x01\x6A\x01\xEE\x0A\x50" +
	"\x7C\x73\xEE\x56\xE6\x36\x3B\x32\x02\x30\x02\x30\x9D\x36\xFF\x39\xFF\x39\xC6\x17\xD7\x1D\xFF\xFF\xFF\xFF\xFF\xFF\xFF\xFF\xFF\xFF" +
	"\xFF\xFF\xFF\xFF\xFF\xFF\xFF\xFF\xFF\xFF\xFF\xFF\xFF\xFF\xFF\xFF\xEF\x3D\x84\xD6\xFF\x39\xFF\x39\xFF\x39\xFF\x39\xFF\x39\xFF\x39" +
	"\xF6\xD8\xDD\x35\x73\xD2\xD5\x00\xD5\x00\xD4\xE0\xD4\xA0\xD4\x80\xD4\x80\xD4\x80\xD4\x80\xD4\x80\xD4\x80\xD4\x80\xD4\x80\xD4\x80" +
	"\xD4\x80\xD4\x80\xD4\x80\xD4\x80\xD4\x80\xD4\x80\xD4\x80\xD4\x80\xD4\x80\xD4\x80\xD4\x80\xED\xA0\xFE\x20\xFE\x20\xFE\x20\xEE\x01" +
	"\x94\xE8\xCD\x84\xFE\x20\xFE\x60\xFE\xE0\xFF\x00\xF7\x46\xB6\x0B\x11\xA8\x29\x65\x4A\x69\x00\x20\x00\x00\x00\x00\x00\x00\x00\x00" +
	"\x00\x00\x00\x00\x00\x00\x00\x00\x00\x00\x00\x00\x00\x00\x00\x00\x00\x00\x00\x00\x00\x00\x00\x00\x00\x00\x00\x00\x42\x28\x29\x65" +
	"\x10\x82\x08\x41\x00\x20\x19\xEA\xEE\x56\xEE\x56\xEE\x56\xD5\xD5\x43\x52\x12\x91\x6C\x13\xBD\xD7\xFF\x39\xAD\x96\xEF\x9E\xFF\xFF" +
	"\xFF\xFF\xFF\xFF\xFF\xFF\xFF\xFF\xFF\xFF\xFF\xFF\xFF\xFF\xFF\xFF\xFF\xFF\xFF\xFF\xFF\xFF\xFF\xFF\xE6\xFD\x8C\xD6\xFF\x39\xFF\x39" +
	"\xFF\x39\xFF\x39\xFF\x39\xF6\xD8\xDD\x76\xD5\x35\xAC\x94\xA4\x64\xD5\x40\xD5\x20\xCC\xE0\xD4\xC0\xD4\xA0\xD4\x80\xD4\x80\xD4\x80" +
	"\xD4\x80\xD4\x80\xD4\x80\xD4\x80\xD4\x80\xD4\x80\xD4\x80\xD4\x80\xD4\x80\xD4\x80\xD4\x80\xD4\x80\xD4\x80\xD4\x80\xD4\x80\xFE\x00" +
	"\xFE\x20\xFE\x20\xFE\x20\xFE\x20\xFE\x20\xCD\x84\x9C\xE8\xED\xE1\xFE\x60\xFE\xC0\xFF\x00\xFF\x45\xCE\xAA\x2A\x6A\x21\x24\x52\xAA" +
	"\x00\x00\x00\x00\x00\x00\x00\x00\x00\x00\x00\x00\x00\x00\x00\x00\x00\x00\x00\x00\x00\x00\x00\x00\x00\x00\x00\x00\x00\x00\x00\x00" +
	"\x00\x00\x00\x00\x00\x00\x18\xE3\x42\x08\x42\x08\x08\x61\x11\x69\xD5\xF5\xEE\x56\xEE\x56\xEE\x56\xEE\x56\xF6\x56\xEE\x56\x8C\xB4" +
	"\xD6\x78\xB5\xB7\xD7\x1D\xFF\xFF\xFF\xFF\xFF\xFF\xFF\xFF\xFF\xFF\xFF\xFF\xFF\xFF\xFF\xFF\xFF\xFF\xFF\xFF\xFF\xFF\xFF\xFF\xFF\xFF" +
	"\xD6\x7B\x84\xB5\xFF\x19\xFF\x19\xFF\x19\xF6\xD8\xEE\x17\xDD\x55\xD5\x35\xD5\x35\xD5\x35\x6B\xAF\xD5\x20\xDD\x40\xCD\x01\x94\x66" +
	"\xD4\xE0\xD4\xC0\xD4\x80\xD4\x80\xD4\x80\xD4\x80\xD4\x80\xD4\x80\xD4\x80\xD4\x80\xD4\x80\xD4\x80\xD4\x80\xD4\x80\xD4\x80\xD4\x80" +
	"\xD4\x80\xD4\x80\xDC\xC0\xFE\x20\xFE\x20\xFE\x20\xFE\x20\xFE\x20\xFE\x20\xFE\x20\xFE\x20\xAD\x26\xA5\x07\xFE\x40\xFE\xC0\xDE\x82" +
	"\x95\x8B\x8D\x8D\x2A\xAB\x19\x04\x42\x28\x00\x00\x00\x00\x00\x00\x00\x00\x00\x00\x00\x00\x00\x00\x00\x00\x00\x00\x00\x00\x00\x00" +
	"\x00\x00\x00\x00\x00\x00\x00\x00\x00\x00\x00\x00\x00\x00\x00\x00\x00\x00\x10\xA2\x31\xA6\x00\x41\x19\xEB\x74\x12\x84\xB4\x7C\x94" +
	"\xDD\xF5\xEE\x56\xEE\x56\xD5\x34\x7C\x54\xD5\xF7\x85\x38\xFF\xFF\xFF\xFF\xFF\xFF\xFF\xFF\xFF\xFF\xFF\xFF\xDF\x1D\x6C\xD7\x74\xD7" +
	"\xF7\xDF\xFF\xFF\xFF\xFF\xFF\xDF\xBD\xD9\x84\x34\xD5\x35\xDD\x35\xD5\x35\xD5\x35\xD5\x35\xD5\x35\xD5\x35\xD5\x35\xD5\x35\xCD\x15" +
	"\x6B\xAD\xCD\x01\xDD\x60\xD5\x40\x7C\x67\xA4\xA4\xD4\xE0\xD4\xA0\xD4\x80\xD4\x80\xD4\x80\xD4\x80\xD4\x80\xD4\x80\xD4\x80\xD4\x80" +
	"\xD4\x80\xD4\x80\xD4\x80\xD4\x80\xD4\x80\xD4\x80\xED\x60\xFE\x20\xFE\x20\xFE\x20\xFE\x20\xFE\x20\xFE\x20\xFE\x20\xFE\x20\xFE\x20" +
	"\xEE\x01\x94\xE8\xAD\x66\x9D\x67\xFE\xE0\xF7\x45\xDE\xEA\x2A\x6A\x21\x04\x31\xA6\x00\x00\x00\x00\x00\x00\x00\x00\x00\x00\x00\x00" +
	"\x00\x00\x00\x00\x00\x00\x00\x00\x00\x00\x00\x00\x00\x00\x00\x00\x00\x00\x00\x00\x00\x00\x00\x00\x00\x00\x00\x00\x52\xAA\x10\xA2" +
	"\x00\x20\x09\x28\xDF\x1D\x85\x18\x6C\x55\xBC\xB3\xC4\xB3\xB4\x52\x84\x13\xD5\x35\x53\x93\xF7\x9E\xFF\xFF\xFF\xFF\xFF\xFF\xFF\xFF" +
	"\xFF\xFF\x64\x76\x33\x94\x02\x30\x95\x99\xFF\xFF\xFF\xFF\xD6\x7B\x84\xB7\xB4\xB4\xD5\x35\xD5\x35\xD5\x35\xD5\x35\xD5\x35\xD5\x35" +
	"\xD5\x35\xD5\x35\xD5\x35\xD5\x35\xCD\x15\x7B\xF0\x9C\x64\xDD\x60\xDD\x80\xAC\xE4\x84\x67\xC4\xC1\xD4\xA0\xD4\x80\xD4\x80\xD4\x80" +
	"\xD4\x80\xD4\x80\xD4\x80\xD4\x80\xD4\x80\xD4\x80\xD4\x80\xD4\x80\xD4\x80\xD4\x80\xFE\x00\xFE\x20\xFE\x20\xFE\x20\xFE\x20\xFE\x20" +
	"\xFE\x20\xFE\x20\xFE\x20\xFE\x20\xFE\x20\xFE\x20\xDD\xC2\xFE\x60\xFE\xC0\xFF\x00\xF7\x46\xBE\x4A\x11\x88\x31\x86\x29\x45\x00\x00" +
	"\x00\x00\x00\x00\x00\x00\x00\x00\x00\x00\x00\x00\x00\x00\x00\x00\x00\x00\x00\x00\x00\x00\x00\x00\x00\x00\x00\x00\x00\x00\x00\x00" +
	"\x00\x00\x00\x00\x08\x41\x4A\x69\x08\x61\x4B\x72\xA5\xB9\xC6\xBC\xCE\x5B\x4B\x51\x73\xB1\x7B\xD3\xD5\x15\xD5\x35\x8C\x33\x74\x76" +
	"\xDE\xDC\xFF\xDF\xFF\xFF\xFF\xFF\xFF\xFF\xCE\xDC\x33\x73\x1A\xD2\xC6\xBC\xFF\xFF\xD6\x9B\xBD\xD9\x6B\xF4\xD5\x35\xD5\x35\xD5\x35" +
	"\xD5\x35\xD5\x35\xD5\x35\xD5\x35\xD5\x35\xD5\x35\xD5\x35\xD5\x35\xD5\x35\xD5\x54\xAC\xF2\x7C\x0B\xB4\xE3\xDD\x80\xDD\x80\x94\xA6" +
	"\x84\x47\xC4\xA1\xD4\xA0\xD4\x80\xD4\x80\xD4\x80\xD4\x80\xD4\x80\xD4\x80\xD4\x80\xD4\x80\xD4\x80\xD4\x80\xE5\x20\xFE\x20\xFE\x20" +
	"\xFE\x20\xFE\x20\xFE\x20\xFE\x20\xFE\x20\xFE\x20\xFE\x20\xFE\x20\xFE\x20\xFE\x20\xFE\x20\xFE\x20\xFE\x80\xFE\xC0\xFF\x00\xF7\x46" +
	"\x9D\x8B\x08\xC5\x42\x28\x00\x00\x00\x00\x00\x00\x00\x00\x00\x00\x00\x00\x00\x00\x00\x00\x00\x00\x00\x00\x00\x00\x00\x00\x00\x00" +
	"\x00\x00\x00\x00\x00\x00\x00\x00\x00\x00\x00\x00\x00\x00\x29\x65\x10\xA2\x09\x48\x33\x32\xDE\xBC\x8C\xD7\x7C\x0E\xD5\x6D\xD5\x52" +
	"\xD5\x35\xD5\x35\xD5\x35\x43\x32\x53\xD4\xBD\xB9\xD6\x7B\xE7\x1D\xF7\x9E\xFF\xBF\xF7\xBF\xF7\x7E\xDE\xDC\xC5\xFA\xBD\xD9\x74\x56" +
	"\xBC\xD4\xD5\x35\xD5\x35\xD5\x35\xD5\x35\xD5\x35\xD5\x35\xD5\x35\xD5\x54\xD5\x54\xD5\x53\xD5\x72\xD5\x91\xD5\x8F\xD5\x8E\xBD\x4E" +
	"\x43\x2F\x4A\xE7\xAC\xC3\xDD\x80\xD5\x60\x8C\x86\x84\x27\xC4\xA1\xD4\xA0\xD4\x80\xD4\x80\xD4\x80\xD4\x80\xD4\x80\xD4\x80\xD4\x80" +
	"\xD4\x80\xF5\xC0\xFE\x20\xFE\x20\xFE\x20\xFE\x20\xFE\x20\xFE\x20\xFE\x20\xFE\x20\xFE\x20\xFE\x20\xFE\x20\xFE\x20\xFE\x20\xFE\x20" +
	"\xFE\x20\xFE\x80\xFE\xE0\xFF\x21\xF7\x48\x3A\xEB\x18\xE3\x29\x65\x00\x00\x00\x00\x00\x00\x00\x00\x00\x00\x00\x00\x00\x00\x00\x00" +
	"\x00\x00\x00\x00\x00\x00\x00\x00\x00\x00\x00\x00\x00\x00\x00\x00\x00\x00\x00\x00\x00\x00\x21\x24\x31\x86\x08\x41\x00\x42\x11\xCB" +
	"\x19\xCB\x08\xE6\x7C\x2C\xD5\x88\xD5\x6F\xD5\x53\xD5\x34\xCD\x15\x2A\xD1\x12\x91\x64\x15\xAD\x78\xBD\xD9\xBD\xD9\xC5\xD9\xBD\xD9" +
	"\xBD\xD9\xB5\x99\x5B\xF4\xA4\x74\xD5\x35\xD5\x34\xD5\x54\xD5\x54\xD5\x53\xD5\x53\xD5\x53\xD5\x72\xD5\x72\xD5\x90\xD5\x8F\xD5\xAD" +
	"\xCD\xAB\x94\xAD\x42\xEC\x09\x27\x00\x41\x00\x20\x00\xA5\x32\x67\x94\x85\xDD\x80\xD5\x60\x94\xA6\x7C\x28\xB4\x63\xD4\xA0\xD4\x80" +
	"\xD4\x80\xD4\x80\xD4\x80\xD4\x80\xDC\xE0\xFE\x20\xFE\x20\xFE\x20\xFE\x20\xFE\x20\xFE\x20\xFE\x20\xFE\x20\xFE\x20\xFE\x20\xFE\x20" +
	"\xFE\x20\xFE\x20\xFE\x20\xFE\x20\xFE\x20\xFE\x40\xFE\xA0\xFF\x00\xF7\x42\x95\x6B\x08\xA3\x39\xE7\x00\x00\x00\x00\x00\x00\x00\x00" +
	"\x00\x00\x00\x00\x00\x00\x00\x00\x00\x00\x00\x00\x00\x00\x00\x00\x00\x00\x00\x00\x00\x00\x00\x00\x00\x00\x00\x00\x00\x00\x00\x00" +
	"\x4A\x49\x39\xE7\x10\xA2\x08\x41\x08\x41\x00\x20\x08\x83\x32\x8A\xAD\x06\xD5\x89\xD5\x70\xD5\x53\xCD\x33\x63\xB2\x02\x50\x02\x50" +
	"\x2A\xF2\x53\xB4\x64\x35\x5B\xF5\x43\x73\x4B\x51\xB4\xF2\xD5\x72\xD5\x72\xD5\x72\xD5\x72\xD5\x72\xD5\x72\xD5\x71\xD5\x90\xD5\x8E" +
	"\xD5\xAB\xCD\xA8\x9C\xCA\x53\x6B\x19\xA9\x00\xA4\x00\x20\x08\x41\x10\x82\x18\xC3\x08\x61\x00\x20\x00\x83\x11\xA8\x6B\xC7\xC5\x22" +
	"\xDD\x80\x9C\xC5\x7C\x48\x94\x25\xCC\x80\xD4\x80\xD4\x80\xD4\x80\xF5\xA0\xFE\x20\xFE\x20\xFE\x20\xFE\x20\xFE\x20\xFE\x20\xFE\x20" +
	"\xFE\x20\xFE\x20\xFE\x20\xFE\x20\xFE\x20\xFE\x20\xFE\x20\xFE\x20\xFE\x20\xFE\x20\xFE\x60\xFE\xE0\xFF\x20\xD6\xA5\x01\x06\x42\x08" +
	"\x00\x00\x00\x00\x00\x00\x00\x00\x00\x00\x00\x00\x00\x00\x00\x00\x00\x00\x00\x00\x00\x00\x00\x00\x00\x00\x00\x00\x00\x00\x00\x00" +
	"\x00\x00\x00\x00\x00\x00\x00\x00\x00\x00\x18\xE3\x42\x28\x52\xAA\x39\xE7\x31\x86\x08\x61\x00\x20\x00\xE6\x3A\xC9\x94\xA8\xCD\x87" +
	"\xD5\x8C\xD5\x90\xC5\x50\x7C\x30\x4B\x70\x3B\x30\x4B\x50\x6B\xF0\xAC\xF0\xD5\x91\xD5\x91\xD5\x90\xD5\x90\xD5\x8F\xD5\x8E\xD5\xAC" +
	"\xD5\xAB\xD5\xA8\xAD\x08\x7C\x29\x42\xE9\x09\x68\x00\x84\x00\x20\x08\x41\x10\x82\x21\x24\x4A\x69\x39\xC7\x31\xA6\x4A\x49\x29\x45" +
	"\x10\x82\x08\x41\x00\x41\x00\xE6\x42\xA8\x94\x85\xD5\x80\xC5\x42\x84\x67\x84\x07\xAC\x43\xE5\x20\xFE\x20\xFE\x20\xFE\x20\xFE\x20" +
	"\xFE\x20\xFE\x20\xFE\x20\xFE\x20\xFE\x20\xFE\x20\xFE\x20\xFE\x20\xFE\x20\xFE\x20\xFE\x20\xFE\x20\xFE\x20\xFE\x20\xFE\x40\xFE\xC0" +
	"\xFF\x00\xEE\xE1\x01\x27\x39\xC7\x08\x41\x00\x00\x00\x00\x00\x00\x00\x00\x00\x00\x00\x00\x00\x00\x00\x00\x00\x00\x00\x00\x00\x00" +
	"\x00\x00\x00\x00\x00\x00\x00\x00\x00\x00\x00\x00\x00\x00\x00\x00\x00\x00\x00\x00\x00\x00\x00\x00\x00\x00\x29\x65\x4A\x49\x21\x04" +
	"\x08\x41\x00\x20\x00\x83\x09\x48\x3A\xC8\x6B\xEA\x94\xAB\xB5\x2C\xCD\x8C\xD5\xAC\xD5\xAC\xD5\xAB\xD5\xAB\xD5\xAA\xD5\xAA\xC5\x8A" +
	"\xB5\x2A\x9C\xCB\x7C\x4C\x5B\x8B\x32\x8A\x09\x68\x00\xC5\x00\x41\x00\x20\x08\x41\x10\x82\x21\x24\x4A\x49\x42\x28\x39\xC7\x08\x41" +
	"\x00\x00\x00\x00\x00\x00\x21\x24\x4A\x69\x39\xC7\x10\xA2\x08\x41\x00\x20\x00\x83\x11\x87\x63\x67\xAC\xC3\xDD\x80\xB5\x84\x95\x48" +
	"\x9D\x27\xD5\xC3\xFE\x40\xFE\x20\xFE\x20\xFE\x20\xFE\x20\xFE\x20\xFE\x20\xFE\x20\xFE\x20\xFE\x20\xFE\x20\xFE\x20\xFE\x20\xFE\x20" +
	"\xFE\x20\xFE\x20\xFE\x40\xFE\xE0\xFF\x00\xD6\x62\x00\xE6\x31\xA6\x00\x20\x00\x00\x00\x00\x00\x00\x00\x00\x00\x00\x00\x00\x00\x00" +
	"\x00\x00\x00\x00\x00\x00\x00\x00\x00\x00\x00\x00\x00\x00\x00\x00\x00\x00\x00\x00\x00\x00\x00\x00\x00\x00\x00\x00\x00\x00\x00\x00" +
	"\x00\x00\x00\x00\x00\x20\x29\x65\x4A\x49\x29\x45\x08\x61\x08\x41\x00\x20\x00\x41\x00\x83\x00\xC5\x01\x07\x09\x68\x11\xA9\x19\xE9" +
	"\x19\xC8\x11\xA8\x09\x48\x01\x07\x00\xC6\x00\x83\x00\x41\x00\x20\x00\x20\x08\x41\x08\x41\x10\xA2\x29\x65\x4A\x69\x42\x08\x29\x65" +
	"\x08\x61\x00\x00\x00\x00\x00\x00\x00\x00\x00\x00\x00\x00\x00\x00\x00\x00\x10\x82\x29\x65\x42\x08\x21\x24\x10\x82\x08\x41\x00\x20" +
	"\x00\xA4\x21\xE7\x7C\x87\xCE\x43\xFF\x20\xC6\x24\x9D\x67\x9D\x27\xBD\x65\xF6\x20\xFE\x20\xFE\x20\xFE\x20\xFE\x20\xFE\x20\xFE\x20" +
	"\xFE\x20\xFE\x20\xFE\x20\xFE\x20\xFE\x20\xFE\x20\xFE\x60\xFE\xE0\xFF\x00\x8C\xE6\x00\x62\x42\x28\x00\x20\x00\x00\x00\x00\x00\x00" +
	"\x00\x00\x00\x00\x00\x00\x00\x00\x00\x00\x00\x00\x00\x00\x00\x00\x00\x00\x00\x00\x00\x00\x00\x00\x00\x00\x00\x00\x00\x00\x00\x00" +
	"\x00\x00\x00\x00\x00\x00\x00\x00\x00\x00\x00\x00\x00\x00\x00\x00\x00\x00\x29\x65\x4A\x49\x4A\x49\x29\x65\x10\xA2\x10\x82\x08\x61" +
	"\x08\x41\x08\x41\x08\x41\x08\x41\x08\x41\x08\x41\x08\x41\x08\x41\x08\x61\x10\x82\x10\xA2\x18\xC3\x39\xC7\x39\xC7\x42\x08\x29\x45" +
	"\x18\xE3\x00\x00\x00\x00\x00\x00\x00\x00\x00\x00\x00\x00\x00\x00\x00\x00\x00\x00\x00\x00\x00\x00\x00\x00\x00\x00\x00\x00\x00\x00" +
	"\x29\x65\x52\x8A\x39\xE7\x18\xE3\x08\x61\x00\x20\x00\x21\x00\xA5\x22\x27\x74\x47\xC6\x23\xFF\x00\xDE\x22\xA5\x47\x9D\x07\x9C\xE8" +
	"\xBD\x65\xF6\x01\xFE\x20\xFE\x20\xFE\x20\xFE\x20\xFE\x20\xFE\x20\xFE\x20\xFE\x20\xFE\x80\xFF\x00\xEE\xC1\x19\xE8\x08\x61\x42\x08" +
	"\x00\x00\x00\x00\x00\x00\x00\x00\x00\x00\x00\x00\x00\x00\x00\x00\x00\x00\x00\x00\x00\x00\x00\x00\x00\x00\x00\x00\x00\x00\x00\x00" +
	"\x00\x00\x00\x00\x00\x00\x00\x00\x00\x00\x00\x00\x00\x00\x00\x00\x00\x00\x00\x00\x00\x00\x00\x00\x00\x00\x00\x00\x00\x00\x00\x00" +
	"\x10\xA2\x29\x65\x31\xA6\x31\x86\x39\xC7\x42\x08\x39\xC7\x42\x28\x42\x08\x39\xE7\x39\xC7\x39\xE7\x31\xA6\x31\x86\x29\x65\x18\xE3" +
	"\x00\x20\x00\x00\x00\x00\x00\x00\x00\x00\x00\x00\x00\x00\x00\x00\x00\x00\x00\x00\x00\x00\x00\x00\x00\x00\x00\x00\x00\x00\x00\x00" +
	"\x00\x00\x00\x00\x00\x00\x00\x00\x00\x00\x00\x00\x08\x41\x29\x65\x42\x08\x42\x28\x10\xA2\x08\x61\x08\x41\x00\x21\x00\xA4\x19\xC7" +
	"\x5B\xA7\xAD\x45\xEE\x81\xFE\xA0\xDE\x02\xAD\x46\x9D\x07\xA5\x26\xA5\x07\x9D\x07\xA5\x07\xA5\x27\xB5\x46\xDD\xE2\xFE\xE0\xEE\xA1" +
	"\x3A\xE9\x00\x41\x21\x24\x31\x86\x00\x00\x00\x00\x00\x00\x00\x00\x00\x00\x00\x00\x00\x00\x00\x00\x00\x00\x00\x00\x00\x00\x00\x00" +
	"\x00\x00\x00\x00\x00\x00\x00\x00\x00\x00\x00\x00\x00\x00\x00\x00\x00\x00\x00\x00\x00\x00\x00\x00\x00\x00\x00\x00\x00\x00\x00\x00" +
	"\x00\x00\x00\x00\x00\x00\x00\x00\x00\x00\x00\x00\x00\x00\x00\x00\x00\x00\x00\x00\x00\x00\x00\x00\x00\x00\x00\x00\x00\x00\x00\x00" +
	"\x00\x00\x00\x00\x00\x00\x00\x00\x00\x00\x00\x00\x00\x00\x00\x00\x00\x00\x00\x00\x00\x00\x00\x00\x00\x00\x00\x00\x00\x00\x00\x00" +
	"\x00\x00\x00\x00\x00\x00\x00\x00\x00\x00\x00\x00\x00\x00\x00\x00\x00\x00\x00\x00\x00\x00\x00\x00\x00\x00\x08\x61\x29\x65\x42\x08" +
	"\x42\x08\x18\xC3\x08\x61\x08\x41\x00\x20\x00\x62\x01\x07\x32\x88\x74\x28\xAD\x65\xE6\x41\xFE\x80\xFE\x60\xFE\x40\xF6\x40\xF6\x40" +
	"\xFE\xA0\xF6\xC0\x9D\x26\x19\xC8\x00\x41\x10\xA2\x42\x28\x00\x00\x00\x00\x00\x00\x00\x00\x00\x00\x00\x00\x00\x00\x00\x00\x00\x00" +
	"\x00\x00\x00\x00\x00\x00\x00\x00\x00\x00\x00\x00\x00\x00\x00\x00\x00\x00\x00\x00\x00\x00\x00\x00\x00\x00\x00\x00\x00\x00\x00\x00" +
	"\x00\x00\x00\x00\x00\x00\x00\x00\x00\x00\x00\x00\x00\x00\x00\x00\x00\x00\x00\x00\x00\x00\x00\x00\x00\x00\x00\x00\x00\x00\x00\x00" +
	"\x00\x00\x00\x00\x00\x00\x00\x00\x00\x00\x00\x00\x00\x00\x00\x00\x00\x00\x00\x00\x00\x00\x00\x00\x00\x00\x00\x00\x00\x00\x00\x00" +
	"\x00\x00\x00\x00\x00\x00\x00\x00\x00\x00\x00\x00\x00\x00\x00\x00\x00\x00\x00\x00\x00\x00\x00\x00\x00\x00\x00\x00\x00\x00\x00\x00" +
	"\x00\x00\x00\x00\x00\x00\x00\x00\x08\x61\x31\xA6\x39\xC7\x42\x28\x21\x24\x10\x82\x08\x41\x00\x20\x00\x20\x00\x83\x00\xE7\x21\xE7" +
	"\x4B\x07\x6B\xE7\x7C\x47\x63\xC8\x42\xE8\x09\x67\x00\x83\x08\x41\x18\xC3\x52\xAA\x08\x41\x00\x00\x00\x00\x00\x00\x00\x00\x00\x00" +
	"\x00\x00\x00\x00\x00\x00\x00\x00\x00\x00\x00\x00\x00\x00\x00\x00\x00\x00\x00\x00\x00\x00\x00\x00\x00\x00\x00\x00\x00\x00\x00\x00" +
	"\x00\x00\x00\x00\x00\x00\x00\x00\x00\x00\x00\x00\x00\x00\x00\x00\x00\x00\x00\x00\x00\x00\x00\x00\x00\x00\x00\x00\x00\x00\x00\x00" +
	"\x00\x00\x00\x00\x00\x00\x00\x00\x00\x00\x00\x00\x00\x00\x00\x00\x00\x00\x00\x00\x00\x00\x00\x00\x00\x00\x00\x00\x00\x00\x00\x00" +
	"\x00\x00\x00\x00\x00\x00\x00\x00\x00\x00\x00\x00\x00\x00\x00\x00\x00\x00\x00\x00\x00\x00\x00\x00\x00\x00\x00\x00\x00\x00\x00\x00" +
	"\x00\x00\x00\x00\x00\x00\x00\x00\x00\x00\x00\x00\x00\x00\x00\x00\x00\x00\x00\x00\x00\x00\x00\x20\x21\x24\x39\xC7\x42\x08\x39\xE7" +
	"\x18\xE3\x08\x61\x08\x41\x08\x41\x00\x20\x00\x20\x00\x20\x00\x20\x00\x20\x08\x41\x10\x82\x31\x86\x52\x8A\x08\x61\x00\x00\x00\x00" +
	"\x00\x00\x00\x00\x00\x00\x00\x00\x00\x00\x00\x00\x00\x00\x00\x00\x00\x00\x00\x00\x00\x00\x00\x00\x00\x00\x00\x00\x00\x00\x00\x00" +
	"\x00\x00\x00\x00\x00\x00\x00\x00\x00\x00\x00\x00\x00\x00\x00\x00\x00\x00\x00\x00\x00\x00\x00\x00\x00\x00\x00\x00\x00\x00\x00\x00" +
	"\x00\x00\x00\x00\x00\x00\x00\x00\x00\x00\x00\x00\x00\x00\x00\x00\x00\x00\x00\x00\x00\x00\x00\x00\x00\x00\x00\x00\x00\x00\x00\x00" +
	"\x00\x00\x00\x00\x00\x00\x00\x00\x00\x00\x00\x00\x00\x00\x00\x00\x00\x00\x00\x00\x00\x00\x00\x00\x00\x00\x00\x00\x00\x00\x00\x00" +
	"\x00\x00\x00\x00\x00\x00\x00\x00\x00\x00\x00\x00\x00\x00\x00\x00\x00\x00\x00\x00\x00\x00\x00\x00\x00\x00\x00\x00\x00\x00\x00\x00" +
	"\x00\x00\x00\x00\x00\x00\x10\x82\x29\x45\x39\xE7\x39\xE7\x31\xA6\x39\xC7\x18\xE3\x21\x04\x21\x24\x31\xA6\x42\x08\x39\xE7\x29\x45" +
	"\x00\x00\x00\x00\x00\x00\x00\x00\x00\x00\x00\x00\x00\x00\x00\x00\x00\x00\x00\x00\x00\x00\x00\x00\x00\x00\x00\x00\x00\x00\x00\x00" +
	"\x00\x00\x00\x00\x00\x00\x00\x00\x00\x00\x00\x00\x00\x00\x00\x00\x00\x00\x00\x00\x00\x00\x00\x00\x00\x00\x00\x00\x00\x00\x00\x00" +
	"\x00\x00\x00\x00\x00\x00\x00\x00\x00\x00\x00\x00\x00\x00\x00\x00\x00\x00\x00\x00\x00\x00\x00\x00\x00\x00\x00\x00\x00\x00\x00\x00" +
	"\x00\x00\x00\x00\x00\x00\x00\x00\x00\x00\x00\x00\x00\x00\x00\x00\x00\x00\x00\x00\x00\x00\x00\x00\x00\x00\x00\x00\x00\x00\x00\x00" +
	"\x00\x00\x00\x00\x00\x00\x00\x00\x00\x00\x00\x00\x00\x00\x00\x00\x00\x00\x00\x00\x00\x00\x00\x00\x00\x00\x00\x00\x00\x00\x00\x00" +
	"\x00\x00\x00\x00\x00\x00\x00\x00\x00\x00\x00\x00\x00\x00\x00\x00\x00\x00\x00\x00\x00\x00\x00\x00\x08\x41\x18\xE3\x18\xE3\x21\x04" +
	"\x10\x82\x00\x00\x00\x00\x00\x00\x00\x00\x00\x00\x00\x00\x00\x00\x00\x00\x00\x00\x00\x00\x00\x00\x00\x00\x00\x00\x00\x00\x00\x00" +
	"\x00\x00\x00\x00\x00\x00\x00\x00\x00\x00\x00\x00\x00\x00\x00\x00\x00\x00\x00\x00\x00\x00\x00\x00\x00\x00\x00\x00\x00\x00\x00\x00" +
	"\x00\x00\x00\x00\x00\x00\x00\x00\x00\x00\x00\x00\x00\x00\x00\x00\x00\x00\x00\x00\x00\x00\x00\x00\x00\x00\x00\x00\x00\x00\x00\x00" +
	"\x00\x00\x00\x00\x00\x00\x00\x00\x00\x00\x00\x00\x00\x00\x00\x00\x00\x00\x00\x00\x00\x00\x00\x00\x00\x00\x00\x00\x00\x00\x00\x00" +
	"\x00\x00\x00\x00\x00\x00\x00\x00\x00\x00\x00\x00\x00\x00\x00\x00\x00\x00\x00\x00\x00\x00\x00\x00\x00\x00\x00\x00\x00\x00\x00\x00" +
	"\x00\x00\x00\x00\x00\x00\x00\x00\x00\x00\x00\x00\x00\x00\x00\x00\x00\x00\x00\x00\x00\x00\x00\x00\x00\x00\x00\x00\x00\x00\x00\x00" +
	"\x00\x00\x00\x00\x00\x00\x00\x00\x00\x00\x00\x00\x00\x00\x00\x00\x00\x00\x00\x00\x00\x00\x00\x00\x00\x00\x00\x00\x00\x00\x00\x00" +
	"\x00\x00\x00\x00\x00\x00\x00\x00\x00\x00\x00\x00\x00\x00\x00\x00\x00\x00\x00\x00\x00\x00\x00\x00\x00\x00\x00\x00\x00\x00\x00\x00" +
	"\x00\x00\x00\x00\x00\x00\x00\x00\x00\x00\x00\x00\x00\x00\x00\x00\x00\x00\x00\x00\x00\x00\x00\x00\x00\x00\x00\x00\x00\x00\x00\x00" +
	"\x00\x00\x00\x00\x00\x00\x00\x00\x00\x00\x00\x00\x00\x00\x00\x00\x00\x00\x00\x00\x00\x00\x00\x00\x00\x00\x00\x00\x00\x00\x00\x00" +
	"\x00\x00\x00\x00\x00\x00\x00\x00\x00\x00\x00\x00\x00\x00\x00\x00\x00\x00\x00\x00\x00\x00\x00\x00\x00\x00\x00\x00\x00\x00\x00\x00" +
	"\x00\x00\x00\x00\x00\x00\x00\x00\x00\x00\x00\x00\x00\x00\x00\x00\x00\x00\x00\x00\x00\x00\x00\x00\x00\x00\x00\x00\x00\x00\x00\x00" +
	"\x00\x00\x00\x00\x00\x00\x00\x00\x00\x00\x00\x00\x00\x00\x00\x00\x00\x00\x00\x00\x00\x00\x00\x00\x00\x00\x00\x00\x00\x00\x00\x00" +
	"\x00\x00\x00\x00\x00\x00\x00\x00\x00\x00\x00\x00\x00\x00\x00\x00\x00\x00\x00\x00\x00\x00\x00\x00\x00\x00\x00\x00\x00\x00\x00\x00" +
	"\x00\x00\x00\x00\x00\x00\x00\x00\x00\x00\x00\x00\x00\x00\x00\x00\x00\x00\x00\x00\x00\x00\x00\x00\x00\x00\x00\x00\x00\x00\x00\x00" +
	"\x00\x00\x00\x00\x00\x00\x00\x00\x00\x00\x00\x00\x00\x00\x00\x00\x00\x00\x00\x00\x00\x00\x00\x00\x00\x00\x00\x00\x00\x00\x00\x00" +
	"\x00\x00\x00\x00\x00\x00\x00\x00\x00\x00\x00\x00\x00\x00\x00\x00\x00\x00\x00\x00\x00\x00\x00\x00\x00\x00\x00\x00\x00\x00\x00\x00" +
	"\x00\x00\x00\x00\x00\x00\x00\x00\x00\x00\x00\x00\x00\x00\x00\x00\x00\x00\x00\x00\x00\x00\x00\x00\x00\x00\x00\x00\x00\x00\x00\x00" +
	"\x00\x00\x00\x00\x00\x00\x00\x00\x00\x00\x00\x00\x00\x00\x00\x00\x00\x00\x00\x00\x00\x00\x00\x00\x00\x00\x00\x00\x00\x00\x00\x00" +
	"\x00\x00\x00\x00\x00\x00\x00\x00\x00\x00\x00\x00\x00\x00\x00\x00\x00\x00\x00\x00\x00\x00\x00\x00\x00\x00\x00\x00\x00\x00\x00\x00" +
	"\x00\x00\x00\x00\x00\x00\x00\x00\x00\x00\x00\x00\x00\x00\x00\x00\x00\x00\x00\x00\x00\x00\x00\x00\x00\x00\x00\x00\x00\x00\x00\x00" +
	"\x00\x00\x00\x00\x00\x00\x00\x00\x00\x00\x00\x00\x00\x00\x00\x00\x00\x00\x00\x00\x00\x00\x00\x00\x00\x00\x00\x00\x00\x00\x00\x00" +
	"\x00\x00\x00\x00\x00\x00\x00\x00\x00\x00\x00\x00\x00\x00\x00\x00\x00\x00\x00\x00\x00\x00\x00\x00\x00\x00\x00\x00\x00\x00\x00\x00" +
	"\x00\x00\x00\x00\x00\x00\x00\x00\x00\x00\x00\x00\x00\x00\x00\x00\x00\x00\x00\x00\x00\x00\x00\x00\x00\x00\x00\x00\x00\x00\x00\x00" +
	"\x00\x00\x00\x00\x00\x00\x00\x00\x00\x00\x00\x00\x00\x00\x00\x00\x00\x00\x00\x00\x00\x00\x00\x00\x00\x00\x00\x00\x00\x00\x00\x00" +
	"\x00\x00\x00\x00\x00\x00\x00\x00\x00\x00\x00\x00\x00\x00\x00\x00\x00\x00\x00\x00\x00\x00\x00\x00\x00\x00\x00\x00\x00\x00\x00\x00" +
	"\x00\x00\x00\x00\x00\x00\x00\x00\x00\x00\x00\x00\x00\x00\x00\x00\x00\x00\x00\x00\x00\x00\x00\x00\x00\x00\x00\x00\x00\x00\x00\x00" +
	"\x00\x00\x00\x00\x00\x00\x00\x00\x00\x00\x00\x00\x00\x00\x00\x00\x00\x00\x00\x00\x00\x00\x00\x00\x00\x00\x00\x00\x00\x00\x00\x00" +
	"\x00\x00\x00\x00\x00\x00\x00\x00\x00\x00\x00\x00\x00\x00\x00\x00\x00\x00\x00\x00\x00\x00\x00\x00\x00\x00\x00\x00\x00\x00\x00\x00" +
	"\x00\x00\x00\x00\x00\x00\x00\x00\x00\x00\x00\x00\x00\x00\x00\x00\x00\x00\x00\x00\x00\x00\x00\x00\x00\x00\x00\x00\x00\x00\x00\x00" +
	"\x00\x00\x00\x00\x00\x00\x00\x00\x00\x00\x00\x00\x00\x00\x00\x00\x00\x00\x00\x00\x00\x00\x00\x00\x00\x00\x00\x00\x00\x00\x00\x00" +
	"\x00\x00\x00\x00\x00\x00\x00\x00\x00\x00\x00\x00\x00\x00\x00\x00\x00\x00\x00\x00\x00\x00\x00\x00\x00\x00\x00\x00\x00\x00\x00\x00" +
	"\x00\x00\x00\x00\x00\x00\x00\x00\x00\x00\x00\x00\x00\x00\x00\x00\x00\x00\x00\x00\x00\x00\x00\x00\x00\x00\x00\x00\x00\x00\x00\x00" +
	"\x00\x00\x00\x00\x00\x00\x00\x00\x00\x00\x00\x00\x00\x00\x00\x00\x00\x00\x00\x00\x00\x00\x00\x00\x00\x00\x00\x00\x00\x00\x00\x00" +
	"\x00\x00\x00\x00\x00\x00\x00\x00\x00\x00\x00\x00\x00\x00\x00\x00\x00\x00\x00\x00\x00\x00\x00\x00\x00\x00\x00\x00\x00\x00\x00\x00" +
	"\x00\x00\x00\x00\x00\x00\x00\x00\x00\x00\x00\x00\x00\x00\x00\x00\x00\x00\x00\x00\x00\x00\x00\x00\x00\x00\x00\x00\x00\x00\x00\x00" +
	"\x00\x00\x00\x00\x00\x00\x00\x00\x00\x00\x00\x00\x00\x00\x00\x00\x00\x00\x00\x00\x00\x00\x00\x00\x00\x00\x00\x00\x00\x00\x00\x00" +
	"\x00\x00\x00\x00\x00\x00\x00\x00\x00\x00\x00\x00\x00\x00\x00\x00\x00\x00\x00\x00\x00\x00\x00\x00\x00\x00\x00\x00\x00\x00\x00\x00" +
	"\x00\x00\x00\x00\x00\x00\x00\x00\x00\x00\x00\x00\x00\x00\x00\x00\x00\x00\x00\x00\x00\x00\x00\x00\x00\x00\x00\x00\x00\x00\x00\x00" +
	"\x00\x00\x00\x00\x00\x00\x00\x00\x00\x00\x00\x00\x00\x00\x00\x00\x00\x00\x00\x00\x00\x00\x00\x00\x00\x00\x00\x00\x00\x00\x00\x00" +
	"\x00\x00\x00\x00\x00\x00\x00\x00\x00\x00\x00\x00\x00\x00\x00\x00\x00\x00\x00\x00\x00\x00\x00\x00\x00\x00\x00\x00\x00\x00\x00\x00" +
	"\x00\x00\x00\x00\x00\x00\x00\x00\x00\x00\x00\x00\x00\x00\x00\x00\x00\x00\x00\x00\x00\x00\x00\x00\x00\x00\x00\x00\x00\x00\x00\x00" +
	"\x00\x00\x00\x00\x00\x00\x00\x00\x00\x00\x00\x00\x00\x00\x00\x00\x00\x00\x00\x00\x00\x00\x00\x00\x00\x00\x00\x00\x00\x00\x00\x00" +
	"\x00\x00\x00\x00\x00\x00\x00\x00\x00\x00\x00\x00\x00\x00\x00\x00\x00\x00\x00\x00\x00\x00\x00\x00\x00\x00\x00\x00\x00\x00\x00\x00" +
	"\x00\x00\x00\x00\x00\x00\x00\x00\x00\x00\x00\x00\x00\x00\x00\x00\x00\x00\x00\x00\x00\x00\x00\x00\x00\x00\x00\x00\x00\x00\x00\x00" +
	"\x00\x00\x00\x00\x00\x00\x00\x00\x00\x00\x00\x00\x00\x00\x00\x00\x00\x00\x00\x00\x00\x00\x00\x00\x00\x00\x00\x00\x00\x00\x00\x00" +
	"\x00\x00\x00\x00\x00\x00\x00\x00\x00\x00\x00\x00\x00\x00\x00\x00\x00\x00\x00\x00\x00\x00\x00\x00\x00\x00\x00\x00\x00\x00\x00\x00" +
	"\x00\x00\x00\x00\x00\x00\x00\x00\x00\x00\x00\x00\x00\x00\x00\x00\x00\x00\x00\x00\x00\x00\x00\x00\x00\x00\x00\x00\x00\x00\x00\x00" +
	"\x00\x00\x00\x00\x00\x00\x00\x00\x00\x00\x00\x00\x00\x00\x00\x00\x00\x00\x00\x00\x00\x00\x00\x00\x00\x00\x00\x00\x00\x00\x00\x00" +
	"\x00\x00\x00\x00\x00\x00\x00\x00\x00\x00\x00\x00\x00\x00\x00\x00\x00\x00\x00\x00\x00\x00\x00\x00\x00\x00\x00\x00\x00\x00\x00\x00" +
	"\x00\x00\x00\x00\x00\x00\x00\x00\x00\x00\x00\x00\x00\x00\x00\x00\x00\x00\x00\x00\x00\x00\x00\x00\x00\x00\x00\x00\x00\x00\x00\x00" +
	"\x00\x00\x00\x00\x00\x00\x00\x00\x00\x00\x00\x00\x00\x00\x00\x00\x00\x00\x00\x00\x00\x00\x00\x00\x00\x00\x00\x00\x00\x00\x00\x00" +
	"\x00\x00\x00\x00\x00\x00\x00\x00\x00\x00\x00\x00\x00\x00\x00\x00\x00\x00\x00\x00\x00\x00\x00\x00\x00\x00\x00\x00\x00\x00\x00\x00" +
	"\x00\x00\x00\x00\x00\x00\x00\x00\x00\x00\x00\x00\x00\x00\x00\x00\x00\x00\x00\x00\x00\x00\x00\x00\x00\x00\x00\x00\x00\x00\x00\x00" +
	"\x00\x00\x00\x00\x00\x00\x00\x00\x00\x00\x00\x00\x00\x00\x00\x00\x00\x00\x00\x00\x00\x00\x00\x00\x00\x00\x00\x00\x00\x00\x00\x00" +
	"\x00\x00\x00\x00\x00\x00\x00\x00\x00\x00\x00\x00\x00\x00\x00\x00\x00\x00\x00\x00\x00\x00\x00\x00\x00\x00\x00\x00\x00\x00\x00\x00" +
	"\x00\x00\x00\x00\x00\x00\x00\x00\x00\x00\x00\x00\x00\x00\x00\x00\x00\x00\x00\x00\x00\x00\x00\x00\x00\x00\x00\x00\x00\x00\x00\x00" +
	"\x00\x00\x00\x00\x00\x00\x00\x00\x00\x00\x00\x00\x00\x00\x00\x00\x00\x00\x00\x00\x00\x00\x00\x00\x00\x00\x00\x00\x00\x00\x00\x00" +
	"\x00\x00\x00\x00\x00\x00\x00\x00\x00\x00\x00\x00\x00\x00\x00\x00\x00\x00\x00\x00\x00\x00\x00\x00\x00\x00\x00\x00\x00\x00\x00\x00" +
	"\x00\x00\x00\x00\x00\x00\x00\x00\x00\x00\x00\x00\x00\x00\x00\x00\x00\x00\x00\x00\x00\x00\x00\x00\x00\x00\x00\x00\x00\x00\x00\x00" +
	"\x00\x00\x00\x00\x00\x00\x00\x00\x00\x00\x00\x00\x00\x00\x00\x00\x00\x00\x00\x00\x00\x00\x00\x00\x00\x00\x00\x00\x00\x00\x00\x00" +
	"\x00\x00\x00\x00\x00\x00\x00\x00\x00\x00\x00\x00\x00\x00\x00\x00\x00\x00\x00\x00\x00\x00\x00\x00\x00\x00\x00\x00\x00\x00\x00\x00" +
	"\x00\x00\x00\x00\x00\x00\x00\x00\x00\x00\x00\x00\x00\x00\x00\x00\x00\x00\x00\x00\x00\x00\x00\x00\x00\x00\x00\x00\x00\x00\x00\x00" +
	"\x00\x00\x00\x00\x00\x00\x00\x00\x00\x00\x00\x00\x00\x00\x00\x00\x00\x00\x00\x00\x00\x00\x00\x00\x00\x00\x00\x00\x00\x00\x00\x00" +
	"\x00\x00\x00\x00\x00\x00\x00\x00\x00\x00\x00\x00\x00\x00\x00\x00\x00\x00\x00\x00\x00\x00\x00\x00\x00\x00\x00\x00\x00\x00\x00\x00" +
	"\x00\x00\x00\x00\x00\x00\x00\x00\x00\x00\x00\x00\x00\x00\x00\x00\x00\x00\x00\x00\x00\x00\x00\x00\x00\x00\x00\x00\x00\x00\x00\x00" +
	"\x00\x00\x00\x00\x00\x00\x00\x00\x00\x00\x00\x00\x00\x00\x00\x00\x00\x00\x00\x00\x00\x00\x00\x00\x00\x00\x00\x00\x00\x00\x00\x00" +
	"\x00\x00\x00\x00\x00\x00\x00\x00\x00\x00\x00\x00\x00\x00\x00\x00\x00\x00\x00\x00\x00\x00\x00\x00\x00\x00\x00\x00\x00\x00\x00\x00" +
	"\x00\x00\x00\x00\x00\x00\x00\x00\x00\x00\x00\x00\x00\x00\x00\x00\x00\x00\x00\x00\x00\x00\x00\x00\x00\x00\x00\x00\x00\x00\x00\x00" +
	"\x00\x00\x00\x00\x00\x00\x00\x00\x00\x00\x00\x00\x00\x00\x00\x00\x00\x00\x00\x00\x00\x00\x00\x00\x00\x00\x00\x00\x00\x00\x00\x00" +
	"\x00\x00\x00\x00\x00\x00\x00\x00\x00\x00\x00\x00\x00\x00\x00\x00\x00\x00\x00\x00\x00\x00\x00\x00\x00\x00\x00\x00\x00\x00\x00\x00" +
	"\x00\x00\x00\x00\x00\x00\x00\x00\x00\x00\x00\x00\x00\x00\x00\x00\x00\x00\x00\x00\x00\x00\x00\x00\x00\x00\x00\x00\x00\x00\x00\x00" +
	"\x00\x00\x00\x00\x00\x00\x00\x00\x00\x00\x00\x00\x00\x00\x00\x00\x00\x00\x00\x00\x00\x00\x00\x00\x00\x00\x00\x00\x00\x00\x00\x00" +
	"\x00\x00\x00\x00\x00\x00\x00\x00\x00\x00\x00\x00\x00\x00\x00\x00\x00\x00\x00\x00\x00\x00\x00\x00\x00\x00\x00\x00\x00\x00\x00\x00" +
	"\x00\x00\x00\x00\x00\x00\x00\x00\x00\x00\x00\x00\x00\x00\x00\x00\x00\x00\x00\x00\x00\x00\x00\x00\x00\x00\x00\x00\x00\x00\x00\x00" +
	"\x00\x00\x00\x00\x00\x00\x00\x00\x00\x00\x00\x00\x00\x00\x00\x00\x00\x00\x00\x00\x00\x00\x00\x00\x00\x00\x00\x00\x00\x00\x00\x00" +
	"\x00\x00\x00\x00\x00\x00\x00\x00\x00\x00\x00\x00\x00\x00\x00\x00\x00\x00\x00\x00\x00\x00\x00\x00\x00\x00\x00\x00\x00\x00\x00\x00" +
	"\x00\x00\x00\x00\x00\x00\x00\x00\x00\x00\x00\x00\x00\x00\x00\x00\x00\x00\x00\x00\x00\x00\x00\x00\x00\x00\x00\x00\x00\x00\x00\x00" +
	"\x00\x00\x00\x00\x00\x00\x00\x00\x00\x00\x00\x00\x00\x00\x00\x00\x00\x00\x00\x00\x00\x00\x00\x00\x00\x00\x00\x00\x00\x00\x00\x00" +
	"\x00\x00\x00\x00\x00\x00\x00\x00\x00\x00\x00\x00\x00\x00\x00\x00\x00\x00\x00\x00\x00\x00\x00\x00\x00\x00\x00\x00\x00\x00\x00\x00" +
	"\x00\x00\x00\x00\x00\x00\x00\x00\x00\x00\x00\x00\x00\x00\x00\x00\x00\x00\x00\x00\x00\x00\x00\x00\x00\x00\x00\x00\x00\x00\x00\x00" +
	"\x00\x00\x00\x00\x00\x00\x00\x00\x00\x00\x00\x00\x00\x00\x00\x00\x00\x00\x00\x00\x00\x00\x00\x00\x00\x00\x00\x00\x00\x00\x00\x00" +
	"\x00\x00\x00\x00\x00\x00\x00\x00\x00\x00\x00\x00\x00\x00\x00\x00\x00\x00\x00\x00\x00\x00\x00\x00\x00\x00\x00\x00\x00\x00\x00\x00" +
	"\x00\x00\x00\x00\x00\x00\x00\x00\x00\x00\x00\x00\x00\x00\x00\x00\x00\x00\x00\x00\x00\x00\x00\x00\x00\x00\x00\x00\x00\x00\x00\x00" +
	"\x00\x00\x00\x00\x00\x00\x00\x00\x00\x00\x00\x00\x00\x00\x00\x00\x00\x00\x00\x00\x00\x00\x00\x00\x00\x00\x00\x00\x00\x00\x00\x00" +
	"\x00\x00\x00\x00\x00\x00\x00\x00\x00\x00\x00\x00\x00\x00\x00\x00\x00\x00\x00\x00\x00\x00\x00\x00\x00\x00\x00\x00\x00\x00\x00\x00" +
	"\x00\x00\x00\x00\x00\x00\x00\x00\x00\x00\x00\x00\x00\x00\x00\x00\x00\x00\x00\x00\x00\x00\x00\x00\x00\x00\x00\x00\x00\x00\x00\x00" +
	"\x00\x00\x00\x00\x00\x00\x00\x00\x00\x00\x00\x00\x00\x00\x00\x00\x00\x00\x00\x00\x00\x00\x00\x00\x00\x00\x00\x00\x00\x00\x00\x00" +
	"\x00\x00\x00\x00\x00\x00\x00\x00\x00\x00\x00\x00\x00\x00\x00\x00\x00\x00\x00\x00\x00\x00\x00\x00\x00\x00\x00\x00\x00\x00\x00\x00" +
	"\x00\x00\x00\x00\x00\x00\x00\x00\x00\x00\x00\x00\x00\x00\x00\x00\x00\x00\x00\x00\x00\x00\x00\x00\x00\x00\x00\x00\x00\x00\x00\x00" +
	"\x00\x00\x00\x00\x00\x00\x00\x00\x00\x00\x00\x00\x00\x00\x00\x00\x00\x00\x00\x00\x00\x00\x00\x00\x00\x00\x00\x00\x00\x00\x00\x00" +
	"\x00\x00\x00\x00\x00\x00\x00\x00\x00\x00\x00\x00\x00\x00\x00\x00\x00\x00\x00\x00\x00\x00\x00\x00\x00\x00\x00\x00\x00\x00\x00\x00" +
	"\x00\x00\x00\x00\x00\x00\x00\x00\x00\x00\x00\x00\x00\x00\x00\x00\x00\x00\x00\x00\x00\x00\x00\x00\x00\x00\x00\x00\x00\x00\x00\x00" +
	"\x00\x00\x00\x00\x00\x00\x00\x00\x00\x00\x00\x00\x00\x00\x00\x00\x00\x00\x00\x00\x00\x00\x00\x00\x00\x00\x00\x00\x00\x00\x00\x00" +
	"\x00\x00\x00\x00\x00\x00\x00\x00\x00\x00\x00\x00\x00\x00\x00\x00\x00\x00\x00\x00\x00\x00\x00\x00\x00\x00\x00\x00\x00\x00\x00\x00" +
	"\x00\x00\x00\x00\x00\x00\x00\x00\x00\x00\x00\x00\x00\x00\x00\x00\x00\x00\x00\x00\x00\x00\x00\x00\x00\x00\x00\x00\x00\x00\x00\x00" +
	"\x00\x00\x00\x00\x00\x00\x00\x00\x00\x00\x00\x00\x00\x00\x00\x00\x00\x00\x00\x00\x00\x00\x00\x00\x00\x00\x00\x00\x00\x00\x00\x00" +
	"\x00\x00\x00\x00\x00\x00\x00\x00\x00\x00\x00\x00\x00\x00\x00\x00\x00\x00\x00\x00\x00\x00\x00\x00\x00\x00\x00\x00\x00\x00\x00\x00" +
	"\x00\x00\x00\x00\x00\x00\x00\x00\x00\x00\x00\x00\x00\x00\x00\x00\x00\x00\x00\x00\x00\x00\x00\x00\x00\x00\x00\x00\x00\x00\x00\x00" +
	"\x00\x00\x00\x00\x00\x00\x00\x00\x00\x00\x00\x00\x00\x00\x00\x00\x00\x00\x00\x00\x00\x00\x00\x00\x00\x00\x00\x00\x00\x00\x00\x00" +
	"\x00\x00\x00\x00\x00\x00\x00\x00\x00\x00\x00\x00\x00\x00\x00\x00\x00\x00\x00\x00\x00\x00\x00\x00\x00\x00\x00\x00\x00\x00\x00\x00" +
	"\x00\x00\x00\x00\x00\x00\x00\x00\x00\x00\x00\x00\x00\x00\x00\x00\x00\x00\x00\x00\x00\x00\x00\x00\x00\x00\x00\x00\x00\x00\x00\x00" +
	"\x00\x00\x00\x00\x00\x00\x00\x00\x00\x00\x00\x00\x00\x00\x00\x00\x00\x00\x00\x00\x00\x00\x00\x00\x00\x00\x00\x00\x00\x00\x00\x00" +
	"\x00\x00\x00\x00\x00\x00\x00\x00\x00\x00\x00\x00\x00\x00\x00\x00\x00\x00\x00\x00\x00\x00\x00\x00\x00\x00\x00\x00\x00\x00\x00\x00" +
	"\x00\x00\x00\x00\x00\x00\x00\x00\x00\x00\x00\x00\x00\x00\x00\x00\x00\x00\x00\x00\x00\x00\x00\x00\x00\x00\x00\x00\x00\x00\x00\x00" +
	"\x00\x00\x00\x00\x00\x00\x00\x00\x00\x00\x00\x00\x00\x00\x00\x00\x00\x00\x00\x00\x00\x00\x00\x00\x00\x00\x00\x00\x00\x00\x00\x00" +
	"\x00\x00\x00\x00\x00\x00\x00\x00\x00\x00\x00\x00\x00\x00\x00\x00\x00\x00\x00\x00\x00\x00\x00\x00\x00\x00\x00\x00\x00\x00\x00\x00"
